idActor,idPersonaje
387,66
120,88
747,14
430,47
417,36
393,59
153,2
808,88
956,17
221,47
151,99
356,19
593,4
71,54
518,114
369,72
237,5
601,20
806,114
712,53
136,78
648,17
112,43
122,106
660,109
132,112
83,15
309,15
604,49
185,83
889,111
913,27
420,112
44,63
178,55
721,21
174,14
761,95
662,74
912,96
862,5
752,91
597,53
280,12
764,51
907,47
789,108
438,25
977,113
626,74
258,15
283,35
610,45
847,42
432,19
630,41
90,5
687,79
275,113
878,35
503,43
286,44
50,3
292,101
26,46
825,39
822,33
669,8
706,59
196,61
714,6
744,23
500,90
421,77
609,20
810,16
161,39
246,100
980,102
343,36
907,72
762,6
944,77
85,1
932,5
771,55
924,9
229,39
467,82
275,29
714,113
729,51
765,75
421,41
445,29
154,58
70,55
71,109
934,41
782,112
796,81
300,64
188,61
457,69
836,42
535,49
936,87
389,41
935,82
528,103
335,85
523,8
473,25
424,24
827,28
58,66
852,56
24,20
220,1
206,32
581,11
389,65
141,45
110,66
513,84
375,10
899,86
449,18
484,28
610,73
970,27
765,70
83,63
850,15
919,78
562,62
519,54
371,91
881,72
438,65
423,10
12,56
216,7
249,95
936,38
732,108
22,22
466,61
162,37
560,30
371,36
818,32
787,43
199,107
269,44
504,41
308,83
494,77
164,39
332,101
557,86
403,4
375,68
252,47
852,9
394,100
300,79
416,105
435,13
492,63
288,103
841,44
633,31
292,68
599,66
318,86
431,51
192,20
417,66
61,27
994,20
184,30
594,2
789,113
643,64
48,7
190,50
362,106
694,52
669,18
299,38
198,54
716,49
3,40
952,63
489,38
72,19
326,76
14,15
344,28
621,9
736,101
44,18
604,11
104,90
294,40
936,114
225,6
930,86
951,101
834,18
174,46
801,67
894,1
850,109
250,114
525,60
897,34
749,60
537,82
427,75
291,93
208,46
837,27
211,111
545,86
918,36
635,38
372,32
715,92
42,108
111,20
424,90
689,27
53,47
37,52
737,34
737,54
92,110
809,65
785,17
390,49
916,40
613,14
579,15
884,75
787,36
444,91
660,78
189,8
573,39
556,85
239,72
256,98
574,48
97,69
478,17
324,69
341,112
627,21
984,43
376,45
385,36
658,110
169,12
456,85
343,46
853,91
893,106
18,63
460,63
652,72
521,49
531,89
269,17
734,90
845,84
680,17
947,7
861,92
123,56
425,83
32,55
949,30
147,99
480,75
419,52
849,8
764,55
530,87
281,53
890,96
718,100
717,109
142,36
506,1
634,89
285,82
546,22
788,53
629,60
112,79
339,20
483,95
921,90
640,59
480,52
473,96
986,44
795,29
662,56
302,54
769,110
612,101
622,38
923,110
609,66
650,7
104,53
286,34
992,97
242,44
990,28
750,18
220,43
151,84
403,83
822,87
12,28
792,87
980,37
782,13
929,87
927,91
380,19
610,29
675,26
407,54
149,45
65,63
866,58
994,10
444,71
712,49
375,102
617,73
967,60
760,1
680,70
266,77
896,40
549,111
145,47
838,27
622,36
396,15
819,23
300,11
876,21
177,86
141,72
949,21
607,96
161,77
168,50
49,2
145,52
537,1
813,106
909,111
179,56
154,99
311,82
969,22
622,7
432,103
624,76
215,27
674,91
200,85
235,1
398,90
346,17
360,10
58,14
383,75
231,6
706,103
10,31
234,38
942,51
172,34
91,46
391,76
4,62
866,113
717,52
237,98
889,47
151,74
726,46
913,114
69,42
124,14
468,2
418,69
331,39
530,55
214,13
180,36
35,47
107,109
885,44
891,63
218,15
98,57
890,113
463,42
148,77
5,16
665,87
175,98
883,62
128,68
220,64
680,83
334,58
862,70
523,34
724,2
128,104
716,11
177,43
897,73
109,99
133,42
762,86
537,19
347,37
94,4
931,65
989,15
396,2
903,90
377,82
450,88
322,71
498,4
684,100
506,71
639,46
985,56
972,51
899,16
244,18
535,105
371,28
622,83
282,25
19,85
543,100
167,110
332,65
555,28
379,20
420,107
613,72
615,61
257,2
209,42
576,52
492,80
339,93
939,98
726,31
266,98
390,72
110,49
518,90
348,36
284,31
611,81
283,113
808,43
52,92
909,24
279,64
130,2
765,21
451,18
667,114
576,34
851,63
595,25
413,112
357,100
103,97
103,99
151,70
247,2
278,98
426,92
968,7
796,66
3,101
157,63
186,113
265,91
299,58
934,101
624,8
168,42
396,72
169,35
362,12
49,40
689,62
104,67
555,13
131,24
827,11
316,40
794,107
410,31
838,39
687,87
679,88
106,72
500,31
332,9
505,55
400,48
409,22
47,75
105,90
895,37
303,77
871,8
202,62
636,9
175,88
989,15
844,39
303,100
244,4
485,108
464,83
68,105
997,17
945,9
142,88
332,51
955,8
685,76
553,11
286,77
908,83
498,111
692,66
649,46
112,24
904,80
717,51
619,81
32,87
127,22
401,106
238,41
119,8
488,54
363,59
570,94
412,17
281,3
695,63
129,68
831,32
269,101
247,33
21,13
667,33
703,43
183,21
333,73
246,93
637,89
337,72
566,38
281,2
514,68
421,39
311,77
261,90
752,51
539,40
64,62
206,91
64,58
871,6
410,41
245,68
415,96
214,93
500,9
638,62
781,1
865,57
446,90
44,26
80,72
201,58
497,98
415,25
150,83
840,8
378,108
509,90
93,92
935,17
17,83
532,84
667,67
911,42
484,114
294,98
824,90
403,29
843,82
511,55
300,52
18,59
4,108
557,103
541,59
829,75
323,22
201,103
444,110
201,83
331,67
856,32
326,5
136,74
736,40
31,83
703,26
761,30
883,100
995,4
133,106
941,49
781,52
462,95
774,110
359,31
663,114
944,114
692,102
955,107
501,41
981,27
10,109
503,7
29,3
881,58
353,12
322,11
362,105
395,81
646,105
523,94
317,73
41,39
688,26
346,58
608,4
227,82
414,35
135,90
804,29
700,45
500,75
484,79
762,98
117,4
261,108
791,53
287,7
918,71
423,99
987,110
639,9
212,5
555,89
58,21
612,68
148,112
389,100
810,36
780,30
624,4
180,75
446,3
264,33
725,41
804,83
94,14
868,29
429,17
299,8
275,93
908,9
750,99
982,70
33,44
388,69
239,8
452,9
78,43
493,51
119,103
589,43
725,45
56,76
499,54
384,33
665,68
603,74
599,5
969,47
998,94
448,44
452,40
885,52
415,88
322,16
673,6
152,102
365,40
693,93
543,10
581,56
65,18
434,106
22,66
301,83
374,28
246,41
209,39
233,58
826,80
383,54
11,88
928,41
793,92
718,92
177,66
620,101
346,37
954,58
139,23
659,38
985,29
560,28
686,68
710,27
872,43
298,95
483,77
424,14
975,82
896,106
702,10
446,63
779,114
95,63
435,18
172,8
501,79
34,31
585,74
612,97
794,101
287,79
673,79
356,39
594,21
772,6
106,22
857,56
671,16
63,95
323,31
383,37
621,53
372,13
370,6
653,92
956,98
794,39
346,101
421,94
8,61
193,42
924,1
608,60
616,16
209,27
100,96
42,94
451,33
853,88
359,88
909,70
518,4
968,51
462,99
562,105
379,10
934,18
924,44
299,75
511,56
448,56
118,106
522,9
831,88
373,106
86,25
909,50
558,81
133,103
676,76
112,42
300,7
87,105
106,97
316,87
999,75
154,17
229,31
284,25
902,1
677,107
50,61
199,98
49,101
215,39
805,81
515,102
223,69
429,34
724,59
518,46
161,60
239,34
109,34
617,79
470,36
512,99
870,101
262,54
423,81
902,37
462,65
96,76
76,32
583,40
172,69
570,52
596,81
428,82
7,48
827,28
573,26
136,92
543,73
352,24
926,57
896,109
689,96
612,111
214,106
792,77
317,18
814,69
200,74
483,56
658,40
16,14
148,80
912,32
715,22
246,23
955,52
298,33
878,21
218,84
596,15
102,108
149,88
668,81
367,105
847,90
654,64
412,104
859,16
849,81
957,57
183,63
860,114
230,58
541,114
75,18
125,105
541,98
863,108
295,15
601,29
272,50
41,35
693,58
184,54
8,35
602,69
583,20
13,88
18,97
64,94
716,5
105,51
324,1
891,19
187,28
957,76
266,57
204,56
725,9
418,95
68,8
803,81
149,95
914,15
104,35
716,86
199,114
299,86
829,2
882,110
936,101
537,47
996,17
671,50
758,46
136,86
329,50
611,10
12,102
789,13
100,101
462,2
635,95
683,21
99,78
97,112
2,72
608,44
193,29
127,52
98,38
31,29
569,84
46,76
420,60
591,72
900,11
112,43
66,95
888,44
129,107
910,2
531,65
936,3
235,6
545,105
511,38
788,29
376,11
11,41
471,3
155,92
122,76
45,63
441,22
430,13
980,75
818,95
322,89
60,61
679,10
553,22
515,51
619,31
924,1
962,45
940,35
675,52
332,109
934,103
869,63
12,83
899,8
994,94
991,83
252,99
341,85
110,91
281,40
141,88
736,70
659,32
885,10
460,84
638,81
439,48
901,34
311,73
80,13
116,11
339,96
453,81
756,73
95,78
843,74
221,38
173,98
695,81
709,83
699,26
547,101
534,72
367,55
774,37
936,61
558,24
443,103
730,80
336,16
283,83
276,46
661,23
737,1
186,27
128,77
147,18
166,78
576,74
520,38
700,83
145,23
487,113
358,99
230,3
134,27
387,100
145,64
882,67
244,6
952,67
9,33
239,4
898,10
178,65
29,25
867,39
746,16
701,38
399,5
706,105
370,5
577,32
484,1
571,32
595,31
731,73
818,8
689,97
206,75
393,80
924,8
770,71
474,12
395,34
544,107
212,91
23,89
42,8
161,92
535,66
674,75
347,79
431,61
629,61
671,89
559,74
575,55
177,99
109,106
677,29
391,21
839,96
789,108
346,99
180,50
271,88
309,64
508,77
587,45
519,10
861,13
652,44
883,78
12,56
104,101
330,5
623,39
144,81
457,44
947,28
272,42
702,26
829,65
624,101
675,17
123,62
824,44
840,94
327,2
288,52
452,85
939,33
471,109
355,87
46,97
977,31
428,44
350,19
161,114
9,66
389,14
317,18
193,84
663,52
790,91
709,6
463,4
61,88
854,53
268,83
333,40
730,31
651,11
460,85
242,40
266,112
25,68
782,69
160,82
653,58
182,101
870,60
760,101
117,23
918,106
628,50
946,21
706,9
113,61
650,107
66,16
989,2
89,3
62,76
536,76
349,33
323,56
604,40
767,91
866,19
228,70
206,17
293,82
465,95
816,73
969,86
671,26
410,112
785,49
170,66
811,49
233,21
413,62
269,64
609,114
266,81
176,19
479,104
353,22
288,39
796,6
744,66
693,5
547,43
46,26
436,67
411,86
448,63
559,84
652,95
754,22
149,89
629,101
129,12
825,80
552,98
810,94
374,99
338,32
854,114
389,21
501,60
677,35
205,109
713,21
142,93
810,78
682,11
848,30
420,34
590,14
692,102
137,91
6,52
670,19
414,73
585,19
408,83
662,106
623,21
566,13
738,83
643,72
441,16
957,62
631,84
713,40
669,94
735,67
348,90
894,23
901,36
691,44
159,49
985,34
434,53
198,37
932,84
489,76
620,89
663,93
490,112
123,60
508,97
520,14
840,38
778,46
705,47
830,80
792,64
445,8
877,45
921,6
204,53
911,97
877,23
123,71
994,34
929,3
970,23
722,85
588,113
521,90
318,27
100,84
668,111
241,36
113,38
41,63
240,49
45,59
790,79
432,94
322,18
571,12
353,6
429,23
770,29
115,27
410,106
837,103
258,30
196,15
327,9
396,75
350,37
927,92
90,77
97,70
275,30
314,30
614,90
112,42
16,90
53,96
219,84
33,90
404,11
715,5
296,57
129,41
96,1
269,4
668,92
533,19
28,47
205,16
286,50
246,88
125,17
777,96
781,102
28,95
774,85
180,36
403,85
778,14
228,4
141,40
603,22
524,52
341,89
647,2
208,106
852,24
932,64
373,64
825,51
691,72
792,65
786,85
22,84
717,91
709,36
770,74
663,64
677,72
382,19
490,48
968,33
725,61
630,56
610,32
378,26
964,39
824,66
857,32
550,67
924,19
626,31
293,79
65,56
16,93
849,7
500,12
707,112
434,64
717,37
362,50
964,14
477,72
671,99
731,52
261,79
30,11
435,111
525,89
456,32
989,30
879,26
419,33
937,44
491,17
655,4
531,12
291,97
339,47
536,36
976,37
560,25
88,29
895,18
11,4
941,83
371,18
274,15
161,46
58,110
61,62
135,37
162,112
281,103
77,48
195,113
353,3
309,21
706,100
168,42
759,22
136,94
227,69
770,56
686,79
993,102
222,3
881,88
449,86
798,104
839,18
905,77
688,70
813,32
893,100
794,107
256,66
811,51
697,81
717,17
374,45
863,96
110,100
352,91
756,30
9,78
215,18
434,16
862,32
648,88
682,108
901,82
842,105
53,23
517,50
925,85
543,43
630,94
276,60
886,61
595,111
781,32
327,28
103,90
915,111
536,74
342,94
704,104
978,80
190,56
596,93
16,40
508,81
136,19
423,56
52,18
788,60
310,74
175,93
222,40
421,80
713,82
672,100
688,19
78,105
785,12
939,59
552,95
505,13
851,107
447,87
193,53
78,11
509,41
740,91
690,66
946,108
251,51
479,19
846,86
786,60
939,75
912,108
774,107
440,37
176,75
531,8
59,21
776,95
172,6
582,23
840,104
908,46
62,36
597,4
351,44
627,3
770,14
522,73
632,60
772,86
158,8
479,81
700,8
334,61
558,91
183,94
664,34
209,19
893,80
994,20
209,107
211,75
470,11
100,9
578,86
893,9
832,48
674,98
155,88
932,89
477,18
232,33
936,85
328,101
284,44
544,80
476,2
529,114
38,41
101,9
152,24
536,98
974,82
781,46
345,9
550,64
447,43
909,1
662,31
980,27
373,67
75,106
685,32
935,45
54,30
986,41
478,17
1,73
868,40
472,5
857,79
48,96
910,88
185,8
33,33
146,32
583,50
38,49
598,50
221,34
487,92
638,5
490,64
915,36
861,32
320,14
39,45
932,85
343,38
360,43
75,78
654,42
525,75
902,66
459,77
254,38
440,14
204,78
234,86
188,31
433,45
48,71
884,64
356,44
337,22
125,77
351,17
130,54
207,90
132,37
370,33
360,62
47,103
458,99
230,92
500,100
37,31
851,22
866,55
841,110
585,56
57,87
130,11
330,99
791,32
84,82
339,94
175,58
452,17
335,55
249,16
514,109
962,15
106,80
988,103
612,58
223,31
674,64
978,61
461,36
773,4
60,108
642,39
790,103
707,16
172,98
536,88
912,23
351,112
933,72
414,42
992,107
391,39
580,2
568,1
400,89
410,91
56,6
24,1
605,89
419,43
510,18
50,72
189,69
563,78
157,23
417,27
681,70
738,4
258,32
822,40
499,34
795,28
612,47
290,107
152,60
798,48
923,104
795,33
313,39
599,61
900,110
607,48
258,97
234,22
486,26
940,104
939,81
403,77
723,65
252,58
508,50
393,4
215,96
875,89
487,112
262,20
103,53
286,13
414,12
179,8
333,70
305,48
179,37
607,47
109,53
767,82
440,59
248,13
312,101
806,1
699,84
578,36
828,74
691,3
396,66
696,64
33,107
574,46
509,102
632,104
238,55
862,52
546,4
16,2
451,69
454,69
191,67
649,109
231,10
117,81
338,29
810,22
901,93
879,12
890,59
451,86
84,58
248,111
739,48
58,46
858,48
151,103
926,106
78,25
594,90
325,19
597,79
749,44
145,11
882,93
445,88
635,22
377,86
735,52
20,92
791,49
89,13
661,82
662,63
925,108
543,96
758,31
841,10
127,80
14,9
800,11
345,7
714,104
323,46
302,90
937,54
950,89
10,17
978,72
896,56
961,15
411,2
17,88
593,19
309,91
655,102
483,59
986,88
187,101
371,98
305,83
512,40
790,89
818,76
330,32
547,112
857,34
351,27
909,63
220,111
901,44
81,41
180,83
495,96
657,48
665,65
830,31
180,109
592,33
915,16
112,42
533,101
102,39
421,59
68,109
573,87
538,103
570,27
282,111
481,21
248,22
338,22
297,39
155,63
362,88
173,67
227,52
147,112
590,51
811,60
83,95
58,12
985,73
878,36
200,98
864,56
570,49
497,5
395,112
494,17
761,89
766,96
442,21
136,110
935,92
178,23
188,63
114,43
498,60
986,1
225,23
79,69
255,20
930,44
991,72
276,16
739,51
620,98
720,103
233,30
805,17
642,27
114,92
596,58
318,36
711,110
48,78
998,86
460,3
663,5
704,73
530,63
119,54
156,79
630,38
890,66
844,14
740,52
480,36
312,106
242,58
133,31
750,99
398,94
850,6
120,108
285,89
530,27
538,29
563,97
73,94
389,95
368,69
663,107
625,108
709,11
625,51
826,110
372,89
923,40
976,72
602,100
476,94
681,80
401,16
985,80
117,97
863,25
914,91
970,23
920,51
678,45
73,73
391,38
581,33
523,41
939,112
590,52
705,96
385,89
303,39
30,84
785,76
921,74
694,28
698,2
226,98
860,62
772,6
101,80
527,99
377,66
473,87
736,82
608,30
401,15
622,8
107,4
169,76
52,68
779,36
612,26
53,38
972,38
551,58
750,58
424,29
1,111
495,104
841,85
350,114
721,45
598,26
466,14
166,59
779,37
621,40
666,28
581,88
469,86
818,48
539,23
375,39
267,36
691,73
105,87
43,83
926,102
512,51
89,79
97,11
258,42
384,73
220,80
583,93
829,49
971,41
360,37
89,35
425,17
803,25
428,88
551,50
805,56
185,17
974,58
316,21
377,5
636,94
80,106
619,72
992,9
887,75
418,55
454,110
191,23
561,101
357,14
939,95
692,56
547,14
76,24
315,87
52,40
713,44
489,58
912,2
876,22
387,22
262,43
734,51
717,77
341,30
596,88
283,113
38,110
372,58
671,35
885,39
911,57
91,74
969,63
344,44
733,104
158,50
339,24
158,106
57,113
627,106
486,14
636,17
490,10
395,111
342,26
796,73
336,41
855,114
714,105
477,84
694,53
444,98
845,94
674,26
607,26
949,45
713,22
702,43
688,82
439,28
375,35
389,75
726,102
650,26
33,70
633,103
438,82
692,108
80,94
252,75
759,91
32,24
728,16
370,79
466,18
348,2
574,72
455,89
629,69
789,83
699,69
453,68
93,17
581,97
683,33
504,64
824,101
387,17
63,57
894,31
252,104
874,14
808,105
209,72
707,114
63,87
794,43
142,55
856,32
709,8
640,51
575,62
258,48
75,95
727,97
61,37
400,79
267,6
426,112
782,61
968,94
468,61
153,76
98,113
414,61
556,34
575,92
777,23
277,39
91,64
690,79
434,81
269,46
152,18
476,14
457,10
203,35
481,57
541,6
569,21
994,61
48,62
428,13
411,103
166,31
761,3
370,92
86,1
680,13
945,48
181,65
267,19
318,61
643,31
762,31
400,14
67,12
733,83
919,58
928,90
787,8
82,46
449,80
264,17
214,51
789,50
490,53
603,48
442,51
546,80
333,75
512,74
669,91
628,5
370,34
905,84
25,49
457,89
746,11
504,37
541,76
332,111
971,18
231,50
790,89
96,84
808,63
841,3
343,41
464,5
269,70
233,71
607,55
39,18
446,24
270,98
331,109
270,34
458,8
57,32
559,13
869,43
949,95
898,16
184,49
149,52
467,84
521,83
199,51
592,1
501,13
177,6
746,109
527,25
507,98
88,27
657,107
236,50
47,39
145,107
149,108
156,80
584,80
628,73
405,101
490,111
996,71
940,92
858,17
179,82
224,10
412,82
866,106
682,56
741,108
857,36
229,96
867,74
981,62
924,101
172,106
921,97
809,80
272,114
207,67
46,57
41,30
115,112
24,19
942,16
445,83
611,91
953,3
490,62
361,68
100,37
781,12
2,105
49,41
126,15
642,91
269,12
117,84
91,71
844,9
32,24
21,80
717,72
548,29
265,10
478,87
150,105
977,106
885,63
852,20
78,70
144,39
419,62
624,87
891,87
10,45
477,56
162,113
855,95
367,33
490,106
878,47
13,60
817,59
42,111
27,47
530,86
759,46
589,63
656,59
872,15
600,2
595,87
549,87
597,13
354,26
202,35
458,59
797,53
277,65
808,49
527,27
302,49
957,27
857,107
418,85
864,96
477,78
670,80
132,6
569,64
968,75
543,95
911,30
383,26
196,39
508,89
795,91
680,58
366,113
723,52
314,19
529,38
847,37
727,3
287,72
1,97
728,59
721,92
961,106
766,37
486,73
613,5
23,22
167,12
678,48
931,96
573,102
23,44
760,102
851,46
233,113
879,109
761,33
589,108
747,4
787,46
408,65
222,48
307,82
148,28
345,69
316,28
779,77
687,8
240,84
351,23
645,26
433,3
473,67
748,47
145,44
956,78
653,86
921,104
282,52
986,92
242,46
591,73
229,79
286,105
233,28
462,71
470,58
519,65
560,42
335,111
176,104
166,85
893,45
999,30
533,80
637,113
422,114
920,17
68,34
799,90
117,61
330,80
526,30
798,97
214,35
531,3
183,100
227,66
985,39
397,94
998,102
63,21
14,81
731,27
965,78
238,101
137,95
379,28
378,103
217,107
535,38
646,21
145,75
671,77
275,109
158,65
913,104
777,57
462,89
277,39
760,50
33,66
359,23
346,2
625,112
335,91
903,50
42,8
343,49
468,50
426,49
790,82
414,43
914,66
857,15
379,53
411,91
592,101
710,17
518,10
492,52
183,91
902,13
110,85
226,29
979,24
835,54
222,104
510,63
460,15
743,42
480,1
133,68
836,48
131,59
566,93
348,9
576,67
724,80
579,85
330,3
167,82
504,32
450,65
774,50
396,49
411,26
599,47
585,89
376,67
226,17
490,28
318,97
944,71
976,114
417,52
859,90
487,65
638,41
981,50
545,7
323,20
495,82
65,76
23,91
886,106
348,26
932,97
548,112
199,57
899,11
846,33
912,10
89,82
722,29
643,46
930,67
982,110
129,111
228,110
146,14
325,52
268,49
733,28
191,89
366,31
460,16
189,111
683,100
980,64
421,74
217,46
875,113
257,19
995,81
17,67
790,16
413,15
338,85
802,6
873,114
800,59
443,109
635,35
107,58
106,40
601,15
532,81
126,43
636,33
862,56
129,7
525,110
983,23
849,72
792,13
126,67
471,75
724,38
96,3
747,102
331,38
985,32
223,4
107,98
592,78
261,91
757,99
473,53
671,103
617,54
366,74
970,98
654,19
578,64
20,34
741,80
745,44
953,2
220,56
105,79
636,102
575,46
780,21
405,40
861,35
98,90
179,68
827,76
11,108
439,39
472,90
403,61
221,44
149,66
420,27
659,49
804,34
969,50
4,87
807,69
756,101
988,55
353,27
910,88
595,9
163,105
567,49
729,78
610,23
677,107
412,58
606,111
67,106
316,6
238,6
73,58
508,102
740,101
34,61
607,70
64,89
161,16
652,81
101,91
902,44
773,19
561,19
291,100
973,95
428,62
854,22
838,5
354,10
361,58
173,12
135,92
923,101
812,34
608,30
942,51
459,23
504,73
314,51
194,4
763,90
922,83
181,76
197,32
631,15
610,4
990,105
11,47
949,109
733,5
210,32
896,38
767,39
364,61
25,96
891,104
929,65
748,101
729,87
432,15
747,109
19,33
446,70
540,8
586,39
571,91
748,56
718,80
4,21
638,62
297,30
191,20
422,75
783,105
969,68
110,30
238,57
656,65
984,8
649,58
187,51
982,74
352,86
621,80
488,66
448,54
534,82
419,23
986,40
230,38
801,36
471,91
261,99
367,27
999,86
236,70
418,18
831,7
30,5
308,24
31,81
526,30
813,80
679,64
852,62
917,46
586,58
783,18
899,106
214,31
599,81
722,37
230,45
752,52
757,98
851,108
555,112
702,75
471,76
700,44
753,69
66,75
33,110
856,15
527,92
804,43
769,71
868,100
640,34
713,52
492,50
616,43
160,19
599,78
635,17
498,100
313,76
496,17
57,76
322,43
711,59
461,11
764,7
27,38
183,65
602,59
901,48
857,56
284,13
970,76
183,88
629,28
807,21
614,106
197,41
124,44
313,99
431,19
976,22
821,51
162,27
338,60
345,65
5,78
533,48
96,24
713,91
309,59
779,77
364,96
350,93
454,78
465,69
806,66
201,21
616,108
416,55
837,49
440,114
846,84
491,28
863,59
659,9
806,19
423,29
796,14
454,103
38,21
794,88
41,45
947,96
591,21
371,51
806,31
710,93
360,19
959,47
161,106
4,58
365,40
763,71
677,82
174,47
500,84
409,67
637,50
322,9
899,98
479,35
357,106
79,80
273,19
442,37
389,16
654,20
682,87
289,62
60,23
809,63
270,4
994,110
293,87
205,7
49,18
412,97
834,90
506,59
149,105
750,105
496,30
945,33
489,90
557,69
729,90
207,61
628,97
71,15
87,105
277,112
659,38
334,25
579,98
441,95
860,111
415,109
569,10
307,82
290,78
995,110
339,83
972,81
754,57
735,78
500,16
682,45
168,102
154,109
356,48
280,19
553,38
409,103
277,61
310,58
112,4
149,100
22,69
303,32
626,8
691,18
712,4
515,64
242,60
838,8
449,51
401,54
653,82
67,55
864,95
257,113
195,46
13,79
717,26
726,95
811,109
803,36
498,17
340,74
747,102
391,6
256,14
225,88
198,107
821,25
307,43
93,88
136,57
78,68
238,86
554,26
544,23
376,70
410,29
996,24
469,5
105,33
553,53
736,77
766,33
470,55
676,5
520,55
331,74
325,105
464,44
627,22
286,81
989,7
768,11
246,106
432,15
509,63
360,94
741,70
729,35
997,33
678,111
652,26
839,105
996,11
245,48
335,85
601,31
792,64
29,20
463,93
76,16
318,99
108,96
997,60
236,113
636,40
200,48
630,80
235,19
88,89
390,82
262,61
186,53
233,80
491,86
361,60
679,105
682,51
833,27
142,57
948,13
319,103
646,32
607,40
25,97
931,95
938,16
518,41
729,110
47,112
675,1
216,67
163,63
526,1
91,48
120,9
939,71
366,45
937,81
433,109
637,32
237,86
755,64
808,49
893,92
49,95
521,110
682,89
925,68
963,69
958,111
973,110
898,86
139,51
130,101
822,103
298,97
672,76
844,56
811,71
147,101
237,74
775,49
255,90
424,11
978,82
188,21
872,66
968,9
897,63
511,5
732,102
860,57
292,111
340,25
941,76
95,6
36,58
939,99
348,99
786,8
41,79
851,8
328,9
668,24
906,105
67,98
785,20
294,51
962,60
125,48
59,52
313,63
926,43
74,31
561,53
146,53
908,11
286,38
296,16
677,30
147,27
946,91
294,109
699,48
695,64
579,20
564,58
614,90
289,45
663,99
798,40
843,17
927,94
94,99
663,45
686,60
199,114
557,67
605,93
303,113
386,42
843,18
966,73
334,25
232,47
888,7
97,18
265,4
353,81
737,32
527,64
620,71
504,101
178,75
813,33
944,48
154,3
842,98
247,110
885,103
456,65
595,18
399,103
977,75
548,17
745,7
844,56
62,112
194,36
906,3
251,41
246,31
615,36
734,53
764,3
291,83
891,95
925,3
204,60
852,93
651,64
913,27
519,79
703,87
729,114
384,30
315,27
912,2
134,102
741,36
532,79
644,101
355,40
910,107
490,7
447,67
97,101
787,13
899,89
497,5
761,64
86,89
707,73
683,8
240,59
388,97
831,2
662,103
39,9
580,104
526,90
738,114
547,39
987,30
149,68
740,8
445,14
988,7
425,4
806,98
300,46
84,17
991,17
890,49
273,36
501,28
400,78
283,44
364,35
960,101
313,89
43,54
732,75
787,50
927,19
664,1
462,99
906,17
791,100
8,47
898,22
683,18
480,77
8,58
503,81
1,26
548,72
845,43
225,80
339,95
870,20
94,32
898,26
570,5
912,25
820,54
663,95
86,114
445,100
213,111
811,67
473,97
136,85
804,16
438,89
568,75
66,93
287,11
682,12
805,44
110,73
891,27
249,12
842,4
223,1
894,57
711,10
169,28
71,101
291,13
324,110
642,37
361,100
121,41
662,99
135,87
983,12
348,76
609,63
972,83
702,56
528,83
409,14
19,93
624,36
459,21
522,51
863,102
819,66
340,15
20,97
537,105
348,80
749,17
812,64
654,74
76,22
96,86
978,30
986,106
556,79
567,92
853,36
505,97
285,15
244,50
858,114
778,48
360,102
249,71
186,51
120,103
810,50
981,112
328,75
749,62
809,7
259,43
395,64
780,53
202,36
265,22
126,112
488,50
323,57
153,24
773,16
584,97
777,82
176,14
426,112
656,111
851,51
826,102
448,67
569,16
370,59
222,97
641,7
744,55
957,53
486,89
406,107
300,90
974,31
222,102
951,48
960,102
708,103
824,53
228,114
530,32
10,72
792,87
881,86
117,4
715,4
928,58
758,111
665,39
357,32
4,7
955,78
189,65
957,106
10,52
172,86
892,83
948,52
641,19
924,51
637,67
791,15
866,83
448,38
278,51
954,35
968,46
798,34
495,98
76,2
11,2
937,78
599,5
494,31
630,6
761,93
854,78
728,81
223,6
94,76
449,39
682,2
878,56
330,86
929,6
236,80
150,21
222,38
595,10
225,56
706,63
534,17
457,22
480,37
871,28
138,1
731,47
100,62
549,98
601,41
539,1
847,104
58,81
629,78
781,23
276,80
931,3
879,45
939,77
48,103
482,11
79,114
462,17
164,37
117,96
880,58
113,40
688,77
979,110
13,85
193,9
335,36
252,48
320,31
823,92
191,57
229,63
829,7
325,54
793,103
251,29
805,39
688,105
72,67
888,98
530,88
712,86
113,49
894,101
846,78
741,81
897,28
387,100
762,24
124,99
915,38
550,24
622,17
550,13
127,55
340,60
269,39
252,27
861,22
877,45
275,84
455,100
415,107
18,8
283,46
572,9
344,91
414,101
765,14
601,89
355,13
99,7
673,32
465,82
185,73
122,25
368,57
392,46
549,97
36,48
83,106
262,21
786,91
1,59
408,24
250,39
700,92
222,106
516,20
190,89
859,22
256,8
653,88
699,105
320,50
256,66
223,55
108,66
389,26
380,64
195,99
387,70
354,1
259,9
837,23
67,113
517,98
652,50
416,99
826,69
688,50
737,59
757,16
230,90
368,52
74,16
233,50
335,85
921,56
730,95
672,2
396,83
901,64
928,66
778,82
936,28
605,54
775,86
302,13
653,29
296,105
489,87
542,49
154,35
729,40
494,62
620,71
729,40
937,67
150,60
345,105
948,51
660,108
262,104
717,112
138,83
290,100
102,23
308,77
626,7
863,18
34,36
946,13
437,94
904,16
96,109
555,110
976,47
676,17
769,81
655,32
873,35
598,27
786,108
152,76
79,11
510,92
87,74
808,81
318,48
923,104
678,34
704,16
57,64
27,16
501,3
578,55
548,92
57,98
564,26
747,60
363,114
707,4
304,57
322,90
681,52
315,66
339,20
449,100
476,23
306,4
905,33
198,65
433,81
18,13
715,42
922,24
291,1
931,86
155,90
309,23
237,69
693,112
87,75
634,34
749,77
750,70
579,13
929,64
126,68
197,105
628,107
134,101
835,110
529,1
637,65
301,72
24,2
387,36
188,58
622,57
716,21
511,90
393,20
975,14
616,45
782,69
192,17
985,19
360,2
800,11
848,74
64,43
233,42
693,34
28,77
534,81
853,29
385,57
3,111
726,111
277,11
77,68
883,78
31,22
335,9
570,75
531,15
584,77
64,11
854,109
361,96
41,23
458,41
165,53
724,76
370,21
190,34
265,70
891,68
253,102
894,31
269,5
960,7
51,18
625,91
485,85
81,89
36,74
807,22
516,51
162,97
710,40
125,36
135,12
212,94
321,106
445,53
843,82
969,109
430,52
402,104
895,57
56,4
255,110
850,29
542,78
584,68
426,43
819,91
445,8
506,78
647,24
303,111
992,63
904,107
641,61
69,84
600,25
969,77
617,90
881,65
111,72
969,103
700,45
413,40
228,21
438,60
960,27
41,76
645,87
995,78
72,89
819,62
235,10
119,47
663,72
400,28
490,80
494,103
606,73
716,64
952,109
267,65
956,114
248,99
50,27
268,108
609,75
713,58
610,54
225,30
378,110
148,45
454,108
511,21
228,52
113,5
124,65
800,66
704,98
782,27
359,85
802,32
189,86
66,22
811,93
618,49
718,94
102,33
148,103
107,100
798,28
234,58
197,31
598,95
227,113
752,48
219,6
727,70
243,31
613,54
999,31
291,2
334,20
978,41
66,63
925,66
641,62
792,29
407,94
438,51
27,36
209,40
657,33
312,35
707,45
365,112
239,48
760,31
862,51
563,107
164,85
750,58
117,102
193,110
809,2
156,38
697,57
922,55
358,14
834,29
910,83
557,113
283,73
809,16
295,43
143,13
824,73
151,64
295,80
169,95
610,41
548,107
834,7
767,2
526,1
853,88
819,30
810,100
649,5
443,113
351,70
452,104
724,62
118,39
601,28
632,3
369,62
388,102
906,81
303,50
81,12
223,58
365,20
775,27
705,11
759,92
554,4
642,36
375,23
800,82
402,37
301,14
512,96
929,31
928,8
26,11
220,84
766,41
974,60
770,87
648,16
699,41
751,39
669,70
198,17
122,59
172,95
418,41
683,36
887,74
449,58
79,62
64,19
58,52
217,1
905,12
442,72
968,109
825,23
471,98
677,79
501,64
651,43
813,49
656,92
425,23
620,30
289,19
594,7
302,3
625,102
84,78
596,90
841,90
764,67
967,80
795,26
955,92
384,83
392,8
52,108
86,60
451,63
853,48
403,3
46,22
160,1
372,92
206,21
849,50
149,10
309,14
353,11
425,78
207,101
969,101
887,27
818,100
981,15
662,13
302,16
607,63
668,2
870,23
379,35
578,71
882,57
436,51
527,53
864,59
527,67
471,106
366,81
478,8
682,43
503,37
32,80
791,101
180,81
731,16
185,77
281,65
548,51
141,27
283,74
787,8
707,31
265,72
135,74
43,107
75,103
574,96
507,31
735,94
487,70
597,61
824,38
720,113
705,63
14,56
595,71
167,42
95,63
848,77
490,72
811,6
508,11
579,3
418,20
463,76
472,46
376,66
248,55
297,29
4,54
860,98
524,72
685,44
208,64
10,37
778,67
74,29
209,75
339,104
571,43
953,30
438,60
1,93
467,70
478,77
561,99
7,114
925,109
799,37
760,19
164,9
90,37
331,16
173,11
303,8
9,53
376,88
916,100
24,60
268,5
305,10
844,89
919,104
342,69
284,72
648,89
512,113
702,103
716,113
864,92
658,74
407,36
697,2
720,81
993,13
664,18
196,106
990,77
920,104
399,102
866,76
779,107
891,99
845,88
253,14
176,49
170,8
237,90
912,9
113,104
534,43
494,75
888,8
799,83
384,66
416,75
210,48
153,101
704,23
896,36
706,7
973,48
927,90
359,22
369,106
255,103
855,109
524,112
308,72
343,7
408,33
708,97
990,83
970,92
289,39
977,12
75,32
359,20
431,88
139,50
482,105
72,22
31,64
232,58
181,1
487,108
440,5
719,61
266,104
156,61
353,20
127,62
30,1
182,74
780,102
9,56
97,111
642,48
569,83
627,88
104,86
904,80
624,5
457,39
571,11
693,92
429,9
402,32
575,64
945,3
558,17
640,43
968,19
9,109
297,105
76,93
899,18
573,97
397,52
480,98
931,31
957,42
357,79
336,74
470,29
581,53
115,1
415,28
110,2
937,45
134,19
471,89
953,87
577,113
736,56
434,114
768,7
669,65
215,44
326,48
205,34
680,20
867,15
550,98
46,45
562,57
969,40
501,14
38,18
167,113
931,51
744,34
492,92
34,69
435,66
641,82
631,10
81,81
353,60
592,4
886,92
937,3
275,53
244,107
197,101
767,31
254,9
544,95
276,84
458,82
854,47
746,18
36,102
694,61
117,96
431,20
345,107
313,54
558,61
699,78
89,8
467,15
58,95
562,105
931,47
276,62
544,24
362,50
108,23
533,75
997,33
301,65
873,83
393,90
778,59
638,51
984,8
782,74
647,19
410,9
823,61
819,27
97,63
598,39
668,104
800,8
569,69
141,55
910,45
454,40
20,50
838,85
781,17
142,58
29,28
958,83
726,43
106,13
957,101
248,70
847,33
733,19
459,38
8,30
1,25
15,98
53,62
235,8
681,53
724,104
456,104
679,46
197,95
800,46
104,45
470,83
322,68
253,1
332,79
217,81
943,85
607,80
430,79
997,102
512,22
400,101
291,108
31,21
837,24
219,47
975,9
465,85
737,37
990,68
293,56
38,107
611,9
14,103
859,114
740,80
493,93
478,39
762,94
117,17
339,60
531,18
633,110
605,23
936,73
346,7
314,5
556,59
215,101
273,87
883,52
26,100
452,112
499,110
767,53
198,58
708,80
19,88
802,56
250,32
936,39
423,92
884,21
744,34
640,3
604,30
615,103
265,101
795,27
930,83
105,19
189,78
460,108
939,38
720,90
272,49
482,109
959,1
334,61
732,77
621,8
491,54
893,15
445,49
258,94
67,82
124,34
815,111
651,84
887,68
417,13
94,56
719,73
563,74
700,53
322,91
572,113
198,43
712,107
960,81
877,31
545,76
843,66
735,83
337,89
239,100
972,63
250,48
456,13
670,97
794,30
55,82
193,38
589,67
568,72
232,108
607,23
482,14
211,96
195,67
525,71
820,20
700,107
308,109
403,56
392,108
446,29
776,63
800,84
216,105
228,2
726,4
152,63
206,41
578,103
615,9
779,61
837,75
612,49
511,17
588,17
440,63
77,12
268,88
351,91
407,103
902,72
58,53
896,55
614,99
122,58
836,20
189,107
821,24
171,88
989,92
444,105
837,100
135,61
251,103
958,26
843,90
678,11
137,14
369,51
411,68
900,24
404,34
486,15
939,18
578,78
980,44
59,92
458,2
648,29
777,5
839,2
465,47
167,73
176,85
508,92
495,5
311,52
720,7
760,8
950,102
607,81
266,56
554,24
213,96
32,66
211,20
191,8
937,103
711,83
183,54
131,21
851,78
152,35
681,23
566,103
103,110
191,102
936,85
956,94
482,5
23,12
562,70
388,37
305,7
348,60
678,9
90,77
372,108
239,42
505,84
455,53
488,13
104,63
203,108
113,85
645,104
992,46
605,66
890,52
976,52
680,47
16,82
465,5
165,19
102,39
489,42
109,34
563,107
217,101
106,99
815,40
778,50
930,52
48,110
597,74
951,19
347,98
324,75
489,101
909,12
610,108
781,53
468,94
108,62
287,96
332,69
735,11
776,96
129,89
788,14
548,29
956,80
554,29
653,106
379,20
978,90
453,101
728,101
903,56
650,97
557,62
689,10
594,59
258,36
859,95
479,82
591,76
154,58
598,19
454,72
621,104
487,51
830,25
949,75
907,108
468,22
134,90
147,9
60,56
265,64
681,89
324,34
362,75
127,18
642,1
129,7
643,113
883,103
633,79
832,68
717,89
564,65
881,53
254,114
98,43
840,68
163,25
831,10
874,45
205,77
338,104
40,102
545,4
208,105
475,63
333,8
675,113
726,73
748,73
553,109
656,2
413,23
698,90
350,85
624,57
321,113
116,61
6,95
163,36
341,11
400,83
413,44
226,87
777,102
847,64
573,96
437,80
575,60
60,38
787,105
738,103
215,67
944,35
891,16
295,73
442,37
179,38
733,39
490,74
385,23
557,37
25,17
217,110
981,69
592,39
674,26
7,91
242,100
73,83
918,85
804,64
15,53
707,67
38,29
100,93
797,36
808,14
888,100
151,88
445,100
824,79
349,55
273,77
408,54
259,13
425,2
501,14
82,44
164,69
822,29
763,27
167,45
286,75
117,34
701,63
264,32
240,85
426,114
938,109
192,5
403,12
585,20
803,75
378,28
794,99
242,103
168,67
699,110
183,67
97,31
625,43
939,39
620,114
274,67
766,66
210,96
907,27
201,86
91,102
713,12
745,53
578,114
747,17
341,61
83,32
330,65
802,54
737,46
143,65
205,9
338,71
827,4
713,50
494,15
934,61
850,73
860,42
75,77
339,71
181,35
365,87
823,89
352,82
311,72
642,73
1,71
505,82
2,76
440,97
743,49
803,14
961,35
936,45
713,106
815,87
853,63
964,3
259,58
695,7
258,42
277,99
484,101
833,31
447,17
526,84
902,40
130,52
551,89
439,21
4,25
554,40
359,96
750,78
902,74
850,35
722,7
712,7
550,23
189,81
838,37
249,19
758,98
473,19
135,112
235,27
718,72
584,35
893,97
134,25
443,66
415,36
447,81
681,16
259,94
906,64
281,75
340,29
477,92
268,48
123,114
459,102
971,108
482,88
782,46
603,81
813,58
595,113
109,72
299,101
159,19
204,87
216,34
386,67
778,15
250,114
723,105
23,29
567,90
435,32
778,16
500,18
568,103
540,93
119,1
788,94
996,15
751,9
684,46
87,15
137,66
297,103
652,22
676,30
72,43
254,92
506,71
547,96
931,79
786,62
227,88
53,36
22,102
467,16
899,90
524,7
543,21
718,101
448,72
975,12
876,32
907,98
448,61
728,24
173,78
216,63
243,75
770,97
668,37
107,84
628,20
813,62
714,35
585,7
265,15
757,30
480,23
144,11
849,74
904,47
21,89
969,85
155,39
636,72
416,99
936,47
274,34
765,93
32,107
924,100
906,31
336,103
346,22
471,51
947,41
143,79
410,36
804,8
337,90
26,36
153,52
154,47
769,14
248,35
685,28
913,109
112,22
591,21
759,25
14,12
244,92
411,34
475,38
926,81
864,50
274,82
859,24
760,85
295,79
734,18
367,66
594,23
284,102
528,32
637,14
169,46
663,44
794,34
601,94
981,101
583,59
752,29
778,39
16,41
644,62
618,90
917,6
74,76
518,10
177,79
53,1
116,13
206,77
423,25
186,85
460,50
873,30
995,113
86,22
631,97
901,86
37,74
605,73
805,1
402,58
256,21
801,1
228,91
743,106
837,91
131,17
226,13
806,1
449,101
766,22
422,67
438,77
261,33
467,108
998,62
73,99
796,52
309,97
875,24
182,14
178,105
955,59
605,79
235,41
912,67
901,19
436,35
606,92
738,114
832,90
714,50
72,36
256,32
296,56
132,79
665,39
414,47
465,3
674,71
682,8
788,79
142,101
924,86
508,107
350,53
52,27
504,109
820,64
766,60
783,96
662,15
342,44
459,7
995,97
343,84
64,45
10,62
579,99
306,54
706,30
502,55
803,59
862,38
781,34
606,62
252,39
672,88
381,37
540,7
331,69
36,35
778,69
443,97
292,13
312,59
272,86
163,101
753,1
572,113
605,38
957,19
207,28
844,71
91,84
116,17
628,38
20,81
192,110
781,77
789,100
212,105
226,100
305,46
586,24
710,42
697,54
795,105
979,87
145,77
358,36
350,86
926,95
934,25
421,21
636,6
157,3
233,104
446,73
111,3
811,34
83,67
62,101
712,49
500,87
930,100
719,92
446,80
37,23
8,42
492,13
400,99
306,30
496,6
462,28
547,79
562,76
33,63
920,107
898,16
476,10
549,67
51,25
970,22
172,62
117,79
51,50
735,113
417,20
440,88
501,30
919,71
213,77
276,68
298,70
560,90
669,53
260,59
201,71
760,66
798,40
322,104
609,78
568,47
308,80
230,50
865,7
695,41
310,36
606,41
266,72
952,103
952,60
455,65
68,63
652,84
927,35
524,114
939,27
306,12
940,108
435,47
902,13
679,14
700,100
37,18
771,57
561,92
321,64
29,68
448,89
466,92
318,26
600,21
252,102
64,27
597,73
586,7
542,66
637,15
643,12
885,72
283,108
318,59
159,105
224,102
942,48
805,30
434,108
450,10
355,5
859,98
458,95
641,43
907,111
521,50
165,112
708,4
407,73
961,3
220,10
179,29
74,10
667,65
133,16
629,110
91,59
839,106
843,60
78,40
818,54
980,105
88,93
739,14
523,37
523,111
547,27
815,8
465,92
714,79
869,40
520,13
504,4
760,19
638,113
513,12
83,101
910,59
688,48
495,83
462,112
532,14
881,7
657,34
485,16
719,101
718,89
589,85
675,109
550,44
175,89
811,65
949,102
719,9
870,87
799,80
823,36
818,23
592,54
903,43
54,30
282,47
820,26
115,31
536,73
39,19
411,51
982,109
311,24
154,105
364,55
727,36
597,62
739,62
536,41
468,100
888,98
519,60
450,8
153,28
665,41
936,55
15,43
611,111
170,15
500,49
49,68
115,57
760,12
532,14
524,85
382,12
375,94
669,109
556,23
640,33
126,95
625,34
802,106
143,95
223,96
189,5
496,80
805,38
620,70
968,105
707,81
213,114
835,43
906,37
745,57
164,29
786,91
62,27
563,37
221,86
346,8
305,24
539,38
795,97
636,9
864,78
353,42
736,86
337,24
724,106
939,105
359,45
689,75
93,95
461,77
63,86
571,36
534,50
49,112
263,34
463,114
964,94
165,11
140,23
50,108
795,36
290,47
43,14
613,89
445,89
589,56
767,100
558,42
400,37
203,72
62,55
960,77
38,111
596,20
714,96
340,112
308,84
193,66
221,46
538,85
998,18
616,2
719,79
80,52
267,100
499,56
768,69
946,63
385,86
379,110
398,10
225,68
323,55
554,73
826,112
575,84
453,102
304,13
890,57
135,104
987,66
878,21
573,104
427,104
661,64
454,57
308,66
498,5
727,13
879,78
887,26
451,60
439,45
179,90
105,100
715,26
945,28
828,27
440,109
928,8
88,106
796,15
275,62
852,105
222,75
261,37
158,75
338,47
122,82
603,62
550,33
102,3
103,89
179,7
182,95
346,71
918,93
54,86
148,28
989,114
22,31
416,102
524,103
573,67
161,12
472,43
751,98
163,33
430,39
942,97
515,82
954,37
285,76
510,49
111,69
680,84
964,28
809,92
243,20
67,38
522,54
572,111
904,106
532,31
274,104
467,67
240,62
195,80
49,80
312,8
198,92
96,20
516,113
510,51
955,40
454,37
391,76
470,98
876,22
527,55
162,17
733,64
257,108
372,52
498,106
2,99
225,15
805,69
495,95
631,25
20,96
267,102
539,82
399,35
817,23
659,10
807,81
655,27
928,37
848,28
13,65
243,67
500,10
114,101
515,68
615,107
519,49
310,95
76,50
813,19
666,112
243,56
506,70
547,71
288,40
54,79
807,15
727,86
623,61
328,38
431,18
734,58
286,43
480,21
756,113
133,45
636,87
400,67
586,63
295,69
467,114
303,54
937,38
53,12
384,6
812,42
766,80
132,23
231,94
554,13
853,109
881,32
96,55
122,83
224,60
293,82
777,31
501,81
608,38
690,48
722,44
430,101
565,71
904,18
22,3
526,37
398,90
966,3
431,23
647,73
880,113
906,82
541,95
730,70
314,111
833,83
349,81
692,53
618,103
780,17
559,70
129,28
729,8
542,44
633,97
450,80
921,46
825,83
854,34
667,94
438,33
369,75
516,30
635,37
412,14
949,30
942,72
446,67
149,21
199,61
483,77
287,77
172,34
319,68
935,87
715,56
674,3
137,17
830,113
798,86
285,37
797,45
763,99
389,106
721,112
202,91
754,80
27,18
653,9
21,13
823,88
807,66
51,58
707,41
54,71
820,113
898,88
840,5
583,12
32,32
71,31
675,81
455,28
700,103
558,36
503,110
860,59
630,79
584,32
881,72
373,99
533,24
336,102
421,76
866,70
722,58
40,99
253,61
441,55
36,49
888,61
882,45
817,74
935,85
841,9
14,96
447,108
492,25
211,107
763,56
467,14
927,56
471,29
23,30
193,96
871,103
37,45
142,88
839,93
198,13
250,73
381,77
532,18
449,36
606,37
771,61
674,19
308,99
952,101
250,72
461,71
479,49
179,1
77,111
991,76
159,9
500,71
783,70
86,21
585,45
433,94
864,15
39,114
731,35
241,11
544,43
434,5
566,74
69,6
784,57
825,19
472,2
97,26
677,112
750,80
38,102
387,33
626,49
302,50
828,72
20,4
712,35
902,65
532,110
747,32
657,44
408,81
789,88
163,15
805,62
459,110
596,14
507,53
649,92
152,74
217,95
63,25
59,101
147,54
568,22
894,34
776,41
671,36
974,30
835,57
272,1
152,19
986,114
978,82
902,96
439,36
590,59
618,44
83,73
620,80
925,29
954,78
502,89
368,101
241,112
417,22
188,27
138,60
997,77
211,19
768,114
283,48
355,106
732,28
42,15
700,82
201,60
77,98
834,39
295,24
774,27
875,111
200,88
727,28
371,36
746,84
686,1
31,12
937,29
437,79
937,110
648,113
89,21
523,114
310,82
386,108
183,73
111,10
985,34
31,65
98,88
373,58
167,4
41,19
937,70
385,113
377,65
463,19
497,22
618,81
489,110
146,107
241,1
16,65
249,63
935,109
935,14
42,87
917,56
137,110
456,15
81,18
607,63
508,49
108,77
485,46
8,47
77,26
185,107
387,65
261,64
260,84
21,65
739,81
919,35
955,108
492,37
354,16
543,39
385,87
76,92
691,84
991,11
137,53
252,92
608,21
171,31
661,84
248,64
646,47
136,38
430,67
439,83
825,100
251,97
831,37
799,34
121,67
689,75
658,103
163,27
769,69
239,7
892,104
392,21
734,92
922,75
789,17
366,29
171,95
633,10
171,12
418,110
827,104
902,111
583,15
505,81
462,104
54,53
906,90
512,42
606,106
530,113
124,51
880,48
888,86
407,78
987,46
669,14
284,19
156,86
312,52
544,98
717,60
947,14
981,27
701,103
206,19
741,68
858,31
175,14
321,113
383,100
453,29
757,102
492,5
204,51
145,27
946,33
12,35
64,37
294,3
869,90
442,83
909,25
736,2
340,9
521,51
571,91
352,88
41,63
608,74
563,33
519,32
220,67
510,1
3,2
103,70
645,20
789,14
966,58
32,73
966,75
678,25
788,41
790,20
693,70
697,42
169,83
205,12
928,85
797,64
702,49
247,40
514,75
760,96
889,61
947,1
330,49
636,89
212,16
175,106
304,87
550,52
590,23
85,43
119,69
579,72
952,100
832,70
110,1
162,21
136,61
343,75
842,82
381,25
645,90
365,27
434,12
82,79
678,15
273,114
64,88
716,9
214,10
27,76
20,30
501,3
377,106
599,16
208,72
949,89
553,2
140,40
764,77
793,34
102,2
817,9
775,111
996,58
566,59
566,93
654,100
415,55
299,55
103,2
593,2
85,48
68,64
433,72
608,101
770,72
623,63
941,9
800,113
576,82
91,3
212,4
267,29
731,61
87,70
666,34
267,77
536,104
97,40
652,32
95,89
237,11
995,27
617,9
168,12
679,27
391,58
664,52
858,104
555,99
582,11
253,31
362,46
301,1
834,113
268,70
929,36
878,69
320,31
181,68
532,47
697,99
898,24
985,22
168,65
508,27
130,9
969,66
286,61
927,56
673,18
248,18
866,44
712,111
879,110
181,84
747,14
849,82
941,52
762,102
273,58
365,49
333,108
490,89
76,93
593,36
296,3
551,59
837,28
514,86
842,11
555,19
808,95
440,66
699,9
762,96
911,104
52,27
95,38
338,20
919,14
450,68
845,14
811,19
872,72
785,57
376,94
69,54
920,111
86,75
600,87
922,31
697,110
227,11
326,21
67,86
288,47
952,33
920,73
841,14
226,71
49,40
866,39
907,80
391,106
455,78
598,32
724,83
199,45
266,47
565,60
412,114
741,11
628,89
766,96
399,14
535,68
181,58
256,4
870,51
966,4
317,49
269,25
488,17
762,55
555,2
421,111
582,8
206,58
900,85
843,73
22,20
964,76
239,85
389,62
568,99
494,58
628,111
680,74
395,81
443,79
304,91
601,86
570,99
305,4
276,109
204,82
333,110
293,50
250,81
225,69
620,19
969,4
122,96
865,23
343,112
929,42
208,93
139,15
730,87
895,20
834,92
697,50
653,33
453,79
293,98
311,112
988,49
951,2
521,13
240,57
820,96
759,35
681,20
557,61
10,28
992,81
219,114
650,4
956,21
865,59
86,112
176,58
8,6
93,96
952,78
925,114
811,83
960,37
383,95
195,55
983,43
669,58
358,64
621,17
474,46
473,72
665,79
585,7
823,75
785,42
217,96
858,78
662,83
417,6
326,111
176,89
450,81
769,55
441,11
587,48
805,97
379,57
814,48
929,50
897,78
334,1
672,114
429,83
56,112
781,31
124,36
374,91
676,22
881,95
444,23
118,93
612,35
644,2
508,64
652,52
478,18
646,23
47,114
256,34
795,12
169,75
561,78
513,46
933,91
658,110
688,106
535,100
771,8
358,110
859,112
802,28
285,24
863,47
599,75
354,2
643,73
179,62
578,10
934,100
631,86
333,92
320,112
260,41
71,30
560,23
995,8
513,97
519,100
427,103
658,74
584,5
932,104
262,88
564,31
455,84
411,74
801,114
615,51
21,27
415,26
11,110
978,55
87,108
636,72
554,37
935,26
747,102
705,92
606,56
665,9
952,34
255,77
23,40
365,53
966,90
744,49
531,53
275,103
333,97
358,74
169,12
367,24
288,45
447,77
182,8
119,84
574,12
330,103
258,46
272,28
54,81
100,63
301,16
198,14
118,20
783,16
350,11
607,105
167,23
497,91
540,16
171,100
147,80
239,21
99,67
413,71
7,44
170,28
249,97
79,44
106,61
17,14
381,45
307,112
65,108
447,6
52,22
266,62
950,114
949,94
369,71
374,11
930,111
23,11
862,100
597,85
286,92
67,72
599,76
108,32
576,86
321,95
865,105
234,64
215,53
530,110
788,73
354,42
732,89
581,68
778,66
521,107
388,92
482,109
47,54
797,110
284,74
82,68
283,19
832,17
592,10
163,84
610,93
562,46
300,68
631,42
980,101
26,96
961,111
490,29
468,113
832,69
953,90
692,52
668,13
254,46
491,71
308,6
472,5
106,55
957,50
92,30
282,72
27,12
994,114
118,35
503,89
34,24
143,79
31,29
148,76
883,107
562,20
586,73
983,91
74,91
575,104
84,5
469,34
561,50
109,26
64,60
1,69
57,6
840,64
677,49
117,77
409,110
850,46
915,32
732,64
824,101
398,7
78,85
894,57
429,84
919,98
399,60
152,104
792,80
593,89
35,100
48,4
223,63
642,72
410,2
458,84
938,63
27,49
351,55
210,75
328,83
100,56
489,79
857,101
514,67
901,22
352,33
459,76
454,47
770,65
748,65
553,89
900,114
112,110
998,92
74,21
832,80
656,40
623,105
828,42
98,22
426,78
946,35
941,39
139,84
129,37
352,34
320,99
73,28
915,8
423,44
332,51
754,103
800,93
91,71
455,72
172,16
607,47
17,113
208,32
268,105
938,32
258,104
945,54
725,17
62,73
862,8
901,18
291,97
762,55
806,69
647,24
728,52
216,103
974,36
434,66
841,64
867,86
659,106
155,62
618,111
226,49
889,110
827,12
841,96
143,43
286,75
367,64
557,95
214,99
199,106
307,103
986,15
912,107
505,54
158,52
745,112
616,67
207,52
320,17
476,29
719,84
803,80
319,113
674,92
706,4
13,45
351,13
635,61
586,23
685,18
920,29
262,11
174,73
938,28
204,7
58,60
232,90
226,100
730,74
96,81
954,97
121,26
750,14
932,4
731,74
369,3
157,46
697,111
595,27
108,51
162,26
790,73
515,99
192,74
260,38
603,60
851,102
992,63
340,80
809,62
731,92
228,104
556,22
982,36
162,113
802,95
904,6
775,22
722,43
244,99
634,64
624,42
222,24
392,112
461,46
750,14
610,48
272,69
149,113
251,56
188,113
107,68
840,26
81,110
975,107
895,90
196,29
515,28
348,86
965,96
633,21
855,77
939,55
210,89
593,47
564,43
739,3
669,54
39,75
862,112
743,39
887,23
106,54
958,60
83,112
961,102
622,107
405,57
66,11
890,24
543,74
385,37
186,71
645,49
588,113
295,37
459,7
61,4
762,104
8,30
876,107
934,36
983,97
493,41
773,80
323,4
653,19
214,102
491,4
916,72
925,101
83,97
761,9
589,85
643,42
276,32
501,23
111,55
442,109
892,64
121,102
100,25
779,106
4,71
117,8
534,61
220,70
46,37
149,6
551,91
771,3
815,16
244,90
153,27
603,6
538,97
317,81
925,88
526,24
38,16
559,1
817,71
484,49
779,70
802,112
399,86
905,5
610,8
425,22
671,64
959,59
147,58
336,100
895,111
57,20
332,100
465,61
729,22
46,88
516,110
853,33
660,12
971,57
277,24
189,16
714,79
709,33
968,101
964,95
544,21
530,110
16,98
463,8
211,113
8,25
652,32
157,79
902,12
687,114
309,41
983,26
937,16
772,97
13,3
252,7
385,91
889,54
736,42
899,65
875,61
266,114
28,19
667,2
485,63
271,45
747,105
872,111
478,92
257,12
3,72
105,23
364,43
780,16
690,69
704,9
514,100
203,30
84,8
954,90
284,100
351,78
680,71
425,58
76,99
859,62
884,108
381,39
304,52
170,60
36,18
658,48
83,101
297,103
454,84
99,74
79,73
436,3
734,82
342,106
614,1
342,97
199,100
922,73
989,106
906,47
324,45
466,25
937,34
392,57
293,5
218,22
198,21
698,14
49,22
228,51
196,35
646,100
759,52
522,72
548,62
716,57
666,81
886,91
880,3
205,38
291,10
991,59
927,66
614,6
789,87
786,106
152,23
656,95
672,65
471,83
751,47
163,105
42,107
492,113
344,43
60,96
468,82
410,60
686,90
721,78
456,89
694,50
177,16
465,6
753,54
869,30
187,56
712,106
26,84
329,52
322,56
742,10
224,32
291,45
138,21
674,77
220,104
918,23
304,64
888,100
791,87
444,47
94,60
846,114
346,31
377,6
164,31
392,85
280,63
619,46
926,79
238,25
227,57
45,67
492,100
256,49
671,65
203,82
303,108
225,85
804,52
911,46
229,94
133,70
880,22
672,43
903,100
288,55
460,51
165,60
468,68
996,103
327,44
66,46
906,52
496,74
78,94
822,49
447,34
694,63
21,16
372,64
801,52
437,48
900,99
663,87
249,51
513,59
999,88
116,25
731,64
99,94
33,108
547,43
85,25
955,9
922,73
364,73
78,99
650,28
669,79
62,85
541,8
398,39
870,51
421,110
503,73
175,76
7,67
91,29
974,26
732,6
400,2
936,37
627,104
701,99
957,38
709,110
702,48
641,32
774,102
284,7
767,23
694,14
439,36
265,68
66,112
718,73
577,107
962,58
936,104
448,44
232,77
185,1
773,49
578,82
710,30
588,18
911,4
140,77
752,9
980,55
674,92
578,74
878,90
245,28
978,22
213,30
320,15
781,21
244,93
818,94
350,113
31,111
29,84
315,32
632,58
796,65
912,94
129,104
812,81
70,10
473,62
220,7
100,101
69,18
981,42
163,79
131,23
949,6
1,16
959,18
531,75
733,16
593,65
878,78
811,28
346,70
169,104
743,71
639,114
454,54
423,92
165,70
415,102
273,66
462,83
487,110
984,104
234,26
184,25
179,83
693,56
504,84
563,19
359,37
91,96
721,82
586,10
490,89
400,16
721,21
429,34
907,57
694,76
255,79
725,36
566,21
402,13
295,26
7,25
45,106
836,87
347,26
149,36
720,82
289,30
847,71
473,5
317,50
983,66
667,36
866,58
276,29
488,3
581,61
559,31
507,14
487,88
174,109
529,58
220,23
523,90
845,95
180,98
99,73
233,22
546,1
222,30
431,98
688,72
605,95
848,34
844,32
752,66
383,105
812,98
528,35
514,39
540,114
645,79
129,35
731,27
669,81
481,57
804,20
948,48
155,8
426,30
523,26
182,60
68,1
789,11
587,39
808,91
317,23
318,111
843,103
41,68
181,100
620,57
992,14
360,15
595,30
668,29
317,82
647,19
356,106
515,37
86,76
512,54
904,1
76,97
333,106
553,16
54,9
254,31
62,34
209,3
237,108
551,95
253,60
329,104
453,59
221,96
344,33
519,14
389,64
597,71
815,16
574,55
549,62
580,43
762,105
733,9
333,77
186,45
599,36
443,17
438,61
191,22
355,35
977,66
392,103
75,2
221,77
978,53
678,54
540,106
709,44
880,69
602,81
425,39
370,2
946,19
309,86
10,34
877,51
680,35
335,110
36,29
168,103
452,69
873,104
21,56
186,66
391,109
395,77
740,94
553,30
628,102
600,58
349,56
23,71
787,87
63,46
824,79
655,80
658,70
550,6
27,16
830,105
128,64
939,56
790,109
486,90
32,78
282,14
935,46
502,111
137,95
888,83
262,82
574,15
960,46
760,6
225,81
453,22
193,45
70,53
5,84
342,75
488,32
60,16
248,103
390,90
752,102
467,71
44,86
215,55
436,92
785,82
569,72
304,111
361,82
52,39
334,17
877,72
856,17
602,25
404,48
235,55
51,28
588,96
673,103
513,51
530,13
937,14
244,64
612,71
787,49
766,70
349,13
776,30
466,19
376,31
398,68
90,16
672,94
80,13
978,46
411,90
604,83
779,10
793,25
905,44
567,31
935,51
647,5
215,81
778,29
222,69
620,27
913,65
739,80
109,107
892,3
280,44
929,52
88,104
670,57
972,80
412,9
53,22
964,100
584,97
528,23
965,79
574,93
476,87
574,49
710,103
165,47
815,60
127,5
564,46
697,75
762,4
320,5
545,101
636,76
372,58
76,20
751,81
797,85
812,18
284,90
993,95
376,40
813,39
990,96
827,114
137,14
119,112
849,31
793,53
13,74
950,111
773,6
307,68
446,86
19,19
80,15
725,1
401,2
235,16
535,104
387,90
716,40
976,16
597,49
846,106
724,89
350,104
644,68
81,36
225,56
991,44
351,59
472,41
97,42
221,11
283,68
153,61
924,71
230,48
124,99
858,82
211,14
344,82
492,77
428,4
482,63
135,3
660,99
165,92
592,98
750,33
414,82
510,107
353,6
821,99
988,93
733,109
642,27
169,62
811,18
972,89
165,5
897,54
641,62
513,55
46,111
528,15
581,98
61,52
788,97
194,109
583,50
647,36
534,86
581,46
316,103
455,67
689,64
324,25
426,82
659,110
232,32
659,114
517,89
669,92
785,85
369,20
500,8
868,84
687,40
336,12
792,18
92,71
657,112
121,34
220,91
536,11
402,59
463,42
821,83
683,87
53,48
29,47
647,60
523,104
252,61
361,50
567,95
125,42
361,34
786,96
149,15
484,46
467,55
280,34
927,80
130,61
986,15
899,39
572,10
355,113
203,98
858,3
586,10
261,26
990,74
46,40
650,60
41,22
593,41
468,106
113,66
618,21
330,72
38,95
770,59
58,16
389,1
350,98
875,57
604,14
934,18
518,44
263,94
647,75
823,34
850,91
917,65
57,99
423,37
415,71
536,4
186,112
831,100
945,101
689,16
700,8
340,64
928,106
567,64
409,74
32,46
340,24
397,105
820,38
869,41
321,113
596,54
727,16
161,65
897,30
661,77
276,18
399,36
135,37
352,30
839,71
429,94
119,114
849,16
335,32
516,14
847,3
874,72
184,71
851,108
895,43
28,101
486,93
79,11
48,58
833,109
702,73
8,98
335,42
20,27
397,48
965,31
366,93
103,32
491,65
789,81
863,48
917,5
77,67
729,41
905,13
870,79
936,33
402,82
149,88
87,98
962,20
830,70
758,86
270,41
241,21
473,83
701,39
744,55
606,40
397,34
409,14
799,19
909,53
454,108
307,6
755,102
994,91
357,59
983,51
939,87
803,30
756,59
837,65
540,16
878,23
512,30
605,111
820,38
4,79
965,23
459,59
325,101
879,96
337,51
69,70
914,100
11,70
706,97
494,46
483,37
257,91
543,17
543,56
132,17
344,57
654,24
524,82
367,14
713,114
357,28
143,99
720,6
596,3
978,40
514,84
299,82
360,76
934,79
456,5
904,108
582,37
227,9
625,1
709,28
697,56
64,31
587,15
590,31
448,67
817,53
345,55
588,75
444,62
328,79
625,17
854,111
110,59
373,47
71,112
299,5
824,31
102,5
543,46
341,66
799,97
972,89
168,11
104,105
188,7
903,2
7,92
635,105
780,25
328,112
764,71
413,12
210,87
273,88
209,96
501,89
700,74
683,11
821,19
131,41
485,71
943,61
957,39
458,63
282,110
933,54
243,68
392,78
641,40
322,98
973,70
380,24
252,26
863,10
674,63
271,44
513,43
390,64
48,4
81,79
148,95
718,4
589,14
827,99
539,2
66,38
775,2
88,113
452,81
587,55
507,100
932,3
899,113
388,76
710,34
949,10
748,86
626,104
710,22
174,52
981,12
877,48
528,50
442,68
253,79
953,69
992,37
35,26
38,7
159,87
15,108
410,79
41,105
992,111
152,36
635,110
55,96
748,98
259,82
741,9
497,46
831,92
967,108
688,76
29,66
475,19
224,95
866,8
777,103
489,62
348,100
646,54
967,73
482,33
469,76
459,76
206,41
331,83
117,86
20,73
154,101
797,81
9,81
325,30
281,5
235,9
48,81
7,53
929,93
463,52
402,57
950,30
107,50
869,85
166,56
645,60
755,104
479,68
420,84
209,98
737,13
836,79
46,78
314,28
107,58
877,39
367,77
768,107
20,110
207,77
146,82
160,93
525,101
934,45
668,79
72,29
722,70
363,79
352,38
754,44
929,47
156,100
674,1
179,52
384,81
35,109
564,18
416,103
141,106
12,100
254,68
356,91
212,43
126,55
389,111
115,114
364,43
380,67
477,113
209,87
961,88
487,113
142,113
871,90
784,84
257,25
755,31
56,85
802,50
154,87
346,23
166,33
271,7
469,64
407,67
48,37
987,1
734,78
645,67
314,79
712,30
363,31
665,67
194,69
137,24
846,99
352,92
103,1
750,59
499,68
555,22
583,106
482,13
739,88
886,70
731,65
364,97
708,29
842,85
772,43
653,48
172,95
267,46
799,2
515,12
366,13
556,4
176,68
400,93
471,58
360,98
631,101
176,24
27,22
150,103
133,20
625,26
460,34
427,98
651,113
682,112
873,68
221,91
916,89
283,108
644,49
239,104
929,84
488,32
791,103
265,72
771,65
444,68
738,14
774,73
852,91
673,13
514,60
478,73
381,65
138,62
351,54
928,50
198,108
59,53
154,10
203,84
247,94
283,63
665,6
570,85
225,96
523,109
875,106
414,5
272,26
482,40
988,40
406,105
144,88
507,21
782,109
548,57
530,7
749,105
864,32
527,105
199,14
976,89
201,98
759,111
311,104
74,96
2,76
27,106
851,33
743,93
407,1
954,53
926,104
676,97
43,24
450,16
932,103
969,45
380,52
545,22
111,29
820,33
410,33
203,112
130,17
982,37
337,77
322,7
330,77
48,102
840,53
165,53
410,75
94,38
652,108
558,32
702,17
774,111
776,31
944,83
920,9
226,104
770,40
417,68
322,54
435,51
617,97
775,46
251,79
708,43
835,17
321,109
142,16
494,109
812,51
36,66
898,34
613,97
113,71
360,27
580,6
891,9
95,72
341,16
529,58
700,73
203,97
291,90
887,63
310,72
763,100
253,95
287,8
729,24
201,98
632,89
766,46
561,22
529,103
363,87
537,66
675,55
486,61
198,91
81,85
867,53
585,85
490,91
910,78
311,103
213,22
706,114
719,3
740,65
287,21
506,4
357,14
900,74
487,46
828,6
679,71
319,35
46,41
685,54
938,105
532,43
497,77
456,64
839,93
396,48
777,73
262,83
298,43
484,111
827,80
318,93
967,36
185,44
272,54
735,82
230,24
729,28
864,58
407,72
658,24
723,92
755,14
20,107
315,91
844,51
420,81
101,77
24,67
473,93
800,3
590,62
321,101
338,51
94,66
613,50
795,56
376,109
693,22
898,4
787,96
542,36
20,54
129,19
999,70
818,63
211,18
315,57
846,81
805,70
367,22
483,114
488,33
705,40
544,42
287,50
998,83
955,86
583,91
225,10
172,72
956,67
577,37
893,44
51,1
467,50
921,18
295,65
598,24
254,13
646,104
497,11
548,106
357,3
239,102
731,88
661,81
914,35
765,107
703,84
497,97
441,79
992,14
605,38
717,109
418,18
465,84
929,5
886,47
337,112
420,31
258,90
369,64
453,69
357,82
875,71
963,93
549,48
673,79
314,45
707,43
231,81
946,94
44,48
120,86
954,113
271,72
544,83
793,6
186,35
446,77
780,107
18,93
655,73
714,45
386,77
975,88
783,11
189,59
867,2
982,29
220,50
89,54
946,43
424,34
583,20
803,95
143,70
432,114
334,78
836,105
468,23
147,55
637,98
418,108
23,48
661,3
539,38
184,70
9,72
210,85
455,31
243,4
721,2
379,78
240,32
670,10
517,37
398,104
797,18
543,91
331,38
302,96
665,22
825,39
391,16
204,11
934,104
159,40
519,29
685,61
641,53
46,7
133,72
445,41
407,21
486,55
973,60
419,110
833,68
125,60
863,9
955,7
387,45
596,70
297,58
965,104
926,10
694,24
144,112
658,24
625,4
140,99
139,106
904,96
421,100
571,51
285,108
49,95
497,80
268,88
278,56
475,73
422,86
338,3
489,16
330,2
723,108
448,72
572,55
775,56
693,97
540,28
560,88
433,49
842,42
828,99
939,60
131,69
475,26
873,67
83,7
31,86
744,57
722,55
436,85
867,64
293,31
879,1
114,114
324,34
541,90
777,39
608,33
18,96
738,37
128,107
406,63
956,6
589,105
862,20
894,98
456,17
818,41
704,69
673,114
22,3
244,44
11,11
667,84
128,91
109,103
577,44
805,53
647,23
390,39
447,94
741,91
205,107
183,64
805,51
424,13
86,41
220,39
732,77
412,76
47,86
859,104
593,33
32,48
501,18
126,111
982,107
881,103
619,65
331,67
651,96
300,15
93,92
877,62
177,93
750,83
938,56
113,54
135,68
880,64
491,10
839,56
563,104
363,104
419,53
973,33
856,54
65,66
217,76
232,9
933,67
301,96
66,6
551,79
392,65
534,28
936,85
933,84
23,21
685,27
418,61
12,100
879,100
663,90
610,6
777,72
895,11
198,21
685,3
669,12
855,77
534,17
443,83
344,94
663,4
969,74
618,2
673,1
514,16
678,24
682,36
583,11
100,66
478,62
998,61
300,13
370,43
477,19
32,81
741,25
760,28
603,6
936,58
778,113
687,95
833,96
200,8
215,96
662,55
481,48
562,39
864,71
429,27
739,51
303,33
197,89
520,114
627,93
257,79
651,87
452,66
429,84
570,19
968,87
245,109
830,10
223,69
349,87
163,66
371,28
275,72
722,98
31,25
953,24
573,11
664,74
940,43
931,29
716,90
409,1
31,30
828,89
195,26
582,99
665,27
670,83
577,62
157,8
927,5
138,35
794,4
794,95
901,110
624,51
208,74
100,104
71,20
60,51
554,59
907,4
237,103
987,7
845,96
999,62
138,71
723,17
232,97
629,52
918,24
946,28
531,55
331,25
704,61
712,5
34,79
51,112
496,73
933,98
721,41
39,8
994,51
938,13
324,72
89,85
152,109
224,24
510,89
404,43
121,44
447,29
216,30
79,4
657,102
367,5
746,9
745,102
34,82
225,54
775,102
750,7
474,71
331,66
105,105
113,90
431,78
761,90
603,39
469,45
437,24
831,28
191,93
113,48
818,101
841,112
834,79
340,75
658,10
525,49
580,25
63,36
680,71
2,66
509,67
358,99
955,13
494,100
767,26
347,99
161,87
207,21
922,104
455,51
179,35
999,17
933,3
688,51
238,70
744,65
733,46
832,42
921,87
633,60
633,17
695,77
222,86
905,92
843,20
35,77
607,45
927,52
234,52
271,82
412,79
533,87
414,3
896,70
688,111
322,78
541,42
654,53
889,17
968,36
411,79
323,33
121,97
430,42
75,77
403,19
955,110
739,39
645,15
938,41
948,99
74,63
624,34
190,31
443,87
183,53
922,48
657,108
345,104
321,5
242,35
647,39
763,6
666,72
513,104
566,54
25,59
262,10
606,90
845,32
248,62
885,102
820,12
602,60
443,81
954,45
303,107
362,85
972,47
93,75
867,57
411,106
338,41
129,23
295,35
612,3
236,10
844,20
742,89
514,54
802,97
308,3
338,97
3,114
599,81
263,62
684,87
769,78
375,107
414,111
451,33
794,28
403,13
779,81
217,102
168,113
177,13
420,51
833,99
14,81
745,28
631,64
31,55
8,2
975,79
643,62
552,69
744,101
678,86
325,75
585,5
698,82
538,42
863,102
392,29
210,31
370,78
954,69
478,42
349,43
498,4
604,66
589,54
105,76
966,110
895,57
40,20
264,80
592,53
917,112
713,3
542,96
814,19
315,23
310,50
91,63
351,94
104,69
878,25
603,49
775,35
967,86
88,39
644,101
409,34
296,48
80,89
592,54
520,19
901,45
813,81
239,47
5,85
952,57
759,96
71,44
817,40
558,96
599,25
214,55
895,41
787,80
504,72
971,76
190,19
860,99
498,19
22,10
291,101
143,6
694,43
748,100
91,15
885,78
707,36
511,99
309,105
948,19
873,47
772,90
444,57
225,98
520,75
122,42
495,4
360,33
217,9
735,43
964,43
968,106
961,78
639,63
430,47
17,22
66,88
978,67
765,12
766,94
736,46
37,109
774,71
365,110
260,72
776,76
989,59
958,108
958,47
475,46
455,77
8,18
162,35
764,51
8,2
255,8
862,95
946,91
307,65
554,84
700,44
976,53
345,72
719,51
176,26
580,109
76,31
950,26
910,33
700,3
276,114
634,49
886,83
315,72
414,101
706,93
668,34
55,59
818,87
891,99
67,53
601,29
57,74
755,29
402,54
344,102
85,74
636,101
769,97
662,65
40,42
704,51
384,105
513,36
766,31
793,16
780,83
746,112
932,54
931,6
373,51
374,110
125,41
484,74
226,32
735,87
106,62
743,3
213,44
80,114
901,88
160,75
477,69
837,55
161,2
775,86
379,72
332,6
769,75
146,42
396,12
350,54
289,113
388,89
983,98
618,67
987,33
701,69
583,27
299,86
844,112
16,28
265,36
665,49
289,88
327,103
716,48
145,36
322,84
167,43
717,70
128,9
483,105
527,104
362,60
926,109
800,97
78,6
327,24
276,62
564,12
502,15
594,37
586,91
168,83
594,23
29,85
577,78
894,67
227,17
642,41
559,6
39,77
809,27
933,17
38,69
148,20
522,93
951,9
130,79
536,94
211,114
50,64
164,5
368,60
382,104
741,35
811,2
437,48
570,2
626,69
476,7
633,29
762,60
55,14
15,110
552,1
728,92
571,58
950,114
853,65
275,22
761,32
851,41
680,36
299,79
370,18
798,27
463,56
743,37
128,111
953,16
180,21
64,25
260,7
752,77
408,57
193,113
147,96
412,30
58,7
674,78
64,59
273,111
544,29
839,84
323,106
592,65
581,81
63,92
480,49
623,39
382,10
44,10
461,109
595,60
598,37
368,109
57,113
962,35
357,10
351,47
454,59
56,58
335,30
561,110
231,32
551,110
863,15
696,63
915,114
335,83
787,82
888,85
44,59
453,111
309,39
136,21
11,30
622,46
505,4
779,75
49,46
955,45
150,96
40,35
776,42
394,114
255,28
17,51
891,32
436,44
537,98
180,47
666,109
637,24
203,114
738,24
200,1
805,101
906,41
340,70
578,65
704,64
751,80
426,46
665,87
879,42
583,106
855,87
442,105
40,31
380,34
544,104
112,24
818,22
131,71
212,62
809,99
929,83
862,75
560,6
842,60
259,108
57,114
117,104
773,49
786,111
287,104
681,106
762,74
989,96
138,109
440,17
974,1
976,104
213,75
582,49
686,89
564,110
463,61
88,41
615,24
224,113
166,9
74,95
234,11
334,9
980,29
927,68
407,49
278,38
502,39
626,77
324,56
477,67
115,29
993,23
89,56
889,45
468,3
835,45
639,10
931,4
113,45
418,47
469,75
389,49
491,52
602,11
678,62
809,107
958,29
389,76
527,102
577,51
930,37
633,46
69,112
566,42
885,36
659,18
902,93
642,92
930,50
40,104
374,64
405,84
205,43
460,76
409,26
885,18
709,1
858,61
40,89
208,96
12,106
980,97
126,83
248,91
374,20
189,35
179,26
904,83
377,37
279,40
12,58
324,18
178,59
456,73
422,78
895,58
177,39
317,82
817,59
319,102
332,108
465,106
744,65
934,40
820,32
280,91
419,1
240,80
877,105
488,25
923,81
688,3
905,52
951,43
947,48
558,76
626,34
529,18
12,17
230,61
127,15
622,45
914,95
282,33
690,9
273,65
305,56
90,41
637,78
660,10
255,6
217,4
252,38
750,39
392,108
670,99
808,78
768,30
511,74
512,76
930,99
234,71
803,90
668,65
850,111
675,39
639,110
455,5
813,2
636,55
657,60
985,72
461,90
820,6
459,4
795,80
411,66
601,74
531,15
401,96
515,29
837,101
910,68
777,11
554,11
625,23
144,52
838,95
63,2
630,12
597,88
534,52
458,25
999,16
185,101
76,70
532,82
937,35
555,35
700,85
180,70
553,74
277,40
384,29
647,42
452,64
95,69
681,103
615,18
253,113
957,45
287,21
50,61
931,109
646,6
495,113
722,104
930,22
455,89
483,24
932,24
633,28
165,1
974,89
884,73
152,10
813,51
409,98
369,48
652,8
891,3
786,11
566,105
293,98
458,8
998,107
198,70
326,105
139,19
187,16
715,3
195,69
940,108
953,15
535,17
906,61
343,39
69,90
206,74
836,79
790,60
542,7
606,79
404,9
782,101
754,31
703,8
891,76
347,13
78,80
443,26
78,76
6,35
343,66
46,109
740,36
210,45
401,47
805,51
574,7
100,99
37,72
840,76
982,114
913,83
52,82
528,81
851,35
862,63
758,86
84,97
38,57
257,42
115,56
751,31
752,11
962,95
827,34
280,76
254,100
403,30
980,90
755,1
542,112
957,75
343,46
470,46
777,110
900,16
678,88
953,104
700,114
675,113
740,42
498,82
117,46
139,31
648,112
215,28
763,42
30,58
98,58
712,9
962,9
641,53
22,46
104,60
233,76
622,36
281,101
587,71
432,35
691,61
270,45
311,66
310,20
858,93
199,38
820,42
313,59
293,92
565,101
705,27
793,90
198,15
276,92
729,100
922,80
681,37
200,80
684,95
181,81
296,33
221,32
253,71
266,91
380,55
945,35
922,3
413,52
119,87
270,36
146,22
355,83
680,107
221,64
128,86
629,5
397,36
934,72
420,71
338,74
714,49
582,75
145,89
30,43
376,88
422,90
566,77
902,109
711,85
222,40
371,11
759,47
43,57
758,75
480,41
573,59
165,42
590,88
95,75
815,39
211,100
431,48
10,20
914,108
98,32
739,40
296,47
143,66
914,24
562,21
679,82
367,43
298,47
60,53
180,111
282,61
409,68
291,29
682,88
492,94
689,50
844,19
320,70
740,10
313,49
23,88
844,52
271,4
448,15
158,69
982,85
308,30
352,36
488,7
130,70
582,98
375,70
967,32
226,109
988,23
756,104
225,105
52,55
369,14
951,81
537,55
409,90
429,22
777,97
792,6
956,6
478,47
530,103
593,86
9,70
858,7
389,106
50,55
101,53
450,82
816,63
678,68
562,106
318,48
859,84
863,67
865,46
561,29
109,73
316,25
227,77
583,70
555,6
456,86
538,27
98,57
726,54
388,43
118,54
299,10
315,83
123,46
703,51
686,113
908,37
659,83
654,7
340,14
580,12
238,103
913,91
491,39
68,49
444,17
454,93
16,88
24,87
297,71
997,60
685,19
851,107
906,62
985,70
344,50
740,101
790,40
234,112
332,63
119,108
30,109
975,92
280,20
135,94
46,27
381,85
476,64
3,7
640,49
99,43
31,72
602,68
638,19
696,66
309,60
220,82
427,15
636,80
997,114
438,46
632,67
90,13
856,108
617,82
544,3
984,13
689,43
267,6
530,46
128,94
539,57
376,89
9,64
696,77
634,51
305,38
656,94
784,88
245,72
963,104
996,80
752,1
881,27
343,12
641,85
963,13
659,59
208,10
704,94
889,28
66,34
851,17
882,105
792,94
988,104
260,41
525,1
308,19
972,39
339,79
144,106
9,75
424,77
902,23
995,3
249,48
217,13
361,61
132,67
598,79
43,45
880,39
329,2
342,12
515,55
293,87
402,44
720,75
423,102
747,51
132,114
835,73
142,37
978,75
584,68
531,53
25,114
3,99
268,57
879,84
895,18
745,47
320,70
434,47
905,14
574,40
398,80
772,18
882,31
561,33
997,66
118,30
664,22
969,1
64,54
736,96
21,59
598,66
87,11
67,98
345,39
554,63
557,85
706,28
674,75
317,64
429,93
472,36
861,44
92,34
554,58
140,35
630,66
197,34
852,50
611,70
96,101
783,88
570,73
567,75
136,38
605,62
909,59
13,104
472,25
188,42
669,95
615,23
714,50
471,60
406,1
318,102
527,13
473,82
544,53
649,103
506,89
987,46
315,16
361,11
335,69
217,103
427,2
678,2
189,22
811,71
192,59
602,57
606,27
648,41
427,18
404,43
633,39
767,74
605,114
884,69
100,44
978,6
292,8
206,103
983,97
282,45
654,100
405,42
934,98
297,114
389,34
924,28
451,20
41,31
846,86
8,23
175,34
893,73
928,80
220,103
89,61
53,88
152,55
225,34
507,112
674,67
694,19
172,90
255,34
870,24
623,90
684,91
996,59
259,15
690,95
963,41
834,82
6,106
905,78
690,2
256,102
757,52
397,51
716,27
161,63
165,110
7,43
151,28
92,2
350,113
511,12
981,100
212,5
999,106
534,63
442,100
962,73
580,18
705,102
976,60
942,61
702,8
154,11
307,62
518,91
522,108
609,103
312,63
802,75
376,17
365,68
864,48
151,104
758,41
452,78
204,44
402,38
683,86
791,1
303,69
497,114
955,105
408,21
668,58
972,45
256,19
584,19
35,43
417,108
193,106
894,109
67,48
233,65
285,25
256,81
422,54
460,23
574,80
795,16
402,63
879,39
338,63
459,88
107,35
909,56
588,45
991,12
335,8
344,48
57,6
394,54
475,40
590,82
756,80
903,62
11,87
486,19
146,67
85,99
906,104
394,97
873,50
76,107
779,79
710,54
723,47
453,41
732,37
952,30
92,94
745,52
732,96
923,79
185,73
324,98
157,66
115,107
346,20
985,19
406,89
379,96
524,7
17,65
358,46
569,79
103,10
285,24
412,80
667,98
879,28
951,8
617,37
425,73
965,12
430,60
102,7
441,56
874,84
136,98
626,84
598,41
192,77
646,13
940,34
123,52
489,62
624,81
832,76
960,60
589,81
126,73
460,62
550,60
855,113
584,105
29,60
912,111
235,101
839,36
94,87
248,49
759,20
508,30
779,66
382,59
146,43
802,107
797,56
607,98
399,97
868,110
498,7
890,63
88,27
413,46
171,4
111,60
966,16
72,61
476,4
254,71
645,90
597,50
611,99
863,112
645,46
478,56
287,107
22,79
997,19
17,8
796,65
903,45
319,114
272,13
97,87
283,97
584,110
295,107
724,55
968,76
401,24
113,97
190,82
334,14
181,66
547,43
983,102
342,3
267,107
4,67
591,104
363,84
128,9
24,85
124,48
519,107
178,67
780,51
475,27
562,108
673,73
352,64
122,95
693,33
356,74
566,17
611,96
829,112
10,59
212,58
678,66
659,36
650,42
323,113
890,69
947,67
338,98
564,49
599,102
75,85
323,52
505,4
759,92
158,53
603,19
64,99
246,50
636,14
718,17
518,38
381,93
564,69
54,29
634,18
617,91
706,103
579,25
687,30
788,25
809,66
775,31
71,28
791,99
19,84
523,76
1,59
174,111
280,51
859,35
55,114
945,11
33,46
975,96
233,112
649,109
712,51
53,80
889,78
973,74
546,21
902,96
920,44
29,73
781,81
675,84
770,49
506,12
931,38
806,25
39,26
156,30
80,51
217,71
566,84
261,112
343,65
225,99
847,80
672,36
277,109
717,48
651,88
276,2
99,41
415,60
370,95
175,35
742,79
757,107
865,38
367,76
167,35
717,40
334,53
448,72
339,20
108,102
497,21
616,38
340,109
268,72
962,12
624,78
211,92
896,84
914,39
85,33
152,41
237,98
914,48
60,3
595,13
137,108
646,88
937,104
771,69
596,69
160,97
363,13
67,60
893,10
747,46
595,105
250,30
390,15
757,14
677,84
924,5
527,85
904,36
306,72
177,81
750,5
409,43
48,57
481,114
384,53
30,106
848,51
888,82
660,61
308,107
670,76
887,87
138,11
773,68
26,74
790,79
302,85
581,5
60,81
14,77
799,43
643,96
33,54
604,17
497,41
402,84
211,67
378,96
57,23
164,87
844,59
257,11
891,108
416,67
16,96
135,53
582,88
960,87
12,103
44,3
187,78
231,64
464,26
980,48
16,50
480,12
915,21
148,64
696,47
224,105
602,37
4,113
651,88
548,104
786,75
884,112
433,68
385,68
735,88
908,60
504,107
46,60
300,69
953,53
634,5
794,10
953,14
946,90
174,5
458,93
465,7
917,1
653,6
664,20
495,36
827,75
23,50
751,59
33,90
355,96
471,86
273,18
401,73
30,78
66,2
563,4
598,26
389,46
132,107
652,35
978,94
460,41
975,16
322,78
282,111
490,106
82,93
418,38
538,18
311,47
179,15
367,33
194,86
553,73
941,62
490,16
767,74
261,7
935,6
157,2
315,87
221,62
37,49
937,85
306,19
359,79
995,41
492,57
748,103
157,99
754,31
132,53
760,33
321,32
715,98
837,56
682,55
932,23
215,75
425,92
551,18
774,64
617,42
541,42
967,42
337,21
202,93
621,92
348,52
169,68
278,53
259,77
674,35
581,5
941,114
644,87
885,49
732,2
288,111
482,62
107,83
370,39
278,74
289,33
265,105
173,62
59,83
277,14
467,73
787,21
766,73
203,95
828,89
279,20
977,40
566,61
662,8
631,59
450,52
151,48
572,83
990,102
873,28
671,16
233,106
613,38
994,41
304,107
396,43
533,52
255,49
82,99
563,42
415,37
968,95
401,72
351,55
301,76
978,39
765,88
151,57
181,3
625,24
676,109
697,79
819,100
829,66
145,67
206,87
126,112
538,111
596,46
736,94
705,41
607,15
324,45
434,108
915,108
936,57
294,105
7,63
208,41
604,61
790,71
632,49
731,39
785,94
528,94
304,63
840,57
303,104
554,79
364,67
587,91
922,24
857,15
196,19
227,96
941,91
601,6
159,35
736,109
608,21
572,52
352,40
310,49
606,113
859,8
305,114
677,55
516,44
456,96
265,111
405,13
620,91
656,80
743,77
268,1
911,28
660,57
664,58
853,34
557,97
544,105
635,94
935,32
498,54
169,41
605,83
640,60
97,53
249,19
835,22
51,113
530,40
962,32
566,112
995,89
742,10
212,76
44,79
26,25
579,112
701,11
958,27
554,28
561,41
59,73
682,82
851,54
80,29
36,67
947,71
337,5
756,98
665,54
312,76
703,94
275,56
869,93
627,1
402,2
820,25
681,31
197,92
301,79
519,44
690,1
829,28
331,79
606,103
406,22
865,52
170,52
733,112
357,90
449,69
879,110
116,40
34,102
878,8
574,32
900,63
396,28
723,98
279,26
602,74
789,95
526,97
869,1
649,108
875,72
989,100
93,25
583,37
548,45
708,78
416,23
945,59
345,62
759,23
473,49
290,38
591,86
37,111
950,24
614,67
499,29
684,37
183,3
598,111
334,19
857,30
679,9
123,81
439,20
48,27
105,67
854,27
103,95
141,20
277,102
306,54
814,8
309,6
396,42
505,26
130,113
436,46
75,47
274,89
857,5
836,75
70,107
206,73
267,60
864,24
292,21
248,102
861,64
686,34
416,9
397,83
903,95
848,63
450,69
384,4
138,81
422,73
858,63
835,57
162,20
692,70
433,21
906,22
798,108
70,31
640,24
828,56
710,105
367,20
994,25
685,96
382,36
398,45
788,101
643,63
35,59
319,39
933,36
794,42
212,79
589,59
818,110
463,78
487,10
843,36
106,62
866,106
996,65
253,15
608,47
477,95
820,114
170,89
943,94
603,2
851,90
532,65
372,31
689,50
372,107
439,22
404,97
345,6
800,7
220,79
390,61
467,26
621,108
934,76
97,6
301,60
124,67
531,98
257,35
905,23
572,87
557,108
881,87
648,96
671,109
755,99
69,114
204,40
217,101
776,38
560,39
468,82
309,53
130,41
532,109
479,6
248,80
575,38
728,20
509,51
217,86
261,18
170,52
830,81
564,102
941,41
648,33
770,49
120,89
349,41
305,39
706,45
948,25
77,47
547,64
328,53
519,104
266,40
860,35
773,82
384,51
785,82
68,106
103,35
605,47
259,59
360,58
961,92
47,43
454,67
657,78
282,94
64,3
454,24
390,73
927,94
959,13
308,16
786,67
638,104
9,70
821,66
477,10
120,84
552,75
920,24
51,60
924,113
297,66
873,97
633,69
457,25
920,57
679,101
128,94
839,60
345,54
396,31
448,82
475,80
