idPelicula,idPlataforma,precio,fechaAlta
12,4,18.08,2025-11-01
249,1,13.24,2022-07-30
223,1,12.93,2020-10-12
324,1,5.18,2025-02-28
484,2,12.95,2023-11-20
219,2,16.76,2023-05-09
53,2,18.15,2022-11-09
426,4,6.64,2022-03-31
74,1,12.78,2025-12-06
159,1,9.43,2024-09-14
443,3,9.92,2024-06-30
405,4,9.57,2021-07-28
78,1,8.92,2022-01-06
140,4,18.67,2021-10-12
299,4,13.14,2021-02-07
335,4,13.3,2023-05-06
329,2,16.44,2020-10-08
224,1,14.12,2021-04-16
254,2,13.66,2024-08-21
327,2,11.36,2025-03-08
448,3,17.82,2024-03-20
476,2,6.13,2020-04-30
231,2,6.87,2021-08-06
289,3,4.47,2023-12-07
40,1,17.41,2025-05-09
31,4,3.82,2021-05-26
96,2,12.43,2022-01-17
27,3,9.12,2023-08-04
186,2,9.83,2022-02-23
293,1,6.09,2020-09-16
338,1,18.35,2021-06-17
404,3,4.91,2025-05-13
454,3,5.62,2025-09-26
161,3,18.61,2025-01-08
140,1,17.67,2023-08-19
168,3,7.4,2024-08-08
444,3,19.87,2022-02-26
429,3,19.3,2024-12-23
21,1,5.06,2021-12-30
436,1,11.75,2023-05-06
482,1,18.5,2023-12-12
344,1,12.65,2023-10-01
347,1,8.54,2022-07-02
341,3,19.34,2024-02-28
145,1,13.31,2022-07-17
120,3,5.14,2025-04-14
98,1,9.62,2025-09-24
348,4,19.84,2023-07-06
16,1,8.2,2024-12-10
422,2,14.9,2025-03-25
89,3,5.07,2020-01-20
92,1,8.75,2023-02-13
310,2,12.61,2021-06-03
449,1,9.51,2020-09-03
489,2,3.94,2023-12-27
58,2,11.97,2022-12-28
33,1,5.83,2020-07-21
484,4,8.15,2022-01-02
132,4,10.44,2022-09-14
338,4,9.92,2022-06-21
75,2,16.94,2023-10-08
446,2,19.67,2024-06-09
296,4,12.47,2025-06-10
42,1,18.91,2025-08-19
341,1,10.71,2021-05-26
150,2,11.45,2023-11-19
339,3,7.85,2022-09-19
42,3,19.45,2022-09-16
462,3,11.28,2021-04-22
471,3,8.04,2025-09-05
154,3,18.42,2020-02-20
86,2,3.16,2024-11-07
29,3,6.07,2024-03-25
357,4,9.7,2022-09-29
125,4,9.79,2022-05-19
56,1,18.98,2024-08-18
99,1,11.43,2021-12-17
178,1,3.78,2020-06-09
107,3,3.07,2020-07-04
204,2,6.91,2025-04-12
190,2,12.43,2022-07-19
246,4,17.26,2023-08-23
413,1,16.73,2021-08-17
466,3,5.77,2021-07-04
55,1,16.51,2021-01-21
221,4,8.93,2024-07-14
459,2,8.49,2022-01-03
480,3,9.15,2023-06-04
499,1,4.68,2022-08-10
37,1,18.36,2022-06-26
37,4,18.59,2023-04-18
28,4,12.17,2022-11-17
106,1,15.83,2024-06-27
261,2,3.82,2023-05-18
22,1,12.44,2025-02-04
60,1,8.69,2022-10-18
221,2,11.4,2021-06-18
23,2,6.58,2021-02-07
170,3,11.13,2020-06-18
283,4,11.72,2024-01-03
243,1,7.44,2023-12-31
107,4,13.01,2022-01-17
177,3,9.89,2020-01-25
167,3,5.31,2020-07-20
132,2,5.42,2024-02-02
289,2,10.69,2020-01-27
94,3,3.65,2021-08-10
482,2,12.55,2022-12-28
196,3,10.1,2020-05-28
66,1,15.83,2022-11-30
179,2,10.05,2020-11-06
23,4,10.58,2022-11-08
460,1,9.55,2024-12-25
254,1,6.56,2022-07-02
67,2,9.3,2022-08-27
265,1,16.55,2024-10-13
49,3,9.03,2022-03-25
170,4,9.14,2022-08-31
282,4,6.12,2021-11-11
178,3,10.89,2024-02-21
231,4,10.57,2025-03-05
17,2,15.73,2025-10-03
359,3,8.33,2023-11-26
346,2,13.49,2023-12-14
349,4,17.54,2025-01-11
333,1,5.53,2020-02-26
326,3,6.97,2025-05-22
235,2,19.48,2020-09-05
247,4,18.07,2023-01-15
375,1,17.87,2025-09-17
72,4,12.37,2023-10-30
420,4,12.1,2020-11-15
25,3,12.14,2024-12-31
349,3,16.1,2020-07-23
30,1,7.65,2025-02-16
118,3,13.81,2021-05-23
161,4,17.61,2021-07-25
276,3,11.14,2024-07-24
477,3,7.64,2025-04-23
146,3,14.56,2022-02-16
9,3,15.35,2022-12-03
428,4,19.77,2020-12-17
467,2,7.93,2020-01-26
135,1,14.58,2023-03-08
124,2,9.91,2024-08-23
87,2,10.3,2020-03-20
88,1,17.22,2024-11-19
181,4,7.92,2021-11-10
292,4,16.1,2024-04-03
489,1,8.63,2023-01-29
91,1,12.26,2021-09-05
222,4,8.06,2020-06-02
415,3,5.18,2023-10-22
21,4,12.38,2024-04-11
218,1,17.32,2023-02-08
440,4,18.11,2023-02-14
433,2,6.23,2025-08-19
320,3,7.2,2022-09-28
415,4,5.2,2022-11-30
26,4,5.41,2020-12-12
225,1,4.32,2024-05-12
259,1,12.36,2023-05-01
462,2,4.27,2025-03-02
110,3,4.41,2023-01-31
311,3,18.1,2024-07-05
180,2,6.47,2023-06-16
131,4,14.03,2025-06-18
378,3,5.21,2021-11-20
59,3,10.97,2023-07-15
154,1,18.72,2020-08-25
258,4,14.43,2020-01-28
259,2,4.68,2020-09-17
66,4,12.72,2025-03-13
214,2,14.56,2023-07-27
420,2,4.82,2022-03-02
370,1,17.89,2021-03-26
330,2,10.05,2020-10-05
391,2,7.59,2023-10-21
6,3,7.24,2022-01-19
227,3,8.28,2023-12-15
266,3,16.06,2020-07-28
195,2,8.89,2020-12-24
373,3,8.18,2024-08-29
406,4,8.31,2025-05-02
469,2,12.21,2023-11-03
174,2,10.77,2020-01-01
457,3,4.96,2024-11-21
147,4,18.53,2023-10-06
217,1,16.11,2022-03-18
444,1,16.05,2024-07-13
65,2,5.44,2023-08-10
468,4,12.85,2021-03-19
101,4,4.31,2024-04-12
368,1,11.23,2025-01-30
492,1,16.56,2020-07-06
356,4,8.53,2023-08-24
27,4,10.36,2024-10-10
77,1,19.7,2020-10-07
201,1,17.64,2024-03-24
330,1,15.41,2024-11-07
463,2,3.59,2022-10-21
119,4,4.77,2021-10-25
82,1,14.32,2023-02-24
235,1,18.88,2023-04-29
298,4,12.8,2020-05-29
125,3,5.2,2023-02-22
284,2,6.31,2024-05-10
152,2,8.3,2024-08-31
458,2,7.78,2025-08-21
396,2,17.32,2024-05-10
308,4,5.93,2022-01-29
83,3,7.44,2021-08-20
25,4,15.72,2024-01-26
68,3,9.08,2024-03-15
436,2,9.85,2025-05-12
92,3,12.74,2024-02-19
307,3,16.02,2025-01-30
61,4,5.06,2025-06-25
265,3,12.71,2025-05-23
225,3,17.96,2024-07-20
121,3,18.44,2022-12-24
412,4,10.62,2025-07-23
16,2,12.26,2020-02-27
424,1,4.3,2024-03-16
309,3,11.11,2023-01-16
401,4,16.69,2022-02-15
159,4,5.81,2021-11-15
487,3,10.11,2024-03-21
362,4,17.02,2020-07-15
332,2,9.38,2025-06-16
76,3,18.19,2025-09-28
216,2,7.56,2025-09-17
350,3,18.1,2021-02-06
475,2,11.05,2024-07-04
257,2,4.01,2023-06-19
367,1,3.13,2025-06-22
294,2,3.09,2022-02-06
472,3,11.01,2023-08-31
130,2,13.22,2024-02-29
108,4,18.9,2021-11-25
76,4,17.84,2021-05-16
144,2,12.26,2020-12-24
318,1,10.56,2020-08-19
52,4,11.15,2025-07-01
102,3,12.3,2022-03-04
35,1,3.77,2022-04-28
497,2,19.65,2024-10-14
293,4,10.47,2021-02-13
392,3,19.87,2021-06-06
202,1,17.92,2022-05-05
220,1,12.3,2023-01-03
117,1,18.33,2022-10-27
375,4,8.5,2025-01-23
112,3,5.36,2021-01-30
379,3,16.97,2024-12-19
390,2,14.23,2024-03-15
395,1,6.89,2020-12-04
279,2,19.51,2025-08-14
496,2,9.13,2022-12-26
62,3,4.2,2022-08-30
269,1,11.25,2022-01-07
39,1,4.29,2024-10-26
498,2,16.54,2024-07-18
416,3,9.96,2025-05-02
140,3,8.79,2022-01-18
51,2,8.79,2024-12-15
36,3,17.13,2020-06-07
54,3,7.32,2020-06-24
189,3,5.76,2022-07-05
138,1,5.73,2023-09-17
189,4,8.8,2024-10-05
102,1,11.91,2020-05-03
228,4,19.48,2024-01-08
428,3,5.09,2022-09-09
363,1,13.69,2024-06-18
257,1,15.52,2023-12-02
170,2,18.87,2020-02-18
71,2,14.36,2021-10-25
6,4,18.37,2025-02-25
265,4,16.37,2020-06-26
215,4,19.66,2021-05-02
166,2,8.92,2022-07-27
154,2,16.76,2023-01-03
175,4,12.45,2024-05-15
447,2,16.45,2023-02-18
424,3,15.32,2022-05-31
378,4,11.55,2025-01-23
77,2,8.76,2023-05-28
406,3,18.13,2020-12-06
71,1,15.16,2023-03-22
324,3,13.61,2025-05-16
470,3,7.12,2022-04-24
406,1,9.41,2023-04-10
147,3,4.07,2022-04-22
235,3,4.83,2023-09-19
427,2,3.29,2020-08-22
365,2,3.09,2021-06-12
342,2,18.49,2021-12-08
292,2,19.12,2025-10-07
100,4,3.64,2024-05-08
270,2,3.67,2024-01-24
434,4,12.57,2023-04-24
34,1,17.31,2024-06-10
22,4,4.3,2023-07-08
291,2,14.05,2021-01-04
289,1,13.3,2022-04-23
403,4,5.93,2022-01-02
41,1,12.38,2023-07-13
409,2,13.91,2020-03-13
2,3,19.87,2024-04-29
304,2,17.62,2023-02-06
317,3,16.92,2024-02-13
291,4,19.03,2020-06-22
352,3,4.34,2022-07-15
9,1,3.65,2021-07-21
465,4,8.14,2020-01-03
136,1,18.02,2022-09-11
188,4,10.2,2021-11-07
253,1,3.52,2022-08-09
264,1,12.99,2022-10-24
196,1,6.76,2022-10-01
130,1,11.25,2020-10-04
337,3,6.44,2025-08-09
242,1,11.99,2020-03-25
486,1,14.8,2023-02-05
328,3,17.2,2020-05-28
3,4,4.89,2020-06-03
355,1,10.06,2023-02-15
67,1,8.63,2024-01-30
430,2,9.09,2022-07-24
411,4,6.56,2020-02-25
374,1,7.82,2021-03-28
174,3,11.25,2025-07-06
178,2,19.65,2023-11-06
109,4,13.99,2024-03-26
396,1,17.99,2022-06-20
447,1,10.67,2025-09-04
206,4,10.95,2025-01-13
306,2,3.63,2023-08-25
370,2,15.13,2023-03-03
311,2,18.89,2024-08-21
454,2,9.68,2023-02-28
355,4,9.94,2023-12-25
295,3,9.35,2022-03-19
128,3,10.78,2022-05-06
175,3,10.63,2021-03-27
232,1,5.95,2023-04-25
106,2,11.15,2020-07-19
381,2,14.25,2020-05-05
457,4,16.78,2022-09-06
277,1,13.3,2023-07-29
371,1,9.98,2021-04-25
27,2,6.1,2020-12-16
213,3,7.9,2025-06-17
175,1,8.79,2023-07-14
371,3,13.1,2020-09-15
20,2,12.71,2025-04-29
149,2,15.16,2025-04-16
97,2,13.24,2022-07-25
361,4,12.56,2021-05-02
139,4,10.54,2022-02-20
300,2,9.76,2020-06-18
441,1,8.91,2023-03-10
193,3,5.18,2025-05-01
452,2,14.13,2022-08-11
288,4,15.54,2020-04-19
336,3,8.69,2022-12-10
381,3,13.5,2020-08-06
19,4,3.88,2024-08-20
137,1,7.54,2024-08-07
446,1,4.56,2024-05-13
43,4,15.69,2023-12-15
360,1,13.22,2020-11-27
102,4,15.61,2025-09-10
331,2,9.22,2024-07-23
29,1,15.02,2020-07-22
61,3,15.93,2020-06-23
293,2,14.81,2024-02-08
186,3,15.86,2020-04-22
249,2,16.36,2021-06-17
491,2,8.95,2024-05-14
1,1,4.69,2020-05-21
353,3,4.85,2024-03-23
452,1,6.1,2025-05-06
449,4,10.11,2025-08-15
281,2,9.08,2023-03-24
478,2,5.43,2021-07-19
275,4,3.45,2023-08-02
252,2,15.93,2023-07-12
462,1,10.43,2025-03-24
85,3,4.44,2020-12-23
285,1,18.72,2020-01-17
461,3,12.54,2021-06-12
81,4,5.73,2025-01-08
139,3,19.93,2020-01-04
160,3,5.06,2021-11-28
335,2,12.66,2020-08-16
331,1,5.89,2023-08-13
321,4,9.28,2020-03-10
156,4,18.66,2022-01-20
262,4,4.08,2020-11-08
290,1,3.32,2023-08-22
46,4,7.82,2021-07-20
250,3,3.01,2020-01-15
475,4,8.65,2020-08-25
274,3,16.16,2023-08-14
294,3,17.56,2025-08-15
200,2,13.24,2025-01-11
309,2,15.16,2023-05-20
337,1,18.83,2025-10-10
365,3,10.03,2020-09-14
139,1,6.38,2025-06-07
118,1,6.87,2021-06-13
178,4,9.01,2020-01-03
14,1,15.75,2025-02-20
386,1,9.65,2022-12-13
103,4,9.08,2025-06-08
49,4,12.55,2021-10-10
499,3,10.83,2020-11-11
290,3,9.38,2023-12-18
487,1,17.36,2024-06-08
71,4,13.61,2022-05-14
416,2,16.93,2021-08-11
236,2,17.25,2020-09-15
194,2,17.39,2023-01-20
348,1,16.68,2023-05-03
302,2,13.59,2021-08-28
479,3,4.43,2022-05-24
498,3,11.72,2025-09-07
474,4,14.87,2024-04-26
188,1,3.5,2021-09-16
415,2,4.01,2023-03-20
112,4,8.86,2025-07-06
257,4,9.2,2020-02-09
2,2,3.08,2020-05-28
434,1,10.72,2022-07-02
4,2,4.48,2023-12-05
128,1,18.74,2023-12-12
210,4,5.27,2020-10-05
341,2,6.88,2022-04-25
420,3,17.59,2021-10-08
328,4,16.27,2020-10-24
302,4,6.53,2023-01-25
253,2,18.73,2020-08-18
304,1,3.45,2024-03-22
431,2,3.43,2021-09-05
308,2,9.8,2023-02-09
330,4,12.12,2021-09-16
427,3,18.21,2024-10-16
415,1,14.65,2022-08-18
118,4,6.36,2021-03-04
24,2,11.94,2025-01-23
315,3,16.3,2021-06-08
339,2,11.72,2025-08-10
51,4,5.66,2021-12-18
355,3,7.49,2024-07-12
354,2,4.27,2025-08-01
60,2,10.16,2025-01-04
419,2,10.13,2020-06-07
146,1,16.31,2024-12-30
93,4,11.55,2021-03-10
23,1,3.53,2024-09-06
107,1,12.83,2025-09-11
19,1,3.64,2023-08-11
52,1,10.68,2024-10-02
359,2,7.54,2020-06-16
423,1,4.51,2021-03-21
231,1,8.01,2025-06-02
227,4,7.03,2024-05-19
467,4,17.49,2022-05-27
314,4,6.82,2021-11-29
365,1,19.08,2022-07-03
395,3,19.3,2024-02-03
270,3,17.23,2022-01-02
382,1,19.26,2025-03-06
69,1,14.81,2024-11-06
90,2,18.07,2025-06-11
50,3,9.58,2022-03-14
455,4,8.11,2020-04-26
355,2,7.01,2022-08-07
13,4,8.06,2024-10-29
284,3,4.63,2025-09-20
144,3,10.53,2020-10-17
12,1,12.65,2020-09-12
443,2,17.47,2022-09-26
455,2,4.28,2023-02-03
109,2,3.52,2022-07-15
277,2,3.7,2023-11-02
239,4,19.88,2023-11-25
99,2,3.28,2021-01-02
80,1,5.38,2025-03-05
301,2,19.69,2020-03-01
195,3,13.81,2024-07-17
198,1,19.74,2024-01-13
432,1,4.77,2020-04-20
456,3,4.9,2020-05-20
353,1,17.5,2020-05-06
495,1,9.9,2021-08-12
250,2,7.84,2024-08-05
425,2,5.23,2023-04-17
202,3,15.34,2025-03-18
454,1,9.41,2021-08-12
322,4,18.84,2023-02-13
334,1,15.11,2022-03-16
435,1,8.55,2020-05-20
282,1,4.3,2020-05-05
155,1,14.98,2023-02-24
312,2,10.15,2024-08-11
37,2,12.2,2024-02-19
404,4,17.17,2021-07-17
151,4,14.95,2024-07-09
183,4,16.49,2023-09-27
295,4,13.72,2023-11-07
192,4,5.87,2020-07-07
188,2,15.13,2021-02-19
152,3,7.29,2021-10-31
79,2,18.6,2024-01-31
155,4,19.45,2021-02-15
82,3,11.01,2023-02-08
271,3,4.87,2025-02-15
220,2,15.97,2020-03-31
103,2,18.02,2020-08-17
89,2,12.54,2021-12-30
495,3,6.67,2025-04-25
432,3,5.3,2021-10-10
25,1,10.65,2025-04-20
451,3,3.3,2020-06-17
260,4,13.14,2023-04-24
319,3,18.57,2020-12-12
208,1,16.07,2022-10-23
48,1,13.74,2022-01-02
217,3,15.95,2022-09-28
419,1,10.31,2024-10-31
19,2,8.58,2022-04-25
460,3,5.72,2020-06-15
91,4,16.8,2021-10-04
275,3,6.58,2024-11-24
73,1,8.69,2022-09-25
94,1,6.12,2024-10-14
472,2,10.13,2020-02-10
148,1,14.44,2025-01-10
76,1,5.44,2020-02-26
181,3,2.99,2020-01-30
418,3,19.59,2020-03-29
377,1,6.42,2024-07-02
7,3,17.38,2022-01-27
422,4,13.44,2021-08-01
489,3,11.61,2025-01-13
225,4,4.63,2023-09-04
302,3,7.97,2022-11-23
221,3,18.81,2024-07-31
105,4,11.51,2020-07-29
483,4,11.12,2021-03-15
348,3,18.25,2025-09-05
12,2,9.33,2025-03-07
318,4,13.61,2020-07-20
450,2,8.44,2023-11-16
306,4,9.04,2022-01-30
384,2,11.88,2023-03-18
208,4,14.4,2023-09-22
388,2,4.52,2023-02-08
352,2,9.77,2024-08-01
310,4,12.46,2022-09-09
382,3,5.86,2024-02-18
152,1,7.08,2022-02-09
431,3,8.12,2020-10-10
217,2,7.11,2025-04-12
429,1,12.43,2020-08-18
85,1,17.32,2021-07-13
448,4,9.02,2022-03-14
408,1,16.46,2020-05-12
292,3,11.37,2023-06-07
279,3,5.09,2020-05-29
54,2,9.62,2023-05-07
390,4,19.47,2025-05-20
16,3,13.49,2025-05-10
325,4,16.88,2022-12-03
111,1,15.47,2025-10-08
257,3,12.46,2020-08-02
68,4,7.21,2021-05-07
219,1,6.8,2022-04-22
255,3,6.19,2023-02-01
347,3,6.16,2022-07-25
81,3,12.07,2024-09-13
480,2,13.17,2021-02-18
18,1,9.19,2023-10-09
280,1,18.08,2022-07-24
157,4,8.72,2024-08-19
366,3,8.63,2025-07-15
387,3,5.83,2024-03-01
70,1,12.07,2021-08-28
407,1,7.37,2024-11-21
317,2,17.96,2020-03-12
372,3,7.63,2020-06-25
129,2,17.39,2023-03-31
112,2,17.92,2023-12-21
456,1,14.9,2022-04-07
396,3,6.62,2022-02-23
160,4,3.68,2021-08-16
379,2,7.69,2025-02-15
483,1,6.53,2024-11-01
183,1,6.84,2025-01-30
412,1,3.62,2020-01-27
203,3,18.77,2021-01-28
263,4,11.9,2024-09-22
237,3,16.29,2024-03-01
394,2,12.91,2020-05-07
173,1,12.96,2023-10-01
164,4,8.01,2020-10-03
9,2,13.23,2020-08-18
246,1,6.89,2022-09-13
362,1,10.67,2022-04-23
191,3,6.81,2024-06-01
237,1,18.18,2021-09-14
313,2,11.25,2020-01-08
120,1,18.33,2021-06-26
327,4,8.88,2022-08-10
268,1,4.44,2022-08-29
246,2,6.19,2025-01-22
114,2,6.45,2023-08-09
256,3,5.17,2021-02-11
376,4,3.25,2024-07-31
367,2,9.34,2023-04-28
475,1,6.35,2022-09-13
367,3,10.53,2024-07-18
404,1,6.5,2025-02-26
243,4,4.49,2021-07-07
271,1,5.53,2020-09-09
164,1,3.22,2021-09-14
163,4,7.99,2022-10-13
456,2,15.85,2020-05-19
163,2,6.85,2023-11-14
399,4,18.14,2023-05-01
150,4,12.11,2021-01-07
334,4,10.46,2020-11-19
230,3,15.54,2020-12-25
319,4,15.53,2023-11-26
403,2,9.02,2023-08-10
473,2,12.1,2022-05-20
70,3,6.97,2022-07-20
225,2,15.9,2022-06-20
204,1,9.69,2024-01-16
433,3,18.96,2022-07-06
481,3,4.16,2020-02-17
209,2,15.89,2024-12-12
185,1,12.6,2025-02-08
233,1,11.89,2024-11-12
385,3,16.04,2020-05-20
197,1,5.01,2024-02-22
203,2,15.73,2023-02-19
211,2,5.96,2021-12-15
88,3,13.76,2024-02-05
169,2,18.03,2020-08-22
201,4,7.43,2022-01-15
412,2,10.47,2020-01-10
168,4,8.56,2020-12-16
45,4,7.69,2021-01-08
362,2,6.31,2024-11-24
475,3,16.54,2021-01-03
342,3,9.45,2024-06-10
108,1,11.56,2023-01-05
166,1,6.35,2023-08-08
269,3,12.4,2024-08-04
368,4,15.56,2025-08-20
491,3,16.94,2023-03-20
87,3,5.69,2024-02-26
474,1,7.41,2025-02-06
361,1,4.54,2025-07-23
413,2,18.03,2021-06-15
199,2,14.3,2022-08-05
116,1,9.49,2023-07-24
95,4,11.9,2025-10-02
460,2,10.32,2021-06-12
141,2,18.4,2025-06-06
213,1,18.29,2024-08-03
50,2,18.74,2022-07-26
62,4,17.18,2023-07-07
55,3,16.63,2020-03-18
44,4,13.23,2022-08-23
447,3,12.89,2020-07-19
471,1,15.84,2020-09-26
125,2,6.96,2020-11-09
150,3,5.04,2021-08-22
336,4,12.05,2020-03-07
131,1,3.28,2023-04-03
97,1,16.3,2023-01-26
411,2,11.44,2024-04-19
383,1,19.47,2021-06-11
255,1,3.55,2023-08-12
392,4,19.8,2023-07-18
247,1,11.22,2025-03-23
115,3,4.88,2020-09-17
259,3,11.8,2024-01-12
262,2,8.83,2020-10-31
180,3,19.39,2022-09-02
181,2,9.98,2020-07-23
104,4,19.01,2024-02-19
359,4,17.92,2024-03-05
60,3,10.3,2021-07-24
239,1,14.89,2023-01-14
351,1,12.71,2024-01-05
66,2,18.67,2022-10-23
399,1,6.69,2021-04-05
4,1,8.55,2023-12-21
305,1,5.99,2021-05-12
113,2,18.16,2022-07-15
391,1,10.44,2024-10-15
275,1,10.27,2021-05-05
11,1,9.01,2023-11-28
32,1,14.81,2023-02-06
23,3,14.99,2020-09-19
129,4,5.68,2022-08-21
167,1,8.61,2023-02-12
226,1,17.7,2025-04-28
118,2,14.03,2021-11-03
389,3,7.83,2023-07-06
464,4,18.04,2022-10-20
63,2,19.07,2024-08-03
47,2,5.41,2024-10-14
358,3,8.53,2023-09-27
306,3,8.69,2022-05-09
459,3,10.47,2023-05-22
324,2,18.94,2024-06-01
254,3,19.16,2022-02-04
80,4,13.19,2021-02-23
371,2,5.27,2022-01-25
150,1,13.41,2024-08-09
326,1,3.53,2024-07-02
53,4,3.0,2024-09-27
300,4,3.88,2020-06-22
493,3,15.7,2025-03-13
100,2,7.44,2020-02-23
283,2,3.96,2023-02-25
90,1,19.13,2025-05-28
65,4,19.48,2022-02-21
110,2,5.36,2022-03-04
445,2,16.81,2020-03-12
398,2,9.31,2024-08-23
366,4,19.31,2020-10-30
470,4,11.5,2022-02-12
464,1,14.66,2025-02-20
42,2,6.55,2024-11-28
380,2,10.86,2023-07-23
497,3,6.65,2023-12-21
228,2,10.34,2025-04-07
195,1,5.34,2023-02-19
481,2,15.67,2022-10-07
430,3,12.03,2021-07-13
170,1,4.08,2021-07-23
131,3,3.88,2024-05-27
190,3,18.63,2020-07-09
342,4,5.96,2024-08-05
252,3,11.34,2021-12-06
256,1,4.31,2020-02-12
418,4,5.71,2023-05-18
242,2,10.82,2023-01-29
90,4,8.55,2025-07-06
446,3,5.4,2023-04-01
97,3,15.02,2023-05-12
321,1,6.33,2025-01-23
269,4,13.66,2020-11-27
103,1,10.79,2022-07-28
111,4,9.56,2025-10-06
474,3,19.71,2024-06-06
478,1,19.05,2024-08-28
369,1,17.69,2020-02-20
89,1,3.9,2021-06-13
32,3,7.5,2020-12-21
250,1,12.04,2020-07-09
176,1,9.67,2025-03-13
20,4,17.55,2021-08-17
418,1,9.94,2023-06-15
35,3,11.49,2025-02-12
75,3,16.28,2023-09-06
53,3,8.05,2020-03-12
317,1,14.26,2021-06-04
314,3,8.94,2025-06-18
69,4,5.07,2025-09-23
46,1,16.08,2020-06-18
262,1,6.91,2020-01-12
372,2,13.31,2023-06-26
333,2,19.21,2024-07-09
137,2,9.3,2023-09-10
428,2,13.72,2021-02-19
448,2,6.69,2021-01-17
404,2,11.85,2023-07-03
362,3,14.12,2020-05-18
445,1,18.29,2025-03-30
164,3,4.91,2023-07-19
250,4,18.84,2022-12-13
161,1,12.35,2023-08-10
11,4,18.33,2021-12-14
30,3,14.21,2025-04-05
3,3,10.75,2024-07-03
403,3,18.21,2022-06-20
191,1,4.04,2021-08-18
461,2,4.23,2022-12-31
229,1,13.93,2023-06-27
318,2,13.45,2023-12-10
200,1,11.84,2023-01-17
397,4,5.92,2020-08-31
465,3,18.19,2022-03-30
35,4,4.27,2023-09-29
468,2,12.23,2021-01-04
315,1,7.18,2022-03-31
413,4,8.6,2022-12-16
426,3,19.1,2022-06-26
207,4,10.62,2023-08-13
363,4,17.61,2020-04-06
385,1,11.74,2022-01-14
469,1,11.88,2025-08-10
157,2,16.3,2024-02-04
169,4,18.13,2023-09-19
400,1,18.41,2025-09-22
407,4,5.73,2021-12-25
296,1,14.66,2021-08-12
233,4,8.88,2023-06-09
411,1,15.05,2021-09-26
192,1,5.42,2024-08-11
184,2,15.27,2024-04-17
105,1,17.56,2021-06-06
205,4,7.62,2023-06-13
481,4,5.21,2024-07-28
163,1,6.91,2022-11-15
275,2,10.72,2020-10-12
383,4,15.77,2022-03-27
215,3,9.59,2021-01-09
353,4,19.92,2023-05-04
191,2,18.19,2021-11-02
260,3,4.48,2024-04-11
338,2,16.25,2024-08-22
290,4,16.68,2025-06-03
126,2,19.57,2023-12-12
106,4,19.42,2020-04-02
256,4,4.83,2021-09-08
183,2,11.33,2020-09-23
172,2,3.66,2025-10-08
380,1,18.52,2021-04-02
305,2,6.88,2020-01-10
87,4,7.53,2025-09-07
436,3,18.35,2020-09-07
109,1,3.45,2022-04-23
470,2,3.66,2021-09-27
58,3,14.32,2021-07-27
396,4,10.46,2024-04-21
105,2,7.36,2025-09-20
482,3,4.96,2024-05-02
165,3,16.84,2024-08-18
423,3,18.54,2020-04-15
456,4,12.12,2024-06-08
147,2,9.56,2020-05-06
287,3,10.6,2021-05-11
109,3,15.65,2020-12-01
345,3,17.82,2022-08-03
144,4,8.04,2021-06-25
334,2,17.29,2020-09-03
442,1,12.48,2021-07-03
116,4,14.82,2021-10-08
8,2,18.87,2022-10-30
255,4,7.41,2020-05-25
276,4,4.51,2021-04-06
318,3,8.81,2024-12-17
77,3,14.21,2024-09-25
393,1,16.66,2024-10-12
165,1,11.46,2020-04-06
267,1,10.72,2021-05-21
352,4,12.35,2021-06-07
97,4,11.38,2024-12-15
84,4,8.47,2021-02-04
64,1,9.37,2023-07-06
162,1,14.11,2020-10-02
303,4,10.69,2021-11-13
346,3,5.84,2020-02-27
215,2,17.51,2021-05-15
297,2,8.96,2021-08-09
69,2,3.48,2020-02-04
312,4,11.97,2025-09-27
476,3,4.16,2025-03-17
142,3,11.76,2020-09-28
432,2,9.95,2022-10-18
301,1,4.37,2025-02-26
232,3,12.1,2024-02-16
433,1,15.02,2020-03-16
124,4,13.24,2020-10-27
288,2,17.42,2020-07-23
61,1,17.44,2023-03-17
158,1,9.18,2021-07-12
199,4,7.63,2023-08-27
171,2,19.81,2022-04-03
273,3,8.99,2025-04-09
380,3,15.89,2022-03-26
488,2,9.66,2024-04-02
99,4,3.69,2021-06-24
272,1,13.8,2022-05-01
272,4,18.51,2024-10-13
95,3,8.93,2020-07-26
26,3,16.98,2024-11-13
198,3,13.11,2021-10-27
350,2,8.49,2020-01-18
137,3,9.38,2023-12-12
206,2,15.69,2021-11-16
443,4,10.39,2020-10-22
67,4,11.9,2024-08-25
50,4,5.36,2024-10-27
224,4,10.74,2023-06-26
218,2,2.99,2023-07-29
327,1,10.44,2023-06-11
1,4,17.9,2021-02-13
245,1,19.06,2022-09-26
374,3,10.43,2021-12-25
317,4,9.79,2024-08-06
230,4,12.94,2025-04-27
68,1,14.52,2021-08-22
18,4,13.09,2023-03-18
85,4,14.17,2024-11-22
326,4,3.97,2024-06-19
169,3,15.73,2021-05-30
88,2,3.41,2025-04-05
281,3,19.77,2024-08-02
234,4,3.02,2024-01-15
14,4,5.73,2022-12-25
480,1,16.39,2020-05-17
251,3,13.42,2024-01-03
258,1,3.02,2023-03-15
278,4,13.76,2020-09-18
272,3,3.1,2023-11-11
273,4,5.26,2025-01-01
281,4,9.1,2023-05-19
463,3,9.65,2024-04-18
370,3,9.81,2023-05-19
197,3,8.45,2023-05-13
104,2,4.01,2020-08-06
160,1,15.12,2024-09-16
323,2,7.09,2025-09-01
214,4,17.08,2022-10-24
149,3,18.36,2021-01-18
391,4,17.81,2021-05-01
476,4,6.18,2024-10-12
472,4,18.34,2020-08-04
371,4,14.76,2020-04-13
88,4,8.02,2022-06-05
343,1,11.07,2022-07-01
186,1,14.57,2020-09-07
478,3,11.13,2025-01-26
221,1,15.42,2024-05-03
133,2,7.62,2022-01-07
408,2,14.75,2024-01-05
360,3,11.54,2025-05-22
282,2,16.05,2022-06-04
167,4,8.49,2021-11-24
182,4,10.03,2025-06-25
81,2,12.43,2020-06-21
321,3,14.76,2020-05-20
95,1,5.38,2023-06-15
307,4,18.13,2020-11-12
187,2,17.74,2023-05-16
86,3,19.08,2021-03-25
173,3,16.6,2020-06-26
410,4,8.7,2023-08-24
409,1,5.94,2020-03-02
255,2,10.91,2025-08-29
48,2,18.11,2021-10-20
249,4,10.27,2024-02-12
320,2,10.37,2025-06-11
473,4,14.87,2024-11-08
191,4,5.36,2022-07-05
373,2,6.78,2023-08-07
17,3,3.94,2025-07-10
177,1,16.46,2024-09-11
446,4,11.3,2020-07-11
102,2,10.03,2021-08-28
15,4,17.85,2024-08-29
463,1,7.18,2023-01-23
453,4,12.51,2021-06-02
133,4,17.27,2023-06-14
414,4,16.16,2021-07-17
467,1,9.53,2025-01-03
82,2,17.85,2023-09-21
328,2,14.19,2023-11-14
496,1,6.76,2025-08-01
80,3,7.47,2022-11-10
216,4,7.52,2023-08-05
119,2,18.06,2022-08-31
462,4,8.41,2021-11-17
222,3,12.14,2025-04-08
1,2,17.01,2024-07-16
276,1,14.08,2021-03-08
286,3,6.08,2025-07-04
226,3,5.48,2022-01-17
379,4,13.92,2023-06-26
406,2,7.5,2024-09-30
368,2,12.55,2022-12-20
192,3,14.99,2022-09-01
40,4,16.1,2021-01-18
92,4,18.79,2023-09-25
495,4,5.76,2025-09-11
382,4,6.89,2023-09-19
378,1,9.7,2020-10-20
210,3,19.33,2023-11-13
63,3,16.8,2025-09-08
135,4,12.78,2022-04-29
494,2,9.84,2023-08-11
435,2,8.01,2022-01-06
288,1,7.3,2025-05-19
103,3,17.86,2023-05-25
24,3,14.16,2020-02-10
238,3,17.17,2020-06-07
363,2,7.52,2022-07-09
106,3,3.57,2020-12-11
239,2,8.05,2020-09-18
147,1,6.77,2020-11-25
299,1,8.72,2022-02-25
228,3,16.67,2020-01-25
469,4,9.02,2021-04-25
425,4,17.72,2022-12-15
58,4,11.24,2022-02-17
38,3,12.2,2025-08-03
354,3,13.91,2021-08-26
238,2,5.72,2023-04-05
425,3,16.89,2021-05-24
421,2,16.84,2022-04-06
402,4,9.24,2022-10-17
316,3,9.85,2021-01-23
222,2,14.49,2022-01-26
322,2,4.09,2022-02-14
286,4,7.18,2024-10-17
64,3,19.55,2025-02-14
431,1,13.87,2025-05-25
151,1,8.66,2024-11-11
485,2,3.75,2023-01-15
294,4,13.11,2020-07-11
445,4,17.31,2021-11-11
401,2,13.95,2024-01-01
24,1,14.85,2023-02-04
52,2,18.42,2022-01-20
499,2,10.6,2020-06-19
141,1,11.21,2023-02-09
376,3,14.49,2025-03-21
74,3,6.26,2023-12-26
219,3,13.41,2025-08-20
449,2,15.63,2024-01-05
100,1,15.49,2020-06-14
116,2,3.89,2022-06-09
410,3,12.09,2024-11-29
140,2,6.26,2021-12-05
136,3,8.75,2022-01-03
158,2,8.2,2023-12-12
209,3,10.34,2020-02-29
486,4,12.54,2025-04-01
486,3,7.27,2021-03-10
64,2,8.82,2024-08-12
123,4,5.81,2024-08-03
171,4,9.61,2020-06-12
119,3,4.72,2021-04-12
298,3,5.6,2025-05-25
32,2,16.37,2021-01-02
356,2,8.19,2021-11-26
28,1,8.62,2024-01-29
45,3,4.03,2022-08-27
297,1,19.03,2024-08-01
57,1,19.87,2021-08-03
381,1,14.23,2022-11-03
18,2,4.11,2021-08-20
412,3,11.23,2020-02-27
444,2,9.49,2021-04-05
11,2,19.58,2024-08-14
477,4,3.31,2025-04-28
378,2,14.32,2024-11-08
344,2,8.55,2024-03-12
479,4,18.26,2022-07-09
110,4,15.09,2022-06-24
268,2,16.74,2025-07-15
417,1,4.01,2021-11-02
484,3,10.21,2022-05-10
390,1,4.7,2022-07-08
377,2,16.91,2023-05-17
258,2,15.94,2023-06-23
326,2,14.18,2023-04-06
202,4,17.31,2021-03-13
223,4,10.5,2022-08-08
176,2,9.72,2023-07-26
340,4,10.69,2022-05-26
359,1,14.7,2020-04-22
313,1,6.1,2022-01-07
293,3,15.81,2022-06-08
263,2,17.52,2024-05-21
181,1,5.53,2020-01-27
194,4,4.73,2022-03-30
364,1,9.98,2022-06-11
208,2,16.55,2020-11-06
289,4,13.5,2021-10-24
490,2,9.84,2025-07-24
485,1,4.58,2020-05-27
143,3,7.26,2022-06-24
453,3,16.34,2023-08-15
201,3,13.55,2024-07-18
428,1,17.25,2024-04-25
339,4,16.99,2024-09-29
419,4,15.96,2025-01-26
101,2,14.9,2020-01-02
8,3,4.22,2025-07-04
59,1,7.33,2022-03-06
364,4,7.26,2025-05-22
172,3,12.72,2021-10-24
409,3,8.31,2020-07-16
299,3,15.06,2024-09-12
27,1,11.14,2024-06-17
121,1,15.16,2024-08-22
2,4,18.4,2023-12-01
450,3,11.67,2023-01-31
177,4,15.98,2025-02-02
249,3,10.52,2021-07-04
127,4,7.54,2022-04-25
493,2,7.35,2024-08-07
58,1,13.3,2023-05-13
84,2,4.07,2024-07-10
38,1,15.51,2024-04-17
369,2,19.92,2025-05-12
142,4,8.42,2020-03-24
367,4,8.82,2020-07-02
340,3,16.5,2024-04-18
30,4,4.58,2025-06-07
271,4,9.06,2024-03-26
45,1,11.14,2023-05-18
3,1,6.8,2020-06-06
149,4,15.53,2022-02-16
198,2,16.15,2023-02-04
285,4,10.59,2022-09-19
332,1,3.69,2023-08-14
486,2,7.54,2023-11-12
236,3,8.04,2020-05-23
331,3,11.6,2020-10-19
414,2,19.92,2021-08-08
116,3,3.47,2021-04-12
497,4,8.48,2020-10-04
22,2,16.15,2025-03-06
494,1,18.2,2023-01-30
391,3,15.39,2021-07-22
80,2,18.78,2023-05-10
422,3,14.9,2021-04-10
226,2,10.32,2025-01-11
464,2,4.21,2024-10-04
397,2,19.38,2020-09-25
216,3,17.06,2022-06-11
450,1,11.93,2021-11-30
369,3,8.6,2023-01-18
386,4,6.3,2025-04-25
377,4,3.53,2021-02-04
1,3,19.04,2025-08-13
44,3,11.45,2023-07-27
77,4,8.08,2024-06-02
351,2,6.82,2020-05-20
44,1,4.18,2020-08-25
287,2,7.99,2023-05-02
402,2,17.83,2020-09-03
115,1,18.18,2022-04-16
126,3,6.3,2023-04-21
455,1,13.0,2023-06-22
165,4,19.05,2021-04-17
49,1,4.46,2020-04-23
62,1,11.95,2024-11-13
141,4,3.14,2022-07-04
40,2,10.83,2021-07-04
380,4,13.84,2020-04-30
421,4,9.88,2021-04-04
451,2,11.96,2024-08-15
296,3,19.75,2025-02-11
63,1,16.4,2025-06-10
124,1,4.0,2023-04-12
490,4,14.16,2023-01-02
349,2,4.05,2023-02-24
348,2,14.33,2022-03-10
366,2,14.96,2022-12-10
266,4,5.03,2024-09-29
86,1,12.29,2022-12-18
158,4,17.2,2024-11-27
461,1,6.26,2022-07-06
199,1,13.69,2021-03-31
354,1,9.7,2021-04-20
387,4,12.65,2025-06-10
163,3,11.89,2024-05-22
157,1,14.17,2021-03-09
4,4,10.17,2023-04-29
198,4,7.13,2023-06-02
33,4,15.4,2024-11-27
388,1,12.81,2022-12-21
381,4,16.82,2020-12-14
279,1,3.8,2025-03-29
417,2,19.36,2023-06-09
75,1,7.33,2022-12-09
421,3,9.03,2023-07-09
394,3,3.23,2020-05-18
83,2,13.38,2020-03-17
85,2,9.44,2024-11-24
336,2,12.1,2021-02-27
129,3,16.98,2022-11-10
149,1,7.55,2022-10-20
283,3,19.2,2023-02-17
361,2,4.68,2025-05-08
94,4,17.83,2022-04-10
386,2,14.74,2025-06-11
440,3,16.89,2021-12-17
365,4,10.43,2025-01-13
298,1,6.71,2022-09-23
57,3,13.15,2020-08-31
304,4,5.67,2025-02-05
214,1,8.0,2022-09-23
315,4,9.54,2022-02-01
49,2,11.86,2021-03-03
316,2,7.08,2020-10-23
483,2,3.85,2025-07-21
47,3,17.42,2021-10-10
94,2,18.68,2020-07-31
402,3,19.36,2025-08-22
121,2,14.05,2020-02-07
322,1,18.68,2024-09-27
490,1,4.17,2020-08-31
20,3,11.69,2020-03-17
232,4,19.92,2020-02-29
444,4,9.64,2023-12-30
375,2,17.92,2023-02-03
182,3,12.4,2022-02-28
144,1,5.86,2023-10-25
248,3,9.05,2023-09-21
273,2,7.22,2020-01-29
264,3,18.61,2025-09-10
340,2,17.12,2024-07-22
93,3,5.54,2024-05-21
284,4,3.77,2022-10-10
366,1,17.64,2023-11-23
442,4,7.68,2020-08-30
290,2,19.42,2025-06-07
171,3,13.96,2022-08-03
218,4,4.35,2020-09-02
493,4,17.48,2023-09-07
162,3,18.18,2024-08-04
194,3,16.24,2024-05-25
46,3,4.81,2022-11-02
278,1,12.96,2022-08-01
431,4,5.48,2025-01-28
492,2,6.59,2022-03-25
134,4,16.56,2023-06-23
457,1,14.98,2023-01-26
432,4,8.59,2020-04-21
263,3,12.56,2023-07-04
123,2,4.46,2022-01-09
211,4,16.92,2023-04-25
384,4,11.23,2021-10-24
259,4,3.39,2022-10-09
151,3,19.71,2023-09-10
36,4,18.76,2021-03-06
247,3,14.23,2024-03-24
153,3,16.04,2023-07-23
87,1,19.4,2022-01-08
373,1,11.26,2024-07-04
30,2,17.15,2024-03-10
39,3,11.03,2024-11-03
177,2,8.94,2021-09-20
190,1,5.63,2025-06-22
79,4,17.35,2022-05-20
268,3,17.62,2022-01-05
405,1,7.97,2020-07-01
10,4,13.44,2023-09-24
216,1,9.25,2023-10-12
33,3,7.8,2023-05-26
345,4,10.96,2021-05-17
477,2,16.66,2024-06-01
375,3,8.99,2021-12-20
207,3,19.12,2025-06-24
43,1,6.55,2025-05-29
409,4,14.71,2021-12-09
454,4,18.85,2024-04-28
127,3,7.69,2023-01-12
148,4,18.01,2023-03-18
471,4,6.4,2022-10-10
6,2,11.34,2021-11-18
31,2,5.5,2021-01-29
438,3,4.43,2024-02-26
465,2,16.2,2021-03-20
440,1,19.79,2024-02-10
491,4,4.71,2025-07-13
33,2,4.08,2021-06-06
39,4,16.41,2025-08-10
234,1,7.24,2023-11-05
156,1,6.13,2020-02-19
169,1,5.9,2020-09-14
244,3,18.0,2025-03-06
127,1,14.22,2020-04-06
241,2,4.97,2025-05-04
278,2,10.98,2025-01-27
264,4,13.54,2025-01-21
138,2,4.28,2021-05-05
264,2,13.68,2021-09-28
15,1,19.43,2020-07-19
346,1,16.49,2021-04-03
112,1,19.37,2020-08-22
286,2,17.33,2022-03-03
143,2,7.81,2024-05-30
223,3,5.28,2020-09-13
156,2,15.08,2022-03-30
394,4,13.19,2020-02-20
207,1,3.1,2021-06-25
135,3,14.62,2021-08-20
441,3,5.12,2020-12-25
5,2,19.4,2023-10-04
38,2,5.96,2025-05-22
349,1,19.85,2021-08-27
374,4,19.12,2023-12-26
114,4,11.21,2020-01-29
42,4,4.98,2023-05-30
322,3,10.69,2023-01-05
360,4,16.62,2020-07-26
104,3,12.96,2024-06-12
89,4,3.54,2022-02-20
51,1,12.82,2024-09-15
5,4,18.45,2021-10-07
174,1,14.93,2023-11-19
251,2,8.54,2021-06-30
418,2,12.56,2023-06-03
350,4,8.33,2022-07-03
339,1,8.47,2024-11-21
135,2,13.06,2021-07-27
203,4,18.58,2024-01-10
261,1,6.29,2021-10-19
274,1,13.5,2021-06-17
353,2,6.35,2022-05-23
292,1,15.77,2021-04-11
343,2,6.61,2021-03-09
403,1,13.78,2022-11-16
417,3,8.51,2024-03-21
183,3,5.05,2024-02-14
441,4,4.88,2020-05-09
439,4,17.32,2021-05-01
159,3,18.33,2023-01-23
14,2,12.82,2020-10-20
424,4,12.21,2024-09-30
387,2,13.26,2020-04-21
111,2,19.3,2022-10-23
437,3,9.91,2020-04-09
343,3,17.88,2020-07-31
491,1,13.13,2023-09-20
466,1,13.0,2021-07-29
480,4,7.14,2021-06-06
258,3,3.32,2024-11-15
267,4,5.15,2020-06-17
134,1,9.08,2024-01-07
29,4,14.44,2025-09-05
392,1,9.8,2025-09-12
425,1,5.7,2023-01-05
364,3,15.72,2024-05-09
83,1,3.1,2020-04-30
386,3,5.59,2025-04-17
55,4,9.81,2025-04-23
312,3,19.83,2022-01-28
75,4,13.59,2023-02-17
298,2,15.67,2024-06-11
410,2,18.05,2023-07-24
145,4,19.69,2022-09-05
316,4,11.68,2022-04-27
399,3,7.12,2021-02-12
54,4,10.11,2021-11-20
465,1,4.49,2025-10-05
392,2,4.17,2020-01-19
303,2,18.3,2025-06-30
344,4,4.33,2022-01-05
332,4,16.45,2023-05-17
47,4,14.0,2024-07-02
189,1,15.9,2023-07-24
280,3,3.48,2024-02-13
232,2,6.95,2022-09-14
487,2,18.06,2020-06-10
41,4,18.25,2024-08-06
128,4,8.47,2024-09-17
384,1,10.28,2021-09-28
127,2,10.32,2022-09-07
357,3,4.34,2022-01-28
419,3,7.28,2024-06-04
270,1,10.12,2023-10-31
421,1,7.6,2024-01-30
234,3,3.4,2022-02-28
332,3,7.04,2025-04-10
179,3,10.08,2021-04-05
352,1,12.93,2021-03-26
148,3,11.52,2023-01-12
168,2,4.97,2022-04-07
320,4,16.98,2021-09-20
335,3,8.2,2023-10-17
261,4,12.51,2020-11-22
266,2,8.65,2022-05-14
239,3,12.55,2025-08-09
399,2,13.19,2023-03-10
482,4,11.63,2022-01-15
395,4,8.93,2022-07-16
291,3,10.2,2023-12-07
161,2,13.47,2024-05-16
338,3,15.5,2024-08-17
441,2,16.41,2020-09-17
64,4,3.67,2021-09-30
314,1,16.02,2024-07-01
242,3,13.8,2025-06-02
187,3,5.93,2021-07-21
212,1,9.11,2020-03-11
184,1,9.65,2024-09-07
302,1,14.29,2024-06-24
60,4,10.83,2023-08-22
360,2,3.64,2022-04-06
59,4,7.87,2022-11-02
310,1,12.4,2025-08-23
443,1,18.04,2021-04-27
426,1,13.12,2023-04-27
130,3,16.13,2025-06-11
414,1,14.78,2020-09-30
337,2,17.46,2021-01-10
90,3,13.62,2020-03-04
493,1,7.11,2023-12-10
308,3,13.38,2020-12-02
201,2,6.46,2023-04-27
18,3,18.4,2023-01-09
200,4,18.82,2020-08-14
313,4,12.49,2020-05-06
434,3,12.62,2022-02-17
427,4,15.34,2025-09-18
187,1,12.88,2025-06-04
69,3,15.97,2023-10-25
498,4,6.5,2024-02-11
242,4,13.02,2024-07-26
393,2,19.69,2024-05-26
128,2,10.77,2024-03-20
192,2,17.96,2022-09-08
285,2,19.5,2025-06-08
477,1,16.28,2021-07-13
229,4,19.52,2020-06-28
466,4,16.59,2022-12-11
134,2,17.55,2022-01-10
165,2,10.17,2024-06-27
46,2,4.22,2023-12-01
329,3,10.31,2020-03-16
303,1,5.95,2022-08-25
440,2,14.33,2020-08-21
297,4,3.19,2024-11-04
182,2,16.39,2023-05-21
265,2,8.14,2025-01-05
244,4,5.16,2023-08-03
57,2,3.32,2023-09-06
138,4,18.07,2020-11-29
471,2,15.11,2023-08-30
142,2,14.43,2022-10-17
320,1,8.81,2020-08-06
279,4,18.74,2020-08-10
437,1,3.86,2021-08-26
395,2,13.33,2025-02-04
337,4,8.78,2020-07-10
73,3,17.16,2025-06-28
313,3,15.0,2025-08-05
108,2,11.49,2020-07-16
309,1,13.19,2024-07-06
148,2,13.92,2021-05-29
241,1,10.05,2020-08-02
196,4,5.54,2023-04-11
252,4,14.82,2023-12-06
278,3,8.05,2022-01-09
327,3,6.95,2025-01-17
228,1,12.35,2020-01-30
245,3,4.19,2024-09-09
240,2,12.3,2022-07-23
7,4,16.98,2023-02-11
28,3,18.17,2021-12-17
347,4,10.27,2022-04-07
123,1,15.69,2021-08-01
262,3,14.77,2020-07-10
400,4,13.02,2022-09-08
195,4,9.33,2022-11-17
70,4,9.67,2021-09-26
296,2,8.81,2024-09-01
136,4,18.63,2021-09-19
244,1,12.77,2021-01-23
499,4,17.47,2024-07-26
115,2,11.47,2022-10-03
492,4,18.21,2022-08-13
452,3,16.86,2022-12-31
56,4,3.89,2021-08-31
24,4,6.08,2021-05-31
105,3,11.67,2024-12-19
398,1,5.43,2025-01-30
124,3,3.05,2023-06-18
347,2,5.12,2024-09-09
26,1,6.35,2025-02-13
117,2,7.3,2021-04-10
358,2,9.95,2021-09-26
416,1,6.7,2023-09-08
204,4,17.18,2023-11-27
211,3,8.24,2024-11-25
108,3,18.08,2022-09-19
245,2,14.54,2022-02-01
241,4,16.98,2025-01-17
182,1,7.98,2023-12-06
36,2,18.14,2023-03-01
333,3,10.76,2022-09-05
243,3,14.69,2020-02-12
438,1,7.13,2020-03-02
387,1,19.86,2020-01-07
305,3,17.95,2025-03-29
430,1,11.24,2023-02-18
7,2,3.56,2023-02-08
267,3,4.31,2021-08-19
485,3,9.49,2020-09-18
13,2,6.98,2025-05-07
436,4,18.56,2021-10-17
314,2,9.62,2023-05-31
373,4,11.62,2025-04-13
427,1,6.09,2021-12-14
156,3,8.75,2023-06-03
131,2,16.7,2023-02-07
266,1,3.05,2024-09-12
81,1,7.12,2020-04-27
400,2,13.04,2022-07-08
200,3,9.1,2022-08-01
383,3,3.86,2025-03-19
420,1,4.17,2023-02-02
82,4,16.79,2022-12-02
442,3,13.58,2020-10-26
217,4,12.1,2020-08-07
287,4,13.25,2023-06-23
114,3,14.51,2024-02-03
184,4,6.46,2022-07-28
166,3,5.0,2022-11-05
22,3,19.15,2020-01-30
263,1,7.55,2023-07-13
71,3,19.86,2020-09-18
401,1,15.55,2024-09-10
52,3,19.32,2024-12-08
245,4,16.22,2025-04-21
437,4,3.75,2025-02-07
45,2,17.23,2024-06-14
113,4,15.34,2021-06-17
155,2,16.04,2021-12-03
32,4,5.15,2022-11-14
25,2,17.81,2020-08-04
312,1,8.5,2024-02-12
389,1,19.8,2025-03-27
113,1,13.42,2025-04-15
56,2,17.43,2021-01-06
280,4,19.26,2024-08-08
438,4,8.65,2020-09-09
495,2,19.79,2024-06-03
101,3,3.89,2021-09-21
98,3,16.32,2020-07-17
120,4,13.25,2022-09-09
72,2,13.64,2022-12-25
310,3,17.44,2021-10-19
251,1,7.65,2022-08-18
143,4,17.25,2024-05-11
358,1,7.13,2021-08-06
376,1,16.66,2023-04-07
188,3,19.5,2024-10-05
484,1,14.84,2023-05-31
117,4,10.21,2021-09-13
270,4,13.44,2024-08-06
15,3,3.44,2020-04-25
311,4,9.03,2025-05-07
254,4,19.83,2025-07-01
215,1,4.9,2021-10-13
8,1,3.65,2020-04-15
295,1,11.2,2020-11-20
401,3,10.69,2024-10-05
114,1,13.26,2020-01-04
50,1,14.13,2021-04-17
141,3,6.6,2025-05-16
204,3,3.62,2021-03-31
272,2,4.0,2025-02-18
394,1,5.25,2022-08-01
247,2,12.88,2020-11-29
389,2,12.74,2020-06-06
224,2,5.64,2021-03-03
65,3,19.95,2023-11-16
276,2,12.11,2022-05-29
145,3,17.21,2024-04-09
218,3,5.48,2025-05-30
107,2,17.94,2024-11-07
385,2,14.05,2022-05-25
159,2,12.46,2020-02-01
86,4,12.74,2025-03-15
48,3,5.57,2023-08-19
227,2,4.46,2025-02-01
7,1,16.8,2024-09-22
203,1,14.38,2023-02-15
79,3,11.35,2025-05-26
79,1,8.24,2025-10-11
358,4,9.66,2022-02-23
426,2,11.45,2022-04-14
476,1,12.5,2022-09-05
110,1,6.54,2023-12-28
34,3,11.45,2022-10-28
211,1,9.25,2021-03-09
267,2,13.96,2022-03-06
143,1,7.57,2020-01-12
455,3,10.06,2025-04-05
36,1,10.67,2024-03-21
363,3,15.16,2023-10-29
212,2,14.57,2023-02-09
53,1,3.37,2020-04-30
153,2,19.36,2024-11-27
341,4,18.27,2021-03-20
400,3,8.75,2024-12-07
172,4,3.41,2022-05-21
398,3,6.54,2025-07-08
269,2,4.73,2025-03-30
248,1,18.57,2024-12-23
74,2,6.74,2020-07-19
448,1,8.59,2023-09-29
226,4,18.08,2022-04-29
172,1,6.02,2023-09-26
153,4,4.11,2021-12-31
133,3,16.79,2020-03-15
377,3,10.08,2021-07-02
229,3,19.91,2023-09-05
209,1,6.91,2025-08-14
115,4,3.06,2021-11-13
461,4,19.5,2024-02-27
345,2,8.61,2020-04-05
137,4,16.24,2023-03-31
390,3,3.74,2023-12-19
21,2,16.34,2024-11-29
157,3,16.23,2024-09-11
129,1,12.24,2020-09-11
10,3,12.66,2023-03-07
356,1,6.64,2020-05-03
84,1,14.12,2022-03-25
145,2,15.37,2020-05-20
284,1,15.1,2023-03-20
429,2,3.78,2021-07-20
240,4,16.35,2021-12-04
176,3,13.58,2024-07-05
72,3,12.39,2023-06-08
206,1,19.08,2024-01-14
227,1,10.63,2021-06-15
408,4,18.04,2024-03-25
179,1,15.77,2021-08-23
220,3,17.04,2025-04-04
136,2,13.87,2021-04-20
214,3,10.36,2025-06-30
240,1,10.99,2021-04-30
233,3,8.6,2023-05-25
430,4,19.8,2020-09-10
185,3,18.55,2022-06-12
277,4,5.62,2024-11-19
70,2,15.21,2021-11-23
473,3,5.33,2023-10-26
96,1,7.83,2022-02-07
138,3,12.41,2023-01-04
74,4,9.21,2020-06-04
29,2,7.57,2020-07-26
78,3,15.4,2023-02-20
122,2,14.4,2022-11-26
282,3,17.03,2024-10-24
213,2,14.59,2020-01-30
342,1,4.79,2020-05-20
174,4,6.07,2023-04-02
72,1,4.32,2023-01-12
285,3,16.39,2025-08-30
34,4,10.63,2021-01-22
297,3,15.3,2025-03-07
78,4,19.72,2022-12-11
63,4,13.01,2024-04-29
10,1,16.3,2024-09-09
162,4,16.16,2020-06-13
303,3,8.92,2020-06-16
38,4,7.92,2021-07-15
305,4,5.8,2024-12-10
300,3,4.7,2024-02-17
423,2,18.0,2023-04-20
414,3,17.3,2020-06-03
384,3,10.25,2023-12-05
433,4,9.14,2021-10-02
329,1,8.41,2023-09-15
492,3,6.39,2024-08-16
236,1,8.16,2024-04-29
133,1,10.8,2021-08-31
194,1,14.24,2025-07-23
186,4,15.97,2021-02-04
21,3,8.16,2022-07-31
429,4,18.12,2021-12-14
10,2,10.29,2024-05-04
152,4,5.13,2022-04-17
488,4,15.81,2023-01-20
488,3,11.47,2022-11-16
208,3,5.73,2025-04-08
479,2,5.65,2020-06-28
130,4,4.03,2020-03-15
452,4,17.53,2025-07-23
20,1,8.57,2021-04-01
8,4,7.11,2024-01-05
304,3,9.09,2022-08-03
374,2,9.41,2023-08-22
237,4,13.02,2021-09-27
253,4,9.98,2021-12-06
315,2,3.42,2024-06-14
98,4,8.5,2023-07-26
260,2,8.89,2021-02-19
458,4,3.08,2024-07-29
212,3,6.84,2021-07-19
15,2,15.0,2020-01-07
37,3,10.24,2024-09-13
223,2,15.93,2021-05-04
485,4,11.0,2025-07-23
453,2,12.27,2024-10-02
34,2,15.37,2023-11-28
4,3,9.8,2020-12-01
307,2,7.06,2021-01-14
450,4,8.38,2024-11-23
323,1,18.01,2024-01-20
234,2,4.81,2020-12-16
451,1,19.63,2020-11-04
466,2,15.12,2023-10-21
424,2,19.07,2025-06-19
479,1,16.23,2020-12-22
28,2,5.86,2023-10-09
382,2,17.73,2022-06-20
17,4,14.65,2022-10-27
91,2,5.04,2020-11-26
96,4,9.5,2023-11-08
457,2,15.4,2022-05-25
496,3,17.73,2024-05-21
238,4,9.05,2023-07-05
470,1,17.12,2022-05-02
220,4,17.17,2024-04-30
416,4,3.12,2023-08-01
370,4,15.79,2025-02-28
393,3,16.32,2020-12-11
295,2,17.65,2023-12-28
413,3,19.38,2022-05-31
319,2,15.21,2022-03-10
168,1,9.1,2022-06-14
95,2,16.03,2023-02-26
2,1,7.08,2025-02-27
478,4,9.33,2020-03-11
329,4,14.71,2023-12-21
372,4,12.01,2023-11-12
6,1,14.34,2024-02-11
26,2,4.51,2021-02-03
206,3,4.67,2023-03-30
497,1,18.98,2022-04-15
439,2,8.94,2020-08-22
343,4,8.98,2025-03-13
212,4,4.5,2020-06-17
235,4,6.94,2024-06-26
268,4,13.35,2021-02-12
357,2,6.49,2022-05-10
468,3,11.61,2021-12-23
51,3,5.21,2023-02-16
173,4,7.98,2021-07-03
383,2,5.18,2025-06-08
385,4,17.01,2021-12-15
61,2,15.8,2022-11-24
78,2,14.49,2024-06-26
487,4,4.66,2025-04-26
459,1,6.33,2024-07-20
154,4,6.39,2025-02-03
205,1,13.19,2021-12-08
273,1,5.54,2021-07-03
244,2,10.29,2020-08-25
193,2,8.52,2022-10-28
202,2,5.35,2023-09-05
132,1,3.53,2021-03-31
91,3,3.89,2023-02-23
351,3,19.71,2021-04-22
9,4,10.0,2024-06-07
449,3,15.53,2025-07-16
408,3,5.5,2020-06-28
356,3,13.68,2021-09-11
372,1,3.74,2020-01-13
92,2,5.95,2025-05-16
101,1,15.8,2025-01-27
207,2,8.99,2023-07-06
219,4,8.45,2020-05-08
307,1,17.59,2021-09-06
422,1,19.27,2023-03-29
153,1,8.02,2024-07-14
405,3,10.57,2023-03-05
458,1,13.46,2024-07-25
488,1,12.83,2023-05-07
160,2,10.46,2020-09-01
340,1,13.5,2021-11-12
67,3,3.95,2022-01-10
294,1,13.23,2020-11-23
5,1,4.82,2024-02-20
117,3,10.44,2024-06-03
309,4,9.55,2020-07-02
252,1,16.17,2022-06-06
248,4,12.44,2021-02-12
277,3,14.78,2025-03-27
435,3,4.37,2024-09-11
445,3,4.76,2023-01-31
376,2,6.48,2023-04-18
126,4,19.27,2024-12-07
210,2,11.9,2021-03-16
125,1,5.18,2023-04-06
472,1,19.74,2022-10-01
417,4,12.91,2024-01-14
185,4,12.98,2022-08-14
397,3,18.23,2022-04-20
180,4,9.72,2022-10-11
388,3,5.51,2022-05-29
459,4,8.31,2021-03-26
55,2,13.59,2021-04-07
287,1,16.5,2023-08-07
463,4,9.06,2020-11-13
35,2,6.03,2025-01-07
274,2,17.44,2021-07-20
193,4,6.8,2023-04-29
222,1,13.4,2020-12-11
442,2,7.54,2023-10-28
54,1,14.94,2022-06-16
336,1,19.84,2020-07-26
122,1,3.59,2021-01-20
397,1,8.09,2025-03-17
389,4,19.1,2022-12-17
306,1,12.44,2025-01-31
498,1,14.12,2024-01-30
73,4,10.66,2024-02-21
453,1,5.82,2020-08-13
184,3,19.52,2023-07-02
274,4,17.94,2022-04-22
96,3,6.44,2021-06-30
43,3,18.21,2020-08-26
496,4,4.64,2022-06-13
197,2,9.8,2023-04-19
47,1,7.9,2023-02-16
447,4,4.67,2020-03-21
180,1,15.83,2022-06-04
301,4,10.94,2022-03-27
13,3,7.42,2020-09-12
243,2,15.83,2021-05-01
407,3,16.26,2024-07-14
66,3,11.29,2020-03-18
364,2,14.73,2021-01-07
76,2,19.91,2020-05-12
300,1,13.65,2020-08-23
251,4,18.13,2025-07-23
119,1,8.33,2021-01-25
231,3,18.55,2024-07-11
324,4,10.8,2024-06-05
469,3,14.13,2020-08-31
189,2,3.09,2022-02-17
100,3,19.08,2022-09-19
65,1,3.33,2025-07-03
319,1,16.53,2021-07-11
407,2,3.63,2022-01-04
248,2,15.21,2022-02-24
99,3,18.86,2022-02-09
236,4,8.86,2024-08-23
167,2,8.87,2021-05-18
489,4,4.42,2021-10-13
104,1,16.17,2020-03-01
280,2,9.17,2021-04-23
490,3,8.54,2024-05-31
142,1,10.05,2021-10-03
123,3,6.97,2020-11-23
41,3,17.44,2025-01-21
345,1,13.16,2021-02-01
93,1,6.28,2024-11-16
132,3,10.22,2022-11-06
48,4,5.33,2020-11-05
344,3,13.73,2023-05-19
361,3,15.03,2023-12-15
325,3,16.23,2022-11-09
31,3,14.64,2020-06-21
93,2,19.17,2021-03-09
113,3,7.4,2024-02-06
351,4,8.43,2020-09-06
299,2,3.43,2023-10-07
271,2,7.36,2025-07-10
246,3,11.35,2022-04-14
354,4,7.01,2025-10-07
173,2,5.14,2024-09-06
438,2,12.75,2021-04-17
175,2,5.92,2020-02-14
230,1,19.11,2023-07-06
193,1,15.12,2025-01-01
16,4,11.56,2023-11-11
301,3,9.4,2023-06-30
350,1,3.79,2022-10-29
434,2,17.48,2023-08-22
111,3,5.57,2025-07-04
256,2,12.7,2023-05-07
146,4,13.66,2024-06-29
197,4,11.67,2023-04-09
19,3,3.09,2024-12-03
481,1,13.59,2020-03-25
369,4,7.59,2023-05-21
473,1,17.14,2022-12-03
14,3,8.94,2024-05-18
410,1,16.89,2025-08-26
12,3,17.41,2025-04-11
139,2,7.66,2025-01-07
439,3,5.6,2024-10-29
281,1,7.73,2020-02-25
423,4,15.01,2020-07-27
368,3,10.85,2020-06-22
209,4,3.09,2023-03-31
451,4,16.67,2024-03-17
325,1,9.04,2023-08-28
146,2,9.42,2020-12-19
467,3,17.17,2025-05-23
122,3,13.33,2024-06-12
158,3,7.77,2023-08-06
164,2,10.69,2021-12-07
213,4,13.54,2022-03-22
460,4,15.74,2023-01-15
233,2,9.41,2023-07-08
43,2,11.12,2025-03-19
402,1,11.35,2024-01-24
240,3,3.69,2021-08-16
437,2,15.83,2024-03-02
464,3,6.43,2025-01-08
205,2,18.85,2024-12-03
331,4,9.3,2025-01-18
11,3,18.51,2022-10-18
120,2,19.03,2020-08-11
411,3,15.09,2023-09-08
151,2,15.95,2021-01-12
62,2,13.29,2025-04-20
56,3,15.92,2022-09-25
323,4,10.32,2022-08-30
439,1,15.33,2022-03-09
283,1,14.46,2025-08-14
435,4,14.51,2023-07-14
333,4,11.41,2023-02-15
171,1,3.07,2022-07-14
321,2,3.11,2024-09-07
121,4,19.3,2021-09-26
458,3,16.79,2024-09-18
494,4,8.42,2022-10-12
190,4,18.99,2023-01-10
474,2,6.53,2021-05-16
187,4,19.91,2022-06-11
335,1,11.47,2023-12-12
185,2,18.33,2024-03-27
210,1,17.47,2022-03-10
83,4,15.03,2025-05-07
398,4,16.81,2024-04-15
316,1,3.46,2024-02-05
122,4,13.0,2023-10-14
241,3,13.34,2020-11-17
134,3,5.31,2023-08-20
291,1,15.03,2022-08-10
196,2,16.03,2023-05-13
84,3,11.06,2020-09-11
73,2,16.62,2023-02-12
3,2,14.83,2022-10-03
162,2,8.04,2021-08-08
325,2,5.79,2022-06-08
199,3,11.84,2023-03-30
68,2,12.98,2020-10-25
483,3,3.81,2021-08-18
41,2,5.72,2025-08-15
405,2,14.44,2021-02-14
468,1,3.87,2022-01-03
5,3,12.02,2022-01-04
346,4,12.4,2020-07-06
261,3,16.37,2020-09-15
98,2,6.24,2020-06-13
17,1,18.35,2020-03-28
288,3,16.38,2021-04-09
260,1,4.11,2024-12-17
179,4,9.08,2021-07-05
238,1,3.06,2020-08-22
39,2,17.48,2022-06-25
166,4,12.51,2021-12-13
286,1,15.43,2025-07-09
126,1,9.79,2024-02-17
379,1,19.87,2020-08-17
357,1,6.74,2021-10-27
230,2,4.7,2024-08-12
40,3,14.77,2024-07-03
328,1,10.35,2025-02-18
13,1,5.49,2025-02-20
176,4,9.8,2023-11-06
44,2,8.2,2024-04-23
253,3,6.8,2025-03-03
393,4,9.22,2023-05-13
237,2,6.33,2021-08-19
334,3,10.88,2025-04-15
388,4,16.83,2025-03-10
