idPelicula,idPersonaje
1,1
1,2
3,3
3,4
1,5
2,6
4,7
2,8
2,9
5,10
1,11
4,12
5,13
2,14
4,15
4,16
1,17
3,18
2,19
4,20
5,21
5,22
2,23
2,24
5,25
4,26
4,27
2,28
4,29
4,30
3,31
5,32
3,33
1,34
4,35
1,36
1,37
4,38
5,39
3,40
1,41
3,42
2,43
3,44
4,45
3,46
4,47
5,48
2,49
4,50
3,51
4,52
4,53
2,54
1,55
1,56
5,57
2,58
4,59
1,60
2,61
4,62
3,63
1,64
5,65
2,66
2,67
4,68
2,69
2,70
1,71
5,72
5,73
1,74
4,75
2,76
1,77
2,78
4,79
4,80
1,81
5,82
3,83
4,84
2,85
5,86
3,87
2,88
4,89
1,90
2,91
1,92
2,93
5,94
4,95
5,96
4,97
2,98
3,99
3,100
4,101
2,102
3,103
2,104
3,105
2,106
3,107
5,108
3,109
4,110
3,111
5,112
3,113
4,114
3,115
4,116
5,117
3,118
4,119
2,120
2,121
3,122
5,123
3,124
1,125
1,126
4,127
4,128
3,129
1,130
1,131
2,132
1,133
4,134
3,135
4,136
4,137
3,138
4,139
5,140
2,141
3,142
2,143
4,144
4,145
2,146
5,147
1,148
3,149
5,150
2,151
4,152
5,153
4,154
1,155
2,156
1,157
2,158
1,159
3,160
1,161
2,162
1,163
3,164
2,165
1,166
1,167
2,168
5,169
5,170
4,171
5,172
5,173
3,174
1,175
3,176
5,177
2,178
4,179
5,180
1,181
4,182
1,183
4,184
1,185
4,186
5,187
5,188
1,189
3,190
4,191
1,192
3,193
2,194
1,195
1,196
3,197
5,198
1,199
1,200
4,201
2,202
4,203
5,204
5,205
1,206
1,207
2,208
2,209
3,210
2,211
1,212
1,213
3,214
2,215
1,216
3,217
4,218
2,219
1,220
5,221
1,222
4,223
1,224
3,225
4,226
1,227
2,228
2,229
5,230
4,231
2,232
2,233
5,234
1,235
2,236
5,237
3,238
4,239
2,240
1,241
3,242
3,243
2,244
4,245
5,246
3,247
1,248
3,249
2,250
4,251
3,252
1,253
1,254
5,255
2,256
4,257
4,258
2,259
3,260
3,261
3,262
4,263
2,264
2,265
4,266
1,267
1,268
3,269
1,270
2,271
4,272
3,273
5,274
2,275
4,276
3,277
5,278
4,279
5,280
4,281
5,282
3,283
5,284
1,285
2,286
4,287
3,288
2,289
4,290
2,291
2,292
2,293
2,294
3,295
2,296
2,297
5,298
5,299
1,300
3,301
4,302
4,303
2,304
2,305
1,306
4,307
4,308
4,309
4,310
3,311
1,312
4,313
4,314
3,315
2,316
1,317
3,318
5,319
4,320
4,321
1,322
1,323
3,324
1,325
2,326
2,327
3,328
4,329
5,330
4,331
1,332
1,333
3,334
5,335
1,336
1,337
4,338
3,339
5,340
1,341
4,342
1,343
3,344
1,345
4,346
5,347
4,348
3,349
2,350
2,351
5,352
2,353
1,354
2,355
2,356
4,357
3,358
4,359
5,360
4,361
2,362
1,363
1,364
3,365
5,366
3,367
5,368
5,369
3,370
4,371
4,372
5,373
4,374
5,375
3,376
5,377
5,378
3,379
5,380
4,381
1,382
5,383
5,384
3,385
5,386
2,387
2,388
3,389
5,390
3,391
4,392
1,393
1,394
2,395
4,396
1,397
5,398
5,399
3,400
2,401
2,402
4,403
2,404
3,405
3,406
4,407
1,408
5,409
5,410
2,411
1,412
2,413
2,414
4,415
5,416
1,417
2,418
1,419
2,420
2,421
3,422
2,423
1,424
5,425
4,426
3,427
4,428
5,429
3,430
1,431
5,432
4,433
4,434
3,435
3,436
1,437
3,438
1,439
5,440
4,441
5,442
3,443
5,444
3,445
4,446
1,447
4,448
2,449
3,450
5,451
3,452
3,453
1,454
2,455
5,456
5,457
3,458
4,459
1,460
4,461
2,462
4,463
1,464
1,465
5,466
3,467
4,468
3,469
3,470
4,471
4,472
2,473
4,474
5,475
3,476
3,477
2,478
3,479
5,480
3,481
4,482
5,483
5,484
3,485
1,486
5,487
2,488
5,489
1,490
1,491
5,492
2,493
2,494
3,495
2,496
5,497
2,498
2,499
5,500
1,501
3,502
3,503
2,504
5,505
3,506
4,507
4,508
3,509
2,510
2,511
5,512
3,513
2,514
5,515
1,516
2,517
4,518
5,519
2,520
1,521
5,522
3,523
4,524
4,525
1,526
1,527
3,528
4,529
1,530
4,531
4,532
1,533
1,534
1,535
3,536
2,537
1,538
4,539
2,540
2,541
5,542
1,543
2,544
4,545
3,546
4,547
3,548
1,549
3,550
3,551
4,552
3,553
2,554
5,555
1,556
1,557
4,558
4,559
4,560
1,561
5,562
1,563
3,564
1,565
3,566
4,567
5,568
3,569
2,570
5,571
3,572
3,573
5,574
5,575
2,576
1,577
2,578
1,579
1,580
4,581
4,582
1,583
4,584
1,585
3,586
1,587
3,588
2,589
1,590
1,591
3,592
1,593
3,594
2,595
5,596
1,597
4,598
5,599
4,600
3,601
4,602
4,603
4,604
3,605
3,606
3,607
2,608
5,609
3,610
3,611
1,612
5,613
1,614
2,615
3,616
3,617
3,618
3,619
4,620
5,621
3,622
3,623
3,624
4,625
4,626
3,627
2,628
3,629
4,630
1,631
5,632
3,633
4,634
1,635
2,636
2,637
1,638
1,639
5,640
4,641
1,642
1,643
2,644
2,645
3,646
5,647
3,648
1,649
3,650
2,651
3,652
2,653
1,654
2,655
4,656
4,657
2,658
1,659
1,660
3,661
4,662
5,663
5,664
1,665
2,666
3,667
4,668
2,669
1,670
5,671
4,672
3,673
3,674
5,675
2,676
5,677
1,678
4,679
3,680
2,681
5,682
4,683
1,684
4,685
2,686
2,687
1,688
5,689
5,690
1,691
4,692
4,693
2,694
2,695
2,696
3,697
3,698
3,699
2,700
1,701
4,702
5,703
5,704
2,705
1,706
4,707
1,708
4,709
3,710
4,711
2,712
2,713
3,714
4,715
5,716
5,717
2,718
4,719
2,720
1,721
5,722
5,723
4,724
4,725
1,726
1,727
4,728
4,729
3,730
2,731
4,732
2,733
4,734
2,735
1,736
4,737
3,738
1,739
1,740
5,741
3,742
3,743
3,744
3,745
2,746
4,747
4,748
2,749
1,750
3,751
1,752
2,753
2,754
2,755
5,756
5,757
1,758
5,759
2,760
4,761
2,762
2,763
2,764
3,765
3,766
2,767
1,768
2,769
4,770
5,771
4,772
5,773
1,774
4,775
1,776
5,777
4,778
5,779
5,780
4,781
3,782
2,783
3,784
2,785
5,786
5,787
3,788
5,789
3,790
1,791
5,792
1,793
5,794
4,795
4,796
3,797
4,798
4,799
2,800
2,801
2,802
2,803
2,804
2,805
3,806
4,807
3,808
4,809
2,810
4,811
5,812
3,813
4,814
3,815
2,816
2,817
3,818
3,819
2,820
3,821
3,822
4,823
1,824
4,825
1,826
3,827
5,828
1,829
2,830
5,831
1,832
5,833
2,834
4,835
2,836
3,837
5,838
3,839
5,840
4,841
3,842
2,843
3,844
4,845
4,846
5,847
1,848
2,849
4,850
4,851
1,852
3,853
4,854
1,855
5,856
3,857
1,858
1,859
5,860
5,861
1,862
1,863
2,864
3,865
1,866
1,867
1,868
4,869
3,870
3,871
1,872
4,873
4,874
3,875
1,876
5,877
1,878
5,879
3,880
2,881
5,882
4,883
5,884
5,885
1,886
2,887
4,888
2,889
4,890
1,891
3,892
2,893
3,894
1,895
2,896
2,897
5,898
4,899
2,900
1,901
4,902
5,903
2,904
3,905
3,906
3,907
3,908
2,909
4,910
4,911
3,912
1,913
5,914
4,915
1,916
5,917
1,918
3,919
2,920
2,921
4,922
3,923
3,924
3,925
5,926
4,927
3,928
5,929
3,930
2,931
4,932
5,933
1,934
4,935
5,936
2,937
1,938
1,939
5,940
5,941
4,942
4,943
1,944
5,945
1,946
3,947
4,948
4,949
3,950
4,951
4,952
2,953
5,954
1,955
4,956
3,957
1,958
2,959
4,960
1,961
4,962
1,963
5,964
2,965
2,966
3,967
5,968
5,969
4,970
2,971
3,972
3,973
2,974
4,975
4,976
5,977
1,978
3,979
1,980
5,981
3,982
2,983
4,984
5,985
3,986
5,987
2,988
3,989
3,990
4,991
2,992
3,993
2,994
4,995
1,996
5,997
3,998
5,999
4,1000
4,1001
4,1002
5,1003
5,1004
2,1005
4,1006
3,1007
3,1008
4,1009
2,1010
5,1011
4,1012
1,1013
4,1014
4,1015
2,1016
5,1017
2,1018
2,1019
4,1020
2,1021
3,1022
3,1023
4,1024
3,1025
3,1026
4,1027
5,1028
2,1029
3,1030
4,1031
4,1032
4,1033
3,1034
2,1035
2,1036
4,1037
3,1038
3,1039
3,1040
3,1041
5,1042
1,1043
3,1044
4,1045
1,1046
1,1047
1,1048
2,1049
2,1050
2,1051
2,1052
4,1053
1,1054
5,1055
5,1056
1,1057
2,1058
2,1059
1,1060
2,1061
1,1062
2,1063
3,1064
5,1065
5,1066
5,1067
4,1068
4,1069
1,1070
4,1071
2,1072
3,1073
1,1074
3,1075
5,1076
1,1077
3,1078
3,1079
3,1080
2,1081
2,1082
5,1083
1,1084
4,1085
1,1086
3,1087
5,1088
1,1089
5,1090
5,1091
4,1092
3,1093
2,1094
4,1095
5,1096
1,1097
3,1098
4,1099
4,1100
1,1101
4,1102
5,1103
3,1104
1,1105
3,1106
1,1107
3,1108
1,1109
5,1110
5,1111
2,1112
3,1113
3,1114
5,1115
2,1116
3,1117
2,1118
4,1119
5,1120
2,1121
2,1122
5,1123
4,1124
4,1125
5,1126
3,1127
4,1128
5,1129
5,1130
5,1131
5,1132
2,1133
5,1134
5,1135
2,1136
3,1137
4,1138
5,1139
2,1140
1,1141
5,1142
3,1143
3,1144
4,1145
2,1146
4,1147
2,1148
4,1149
5,1150
2,1151
1,1152
2,1153
4,1154
4,1155
1,1156
3,1157
4,1158
5,1159
1,1160
4,1161
5,1162
1,1163
5,1164
4,1165
2,1166
1,1167
5,1168
2,1169
5,1170
5,1171
5,1172
3,1173
3,1174
4,1175
2,1176
2,1177
3,1178
1,1179
3,1180
5,1181
5,1182
2,1183
2,1184
2,1185
3,1186
4,1187
1,1188
1,1189
2,1190
4,1191
3,1192
5,1193
1,1194
4,1195
3,1196
2,1197
2,1198
2,1199
4,1200
3,1201
4,1202
2,1203
3,1204
5,1205
5,1206
3,1207
3,1208
2,1209
5,1210
5,1211
2,1212
5,1213
1,1214
1,1215
2,1216
4,1217
4,1218
3,1219
5,1220
1,1221
1,1222
2,1223
3,1224
5,1225
1,1226
5,1227
5,1228
3,1229
5,1230
5,1231
4,1232
4,1233
4,1234
5,1235
4,1236
5,1237
5,1238
2,1239
1,1240
2,1241
5,1242
4,1243
2,1244
3,1245
1,1246
5,1247
4,1248
5,1249
1,1250
2,1251
1,1252
5,1253
2,1254
2,1255
5,1256
2,1257
3,1258
2,1259
2,1260
5,1261
1,1262
1,1263
1,1264
2,1265
3,1266
2,1267
1,1268
1,1269
1,1270
4,1271
5,1272
1,1273
4,1274
3,1275
3,1276
5,1277
4,1278
4,1279
5,1280
5,1281
4,1282
4,1283
1,1284
5,1285
1,1286
3,1287
1,1288
3,1289
5,1290
5,1291
5,1292
1,1293
3,1294
2,1295
3,1296
3,1297
2,1298
1,1299
1,1300
1,1301
1,1302
4,1303
2,1304
1,1305
4,1306
3,1307
1,1308
3,1309
5,1310
2,1311
1,1312
1,1313
3,1314
2,1315
4,1316
3,1317
4,1318
2,1319
5,1320
4,1321
2,1322
4,1323
3,1324
1,1325
2,1326
1,1327
4,1328
3,1329
1,1330
3,1331
5,1332
4,1333
2,1334
3,1335
2,1336
5,1337
4,1338
2,1339
2,1340
4,1341
4,1342
4,1343
1,1344
4,1345
3,1346
2,1347
3,1348
1,1349
4,1350
5,1351
2,1352
3,1353
3,1354
4,1355
3,1356
5,1357
2,1358
1,1359
5,1360
5,1361
3,1362
2,1363
5,1364
1,1365
3,1366
1,1367
2,1368
3,1369
3,1370
4,1371
4,1372
3,1373
4,1374
4,1375
3,1376
1,1377
4,1378
2,1379
5,1380
3,1381
1,1382
3,1383
5,1384
5,1385
2,1386
5,1387
4,1388
3,1389
1,1390
4,1391
5,1392
5,1393
1,1394
2,1395
1,1396
1,1397
1,1398
4,1399
5,1400
3,1401
3,1402
1,1403
1,1404
1,1405
2,1406
4,1407
1,1408
1,1409
1,1410
2,1411
4,1412
3,1413
3,1414
4,1415
3,1416
4,1417
5,1418
1,1419
4,1420
5,1421
4,1422
2,1423
1,1424
1,1425
3,1426
3,1427
1,1428
3,1429
4,1430
1,1431
5,1432
4,1433
2,1434
5,1435
3,1436
2,1437
3,1438
3,1439
1,1440
5,1441
2,1442
2,1443
5,1444
3,1445
5,1446
1,1447
5,1448
1,1449
2,1450
3,1451
4,1452
1,1453
4,1454
4,1455
2,1456
4,1457
1,1458
3,1459
2,1460
1,1461
3,1462
3,1463
4,1464
2,1465
5,1466
5,1467
3,1468
2,1469
1,1470
3,1471
5,1472
2,1473
1,1474
1,1475
5,1476
1,1477
2,1478
1,1479
2,1480
5,1481
4,1482
5,1483
2,1484
4,1485
3,1486
2,1487
1,1488
4,1489
5,1490
3,1491
2,1492
2,1493
2,1494
5,1495
1,1496
1,1497
4,1498
1,1499
1,1500
5,1501
1,1502
5,1503
2,1504
5,1505
5,1506
2,1507
1,1508
1,1509
5,1510
3,1511
4,1512
4,1513
3,1514
5,1515
3,1516
4,1517
2,1518
4,1519
2,1520
3,1521
2,1522
1,1523
3,1524
3,1525
3,1526
2,1527
3,1528
4,1529
1,1530
1,1531
2,1532
4,1533
1,1534
3,1535
5,1536
1,1537
5,1538
5,1539
2,1540
2,1541
5,1542
4,1543
1,1544
2,1545
5,1546
3,1547
4,1548
2,1549
2,1550
1,1551
4,1552
2,1553
2,1554
4,1555
2,1556
2,1557
5,1558
2,1559
2,1560
2,1561
3,1562
5,1563
5,1564
5,1565
3,1566
1,1567
2,1568
5,1569
2,1570
2,1571
1,1572
3,1573
5,1574
4,1575
4,1576
3,1577
5,1578
3,1579
2,1580
2,1581
5,1582
3,1583
3,1584
1,1585
2,1586
4,1587
4,1588
2,1589
3,1590
2,1591
3,1592
2,1593
3,1594
2,1595
2,1596
3,1597
5,1598
1,1599
5,1600
1,1601
4,1602
2,1603
2,1604
2,1605
3,1606
1,1607
4,1608
1,1609
1,1610
2,1611
2,1612
5,1613
1,1614
4,1615
2,1616
1,1617
2,1618
1,1619
4,1620
3,1621
4,1622
5,1623
5,1624
2,1625
3,1626
1,1627
2,1628
1,1629
4,1630
2,1631
3,1632
1,1633
5,1634
1,1635
5,1636
1,1637
1,1638
3,1639
1,1640
2,1641
5,1642
4,1643
3,1644
4,1645
5,1646
1,1647
5,1648
2,1649
5,1650
3,1651
1,1652
4,1653
1,1654
1,1655
2,1656
3,1657
3,1658
5,1659
2,1660
3,1661
2,1662
2,1663
4,1664
1,1665
2,1666
1,1667
5,1668
1,1669
3,1670
4,1671
2,1672
1,1673
1,1674
5,1675
1,1676
1,1677
2,1678
3,1679
2,1680
4,1681
5,1682
5,1683
3,1684
1,1685
1,1686
3,1687
4,1688
5,1689
4,1690
2,1691
5,1692
2,1693
5,1694
5,1695
3,1696
1,1697
5,1698
1,1699
2,1700
2,1701
3,1702
4,1703
5,1704
3,1705
2,1706
5,1707
3,1708
5,1709
2,1710
5,1711
3,1712
3,1713
4,1714
5,1715
5,1716
3,1717
1,1718
1,1719
2,1720
2,1721
3,1722
2,1723
5,1724
2,1725
4,1726
5,1727
4,1728
1,1729
1,1730
1,1731
1,1732
5,1733
3,1734
5,1735
2,1736
5,1737
4,1738
2,1739
4,1740
1,1741
2,1742
2,1743
2,1744
1,1745
5,1746
1,1747
3,1748
2,1749
3,1750
3,1751
4,1752
4,1753
5,1754
4,1755
1,1756
5,1757
1,1758
4,1759
3,1760
2,1761
5,1762
3,1763
1,1764
1,1765
3,1766
3,1767
1,1768
1,1769
4,1770
3,1771
4,1772
4,1773
3,1774
4,1775
2,1776
1,1777
2,1778
4,1779
2,1780
5,1781
3,1782
1,1783
3,1784
5,1785
1,1786
1,1787
2,1788
4,1789
2,1790
2,1791
4,1792
4,1793
5,1794
3,1795
4,1796
4,1797
4,1798
4,1799
4,1800
3,1801
3,1802
3,1803
1,1804
2,1805
2,1806
3,1807
3,1808
5,1809
3,1810
1,1811
1,1812
4,1813
3,1814
1,1815
1,1816
5,1817
4,1818
4,1819
4,1820
5,1821
4,1822
2,1823
1,1824
3,1825
2,1826
3,1827
1,1828
3,1829
3,1830
5,1831
1,1832
5,1833
1,1834
1,1835
5,1836
3,1837
5,1838
2,1839
5,1840
3,1841
4,1842
4,1843
2,1844
4,1845
4,1846
5,1847
4,1848
5,1849
5,1850
5,1851
2,1852
3,1853
2,1854
2,1855
5,1856
5,1857
4,1858
1,1859
3,1860
2,1861
1,1862
2,1863
1,1864
5,1865
5,1866
3,1867
5,1868
4,1869
4,1870
2,1871
2,1872
4,1873
1,1874
5,1875
1,1876
4,1877
4,1878
3,1879
3,1880
4,1881
1,1882
1,1883
1,1884
4,1885
3,1886
3,1887
5,1888
2,1889
2,1890
5,1891
1,1892
3,1893
5,1894
1,1895
2,1896
2,1897
5,1898
1,1899
3,1900
3,1901
2,1902
1,1903
1,1904
3,1905
2,1906
1,1907
5,1908
3,1909
5,1910
5,1911
5,1912
3,1913
1,1914
3,1915
4,1916
2,1917
5,1918
3,1919
2,1920
5,1921
2,1922
4,1923
2,1924
3,1925
5,1926
5,1927
5,1928
4,1929
1,1930
3,1931
2,1932
1,1933
3,1934
4,1935
3,1936
1,1937
2,1938
5,1939
1,1940
4,1941
1,1942
1,1943
5,1944
4,1945
2,1946
2,1947
3,1948
4,1949
5,1950
3,1951
4,1952
1,1953
3,1954
5,1955
3,1956
3,1957
5,1958
4,1959
3,1960
1,1961
3,1962
4,1963
1,1964
3,1965
1,1966
1,1967
4,1968
3,1969
5,1970
3,1971
2,1972
3,1973
1,1974
5,1975
3,1976
3,1977
5,1978
3,1979
1,1980
4,1981
3,1982
2,1983
1,1984
4,1985
3,1986
4,1987
1,1988
4,1989
4,1990
5,1991
2,1992
5,1993
1,1994
1,1995
1,1996
2,1997
1,1998
1,1999
3,2000
1,2001
4,2002
3,2003
2,2004
3,2005
2,2006
5,2007
4,2008
2,2009
1,2010
2,2011
3,2012
5,2013
1,2014
3,2015
1,2016
5,2017
4,2018
1,2019
1,2020
3,2021
1,2022
2,2023
1,2024
2,2025
2,2026
3,2027
5,2028
2,2029
1,2030
1,2031
3,2032
5,2033
2,2034
1,2035
1,2036
1,2037
4,2038
3,2039
1,2040
3,2041
3,2042
2,2043
2,2044
4,2045
3,2046
3,2047
5,2048
1,2049
4,2050
4,2051
3,2052
5,2053
1,2054
1,2055
2,2056
5,2057
2,2058
4,2059
5,2060
1,2061
3,2062
5,2063
1,2064
5,2065
1,2066
4,2067
2,2068
2,2069
5,2070
2,2071
1,2072
5,2073
4,2074
5,2075
2,2076
2,2077
1,2078
3,2079
2,2080
1,2081
5,2082
1,2083
5,2084
1,2085
3,2086
4,2087
3,2088
4,2089
2,2090
5,2091
2,2092
1,2093
1,2094
5,2095
2,2096
4,2097
5,2098
2,2099
2,2100
3,2101
5,2102
3,2103
3,2104
3,2105
4,2106
2,2107
4,2108
3,2109
5,2110
3,2111
4,2112
5,2113
4,2114
2,2115
5,2116
2,2117
1,2118
1,2119
4,2120
4,2121
2,2122
3,2123
3,2124
5,2125
5,2126
3,2127
2,2128
2,2129
2,2130
3,2131
2,2132
2,2133
5,2134
1,2135
2,2136
3,2137
1,2138
4,2139
2,2140
2,2141
5,2142
2,2143
5,2144
1,2145
1,2146
2,2147
2,2148
5,2149
1,2150
5,2151
5,2152
4,2153
1,2154
2,2155
2,2156
2,2157
1,2158
1,2159
1,2160
1,2161
5,2162
3,2163
1,2164
1,2165
2,2166
5,2167
3,2168
1,2169
3,2170
1,2171
5,2172
3,2173
1,2174
2,2175
2,2176
2,2177
3,2178
5,2179
2,2180
1,2181
4,2182
5,2183
5,2184
3,2185
5,2186
3,2187
2,2188
4,2189
5,2190
4,2191
3,2192
4,2193
2,2194
2,2195
5,2196
2,2197
2,2198
1,2199
5,2200
4,2201
4,2202
3,2203
2,2204
2,2205
4,2206
4,2207
4,2208
4,2209
5,2210
3,2211
1,2212
5,2213
3,2214
1,2215
3,2216
3,2217
4,2218
1,2219
4,2220
5,2221
3,2222
4,2223
5,2224
3,2225
2,2226
1,2227
2,2228
2,2229
4,2230
4,2231
5,2232
2,2233
5,2234
1,2235
4,2236
3,2237
3,2238
5,2239
3,2240
5,2241
3,2242
4,2243
2,2244
2,2245
4,2246
4,2247
3,2248
2,2249
3,2250
4,2251
4,2252
3,2253
1,2254
1,2255
4,2256
4,2257
5,2258
1,2259
3,2260
4,2261
5,2262
4,2263
4,2264
5,2265
5,2266
2,2267
4,2268
2,2269
1,2270
2,2271
3,2272
4,2273
3,2274
4,2275
3,2276
4,2277
2,2278
2,2279
1,2280
1,2281
5,2282
5,2283
4,2284
1,2285
1,2286
1,2287
4,2288
1,2289
3,2290
2,2291
1,2292
1,2293
4,2294
5,2295
4,2296
5,2297
3,2298
1,2299
4,2300
5,2301
3,2302
2,2303
1,2304
2,2305
2,2306
4,2307
4,2308
2,2309
3,2310
1,2311
1,2312
5,2313
1,2314
5,2315
4,2316
3,2317
2,2318
4,2319
3,2320
5,2321
1,2322
4,2323
5,2324
2,2325
5,2326
2,2327
3,2328
3,2329
2,2330
4,2331
3,2332
2,2333
2,2334
2,2335
4,2336
4,2337
5,2338
3,2339
3,2340
3,2341
5,2342
1,2343
1,2344
2,2345
1,2346
3,2347
4,2348
5,2349
1,2350
5,2351
4,2352
3,2353
3,2354
1,2355
2,2356
4,2357
2,2358
2,2359
3,2360
5,2361
2,2362
1,2363
1,2364
2,2365
5,2366
2,2367
5,2368
5,2369
4,2370
1,2371
1,2372
4,2373
5,2374
5,2375
2,2376
1,2377
2,2378
5,2379
3,2380
4,2381
1,2382
2,2383
2,2384
4,2385
4,2386
1,2387
3,2388
1,2389
4,2390
4,2391
5,2392
1,2393
2,2394
4,2395
4,2396
4,2397
4,2398
1,2399
3,2400
4,2401
5,2402
2,2403
4,2404
3,2405
5,2406
5,2407
2,2408
3,2409
4,2410
2,2411
2,2412
5,2413
5,2414
2,2415
4,2416
5,2417
2,2418
4,2419
2,2420
5,2421
5,2422
2,2423
1,2424
3,2425
1,2426
1,2427
2,2428
2,2429
3,2430
5,2431
2,2432
1,2433
3,2434
5,2435
5,2436
5,2437
1,2438
1,2439
4,2440
3,2441
5,2442
4,2443
1,2444
3,2445
5,2446
2,2447
2,2448
5,2449
2,2450
1,2451
3,2452
3,2453
1,2454
3,2455
3,2456
1,2457
3,2458
4,2459
4,2460
5,2461
5,2462
4,2463
5,2464
1,2465
3,2466
4,2467
4,2468
1,2469
5,2470
1,2471
1,2472
1,2473
4,2474
1,2475
2,2476
4,2477
1,2478
4,2479
1,2480
3,2481
2,2482
2,2483
5,2484
3,2485
2,2486
4,2487
2,2488
4,2489
3,2490
4,2491
3,2492
2,2493
1,2494
3,2495
3,2496
4,2497
3,2498
2,2499
1,2500
1,2501
3,2502
4,2503
5,2504
2,2505
1,2506
5,2507
4,2508
3,2509
1,2510
1,2511
2,2512
1,2513
1,2514
4,2515
2,2516
2,2517
5,2518
1,2519
2,2520
4,2521
4,2522
1,2523
2,2524
1,2525
4,2526
3,2527
5,2528
5,2529
5,2530
4,2531
1,2532
3,2533
3,2534
2,2535
3,2536
3,2537
5,2538
4,2539
5,2540
2,2541
4,2542
1,2543
1,2544
3,2545
4,2546
1,2547
4,2548
2,2549
1,2550
2,2551
3,2552
2,2553
3,2554
1,2555
1,2556
3,2557
1,2558
1,2559
4,2560
1,2561
4,2562
1,2563
5,2564
1,2565
5,2566
4,2567
4,2568
1,2569
3,2570
4,2571
1,2572
3,2573
5,2574
5,2575
3,2576
4,2577
1,2578
1,2579
5,2580
5,2581
4,2582
1,2583
4,2584
5,2585
4,2586
3,2587
4,2588
2,2589
4,2590
2,2591
2,2592
3,2593
1,2594
5,2595
1,2596
3,2597
1,2598
2,2599
2,2600
4,2601
1,2602
4,2603
3,2604
5,2605
2,2606
2,2607
3,2608
3,2609
2,2610
1,2611
4,2612
4,2613
1,2614
4,2615
3,2616
1,2617
4,2618
1,2619
2,2620
3,2621
5,2622
5,2623
2,2624
2,2625
1,2626
2,2627
3,2628
5,2629
5,2630
5,2631
5,2632
3,2633
5,2634
1,2635
3,2636
3,2637
4,2638
3,2639
3,2640
5,2641
3,2642
1,2643
1,2644
3,2645
5,2646
2,2647
3,2648
4,2649
4,2650
1,2651
3,2652
5,2653
3,2654
2,2655
4,2656
4,2657
1,2658
1,2659
4,2660
3,2661
5,2662
5,2663
4,2664
1,2665
4,2666
2,2667
3,2668
2,2669
1,2670
2,2671
5,2672
1,2673
5,2674
3,2675
3,2676
2,2677
1,2678
5,2679
5,2680
5,2681
3,2682
5,2683
1,2684
5,2685
4,2686
1,2687
3,2688
5,2689
3,2690
4,2691
5,2692
5,2693
2,2694
1,2695
3,2696
4,2697
3,2698
1,2699
1,2700
5,2701
2,2702
4,2703
3,2704
5,2705
1,2706
5,2707
2,2708
2,2709
1,2710
3,2711
4,2712
3,2713
3,2714
3,2715
5,2716
5,2717
3,2718
3,2719
2,2720
5,2721
3,2722
3,2723
5,2724
3,2725
1,2726
4,2727
2,2728
1,2729
3,2730
4,2731
4,2732
5,2733
1,2734
5,2735
3,2736
4,2737
4,2738
1,2739
4,2740
2,2741
4,2742
3,2743
5,2744
5,2745
1,2746
5,2747
3,2748
2,2749
4,2750
2,2751
2,2752
3,2753
4,2754
5,2755
5,2756
4,2757
3,2758
4,2759
2,2760
5,2761
3,2762
1,2763
2,2764
4,2765
4,2766
1,2767
4,2768
5,2769
2,2770
2,2771
1,2772
4,2773
4,2774
5,2775
5,2776
5,2777
3,2778
2,2779
3,2780
1,2781
3,2782
4,2783
3,2784
4,2785
1,2786
2,2787
5,2788
2,2789
5,2790
3,2791
3,2792
5,2793
4,2794
2,2795
1,2796
2,2797
4,2798
3,2799
5,2800
1,2801
3,2802
1,2803
4,2804
4,2805
2,2806
3,2807
1,2808
2,2809
1,2810
1,2811
2,2812
2,2813
5,2814
2,2815
2,2816
1,2817
1,2818
2,2819
2,2820
3,2821
2,2822
2,2823
3,2824
1,2825
4,2826
5,2827
4,2828
5,2829
2,2830
5,2831
2,2832
2,2833
3,2834
5,2835
4,2836
3,2837
1,2838
2,2839
4,2840
5,2841
2,2842
2,2843
5,2844
2,2845
1,2846
1,2847
2,2848
5,2849
1,2850
2,2851
1,2852
5,2853
2,2854
1,2855
1,2856
3,2857
3,2858
3,2859
1,2860
1,2861
1,2862
2,2863
3,2864
2,2865
1,2866
2,2867
1,2868
1,2869
4,2870
3,2871
5,2872
1,2873
5,2874
2,2875
3,2876
1,2877
4,2878
5,2879
5,2880
4,2881
5,2882
1,2883
2,2884
5,2885
1,2886
1,2887
4,2888
2,2889
2,2890
4,2891
4,2892
4,2893
2,2894
4,2895
5,2896
5,2897
3,2898
3,2899
4,2900
5,2901
3,2902
1,2903
5,2904
2,2905
5,2906
3,2907
1,2908
3,2909
4,2910
1,2911
3,2912
2,2913
2,2914
5,2915
3,2916
2,2917
4,2918
1,2919
4,2920
3,2921
3,2922
3,2923
3,2924
1,2925
4,2926
3,2927
4,2928
3,2929
1,2930
3,2931
2,2932
4,2933
5,2934
1,2935
2,2936
2,2937
5,2938
3,2939
4,2940
2,2941
2,2942
1,2943
3,2944
2,2945
1,2946
4,2947
3,2948
4,2949
3,2950
1,2951
3,2952
3,2953
5,2954
1,2955
3,2956
4,2957
1,2958
3,2959
1,2960
3,2961
3,2962
5,2963
3,2964
5,2965
5,2966
5,2967
3,2968
5,2969
1,2970
3,2971
5,2972
2,2973
3,2974
1,2975
5,2976
1,2977
2,2978
5,2979
4,2980
4,2981
2,2982
1,2983
4,2984
5,2985
1,2986
2,2987
4,2988
3,2989
2,2990
3,2991
4,2992
4,2993
4,2994
3,2995
4,2996
1,2997
4,2998
2,2999
3,3000
3,3001
4,3002
5,3003
3,3004
3,3005
4,3006
3,3007
5,3008
3,3009
5,3010
2,3011
3,3012
4,3013
1,3014
4,3015
3,3016
1,3017
5,3018
1,3019
5,3020
4,3021
5,3022
4,3023
1,3024
2,3025
2,3026
3,3027
4,3028
1,3029
1,3030
5,3031
3,3032
4,3033
1,3034
4,3035
2,3036
3,3037
4,3038
1,3039
5,3040
1,3041
4,3042
4,3043
2,3044
5,3045
1,3046
4,3047
4,3048
1,3049
5,3050
4,3051
1,3052
4,3053
1,3054
2,3055
4,3056
2,3057
2,3058
4,3059
1,3060
3,3061
3,3062
1,3063
5,3064
5,3065
5,3066
1,3067
3,3068
5,3069
2,3070
3,3071
5,3072
3,3073
3,3074
3,3075
1,3076
2,3077
3,3078
1,3079
4,3080
3,3081
1,3082
2,3083
3,3084
3,3085
1,3086
2,3087
2,3088
1,3089
3,3090
3,3091
5,3092
2,3093
1,3094
2,3095
1,3096
5,3097
4,3098
3,3099
1,3100
5,3101
5,3102
4,3103
2,3104
1,3105
5,3106
2,3107
5,3108
5,3109
3,3110
2,3111
1,3112
4,3113
3,3114
1,3115
2,3116
4,3117
1,3118
1,3119
1,3120
5,3121
1,3122
1,3123
4,3124
5,3125
5,3126
4,3127
3,3128
1,3129
5,3130
2,3131
4,3132
1,3133
2,3134
1,3135
4,3136
4,3137
2,3138
5,3139
1,3140
2,3141
4,3142
2,3143
4,3144
1,3145
4,3146
2,3147
4,3148
5,3149
2,3150
5,3151
4,3152
2,3153
4,3154
1,3155
3,3156
2,3157
1,3158
3,3159
2,3160
2,3161
1,3162
3,3163
3,3164
2,3165
4,3166
3,3167
5,3168
1,3169
3,3170
5,3171
4,3172
5,3173
3,3174
5,3175
4,3176
5,3177
4,3178
1,3179
5,3180
2,3181
4,3182
4,3183
2,3184
1,3185
1,3186
2,3187
3,3188
5,3189
1,3190
3,3191
2,3192
1,3193
3,3194
3,3195
5,3196
5,3197
4,3198
3,3199
5,3200
5,3201
2,3202
3,3203
5,3204
1,3205
1,3206
1,3207
5,3208
2,3209
1,3210
5,3211
2,3212
1,3213
1,3214
3,3215
1,3216
5,3217
3,3218
5,3219
2,3220
1,3221
3,3222
1,3223
1,3224
2,3225
2,3226
2,3227
3,3228
4,3229
4,3230
4,3231
2,3232
1,3233
2,3234
2,3235
3,3236
3,3237
2,3238
5,3239
4,3240
4,3241
5,3242
3,3243
5,3244
2,3245
5,3246
5,3247
4,3248
1,3249
3,3250
1,3251
1,3252
4,3253
5,3254
2,3255
1,3256
5,3257
3,3258
3,3259
2,3260
5,3261
1,3262
2,3263
3,3264
2,3265
1,3266
5,3267
1,3268
5,3269
2,3270
1,3271
4,3272
5,3273
3,3274
2,3275
4,3276
1,3277
5,3278
4,3279
2,3280
4,3281
4,3282
1,3283
2,3284
3,3285
3,3286
2,3287
4,3288
3,3289
1,3290
4,3291
4,3292
2,3293
3,3294
2,3295
1,3296
2,3297
2,3298
4,3299
1,3300
2,3301
4,3302
2,3303
3,3304
4,3305
3,3306
2,3307
3,3308
5,3309
4,3310
1,3311
4,3312
3,3313
2,3314
3,3315
4,3316
2,3317
1,3318
2,3319
2,3320
1,3321
2,3322
5,3323
2,3324
5,3325
3,3326
1,3327
2,3328
2,3329
5,3330
1,3331
1,3332
1,3333
3,3334
4,3335
5,3336
4,3337
2,3338
3,3339
5,3340
5,3341
4,3342
4,3343
3,3344
5,3345
3,3346
5,3347
3,3348
5,3349
5,3350
1,3351
2,3352
1,3353
4,3354
3,3355
1,3356
4,3357
5,3358
4,3359
2,3360
1,3361
1,3362
3,3363
1,3364
4,3365
3,3366
3,3367
3,3368
4,3369
1,3370
3,3371
2,3372
2,3373
5,3374
1,3375
4,3376
4,3377
2,3378
2,3379
3,3380
5,3381
4,3382
1,3383
5,3384
2,3385
1,3386
4,3387
2,3388
1,3389
2,3390
2,3391
3,3392
2,3393
2,3394
4,3395
4,3396
2,3397
3,3398
5,3399
1,3400
2,3401
2,3402
5,3403
4,3404
1,3405
3,3406
1,3407
2,3408
3,3409
1,3410
2,3411
4,3412
3,3413
4,3414
2,3415
1,3416
3,3417
3,3418
1,3419
2,3420
1,3421
5,3422
5,3423
5,3424
3,3425
4,3426
3,3427
3,3428
3,3429
3,3430
2,3431
3,3432
4,3433
2,3434
2,3435
4,3436
1,3437
5,3438
3,3439
4,3440
2,3441
4,3442
2,3443
4,3444
2,3445
4,3446
4,3447
2,3448
5,3449
5,3450
4,3451
1,3452
3,3453
2,3454
4,3455
3,3456
5,3457
3,3458
1,3459
3,3460
3,3461
4,3462
1,3463
4,3464
2,3465
2,3466
3,3467
3,3468
1,3469
2,3470
3,3471
1,3472
3,3473
4,3474
1,3475
5,3476
1,3477
4,3478
5,3479
1,3480
3,3481
4,3482
4,3483
5,3484
3,3485
4,3486
5,3487
2,3488
5,3489
4,3490
4,3491
5,3492
2,3493
2,3494
4,3495
1,3496
5,3497
1,3498
3,3499
1,3500
1,3501
1,3502
2,3503
5,3504
1,3505
3,3506
5,3507
4,3508
1,3509
2,3510
2,3511
1,3512
4,3513
1,3514
2,3515
2,3516
3,3517
1,3518
1,3519
2,3520
3,3521
1,3522
4,3523
2,3524
3,3525
1,3526
1,3527
3,3528
1,3529
2,3530
3,3531
4,3532
3,3533
5,3534
1,3535
5,3536
2,3537
2,3538
4,3539
4,3540
3,3541
3,3542
5,3543
1,3544
1,3545
3,3546
1,3547
2,3548
1,3549
3,3550
1,3551
4,3552
1,3553
3,3554
3,3555
1,3556
5,3557
1,3558
3,3559
4,3560
1,3561
2,3562
2,3563
4,3564
4,3565
5,3566
4,3567
4,3568
4,3569
3,3570
3,3571
1,3572
2,3573
3,3574
2,3575
1,3576
1,3577
1,3578
5,3579
2,3580
2,3581
5,3582
5,3583
4,3584
4,3585
1,3586
5,3587
4,3588
5,3589
3,3590
1,3591
3,3592
5,3593
4,3594
1,3595
5,3596
5,3597
1,3598
2,3599
3,3600
3,3601
1,3602
5,3603
5,3604
3,3605
1,3606
5,3607
1,3608
2,3609
3,3610
5,3611
3,3612
4,3613
4,3614
5,3615
2,3616
5,3617
3,3618
4,3619
2,3620
1,3621
3,3622
1,3623
2,3624
4,3625
2,3626
2,3627
2,3628
5,3629
2,3630
1,3631
1,3632
4,3633
1,3634
3,3635
1,3636
5,3637
1,3638
4,3639
4,3640
3,3641
4,3642
1,3643
1,3644
2,3645
3,3646
5,3647
4,3648
5,3649
5,3650
2,3651
4,3652
2,3653
2,3654
3,3655
4,3656
2,3657
2,3658
4,3659
2,3660
3,3661
1,3662
2,3663
4,3664
2,3665
4,3666
5,3667
1,3668
1,3669
4,3670
3,3671
5,3672
3,3673
2,3674
4,3675
5,3676
5,3677
3,3678
1,3679
2,3680
3,3681
2,3682
3,3683
4,3684
2,3685
5,3686
2,3687
1,3688
2,3689
5,3690
2,3691
1,3692
3,3693
4,3694
3,3695
4,3696
4,3697
4,3698
3,3699
3,3700
4,3701
4,3702
2,3703
5,3704
4,3705
2,3706
1,3707
3,3708
5,3709
2,3710
5,3711
2,3712
5,3713
5,3714
3,3715
3,3716
4,3717
3,3718
1,3719
2,3720
2,3721
1,3722
5,3723
1,3724
2,3725
5,3726
3,3727
1,3728
5,3729
5,3730
4,3731
1,3732
2,3733
1,3734
1,3735
2,3736
3,3737
3,3738
5,3739
3,3740
5,3741
2,3742
2,3743
2,3744
5,3745
1,3746
2,3747
5,3748
5,3749
2,3750
5,3751
1,3752
5,3753
1,3754
2,3755
2,3756
2,3757
5,3758
3,3759
1,3760
5,3761
5,3762
2,3763
4,3764
5,3765
5,3766
2,3767
1,3768
1,3769
5,3770
5,3771
5,3772
1,3773
1,3774
4,3775
4,3776
2,3777
5,3778
5,3779
1,3780
2,3781
4,3782
4,3783
4,3784
3,3785
5,3786
1,3787
2,3788
5,3789
4,3790
5,3791
2,3792
4,3793
3,3794
3,3795
5,3796
3,3797
3,3798
4,3799
5,3800
1,3801
3,3802
3,3803
3,3804
2,3805
1,3806
5,3807
3,3808
4,3809
4,3810
2,3811
4,3812
2,3813
1,3814
5,3815
2,3816
5,3817
5,3818
1,3819
1,3820
2,3821
4,3822
4,3823
5,3824
4,3825
5,3826
2,3827
5,3828
4,3829
2,3830
3,3831
3,3832
1,3833
4,3834
1,3835
4,3836
5,3837
2,3838
3,3839
4,3840
1,3841
5,3842
1,3843
5,3844
4,3845
2,3846
5,3847
5,3848
2,3849
4,3850
5,3851
4,3852
3,3853
4,3854
1,3855
3,3856
1,3857
4,3858
3,3859
4,3860
5,3861
1,3862
4,3863
2,3864
4,3865
1,3866
4,3867
3,3868
2,3869
2,3870
1,3871
2,3872
1,3873
3,3874
5,3875
4,3876
5,3877
5,3878
2,3879
2,3880
4,3881
3,3882
1,3883
4,3884
3,3885
3,3886
3,3887
1,3888
5,3889
2,3890
5,3891
1,3892
3,3893
5,3894
3,3895
2,3896
4,3897
4,3898
5,3899
4,3900
2,3901
3,3902
5,3903
1,3904
5,3905
1,3906
1,3907
3,3908
4,3909
4,3910
2,3911
1,3912
1,3913
1,3914
5,3915
2,3916
5,3917
4,3918
3,3919
1,3920
4,3921
3,3922
3,3923
1,3924
5,3925
5,3926
4,3927
2,3928
3,3929
2,3930
2,3931
4,3932
3,3933
2,3934
4,3935
2,3936
4,3937
4,3938
5,3939
5,3940
5,3941
1,3942
4,3943
4,3944
4,3945
1,3946
5,3947
3,3948
5,3949
5,3950
3,3951
1,3952
3,3953
2,3954
1,3955
4,3956
4,3957
3,3958
1,3959
3,3960
1,3961
3,3962
1,3963
5,3964
3,3965
1,3966
3,3967
1,3968
1,3969
3,3970
4,3971
3,3972
5,3973
1,3974
4,3975
1,3976
5,3977
3,3978
2,3979
4,3980
5,3981
3,3982
4,3983
4,3984
5,3985
4,3986
2,3987
2,3988
3,3989
1,3990
4,3991
3,3992
2,3993
4,3994
5,3995
1,3996
1,3997
4,3998
1,3999
1,4000
1,4001
2,4002
2,4003
5,4004
2,4005
3,4006
5,4007
5,4008
5,4009
5,4010
2,4011
1,4012
4,4013
3,4014
4,4015
2,4016
5,4017
3,4018
3,4019
1,4020
4,4021
3,4022
2,4023
5,4024
4,4025
2,4026
1,4027
3,4028
3,4029
3,4030
2,4031
2,4032
4,4033
2,4034
5,4035
5,4036
5,4037
5,4038
4,4039
4,4040
1,4041
3,4042
2,4043
5,4044
3,4045
2,4046
4,4047
4,4048
3,4049
2,4050
5,4051
1,4052
1,4053
1,4054
5,4055
3,4056
1,4057
5,4058
3,4059
1,4060
2,4061
5,4062
2,4063
2,4064
1,4065
3,4066
4,4067
1,4068
4,4069
1,4070
4,4071
3,4072
5,4073
4,4074
1,4075
4,4076
1,4077
1,4078
4,4079
1,4080
1,4081
1,4082
2,4083
3,4084
3,4085
3,4086
1,4087
1,4088
1,4089
1,4090
2,4091
1,4092
5,4093
5,4094
3,4095
5,4096
3,4097
5,4098
4,4099
1,4100
3,4101
4,4102
5,4103
5,4104
2,4105
4,4106
5,4107
4,4108
1,4109
3,4110
4,4111
2,4112
4,4113
1,4114
1,4115
3,4116
2,4117
5,4118
2,4119
5,4120
3,4121
2,4122
1,4123
3,4124
4,4125
4,4126
3,4127
1,4128
3,4129
4,4130
4,4131
1,4132
2,4133
4,4134
1,4135
2,4136
3,4137
1,4138
3,4139
1,4140
4,4141
3,4142
4,4143
2,4144
4,4145
1,4146
4,4147
1,4148
4,4149
1,4150
4,4151
4,4152
4,4153
3,4154
5,4155
3,4156
2,4157
5,4158
2,4159
2,4160
1,4161
3,4162
3,4163
2,4164
3,4165
5,4166
5,4167
3,4168
1,4169
3,4170
5,4171
1,4172
5,4173
5,4174
4,4175
5,4176
4,4177
3,4178
5,4179
1,4180
2,4181
1,4182
1,4183
4,4184
1,4185
4,4186
5,4187
1,4188
4,4189
5,4190
3,4191
1,4192
2,4193
4,4194
4,4195
2,4196
5,4197
2,4198
3,4199
5,4200
5,4201
2,4202
5,4203
2,4204
4,4205
1,4206
5,4207
1,4208
4,4209
1,4210
3,4211
3,4212
3,4213
1,4214
5,4215
3,4216
5,4217
4,4218
3,4219
1,4220
5,4221
2,4222
3,4223
4,4224
5,4225
5,4226
5,4227
1,4228
2,4229
1,4230
5,4231
5,4232
5,4233
4,4234
4,4235
2,4236
4,4237
4,4238
3,4239
4,4240
1,4241
5,4242
3,4243
2,4244
4,4245
4,4246
2,4247
4,4248
1,4249
2,4250
4,4251
2,4252
1,4253
5,4254
4,4255
3,4256
5,4257
3,4258
2,4259
4,4260
2,4261
1,4262
2,4263
1,4264
2,4265
2,4266
3,4267
3,4268
3,4269
3,4270
4,4271
3,4272
2,4273
2,4274
3,4275
5,4276
5,4277
2,4278
3,4279
2,4280
3,4281
1,4282
1,4283
1,4284
3,4285
3,4286
1,4287
2,4288
2,4289
4,4290
3,4291
2,4292
4,4293
3,4294
2,4295
5,4296
1,4297
1,4298
4,4299
4,4300
1,4301
4,4302
3,4303
4,4304
3,4305
3,4306
2,4307
2,4308
3,4309
1,4310
5,4311
5,4312
1,4313
4,4314
1,4315
4,4316
1,4317
3,4318
2,4319
1,4320
4,4321
1,4322
1,4323
2,4324
3,4325
4,4326
2,4327
2,4328
3,4329
2,4330
1,4331
3,4332
1,4333
4,4334
5,4335
2,4336
4,4337
2,4338
4,4339
2,4340
2,4341
2,4342
2,4343
3,4344
4,4345
2,4346
3,4347
2,4348
5,4349
5,4350
4,4351
5,4352
5,4353
5,4354
1,4355
2,4356
3,4357
4,4358
3,4359
1,4360
5,4361
4,4362
4,4363
4,4364
1,4365
5,4366
4,4367
4,4368
2,4369
5,4370
5,4371
2,4372
3,4373
4,4374
3,4375
4,4376
2,4377
2,4378
3,4379
2,4380
5,4381
1,4382
1,4383
1,4384
3,4385
3,4386
5,4387
2,4388
1,4389
4,4390
1,4391
3,4392
2,4393
4,4394
4,4395
1,4396
4,4397
2,4398
5,4399
3,4400
1,4401
5,4402
3,4403
5,4404
4,4405
3,4406
1,4407
5,4408
1,4409
3,4410
4,4411
1,4412
1,4413
1,4414
3,4415
2,4416
4,4417
1,4418
2,4419
5,4420
5,4421
5,4422
3,4423
5,4424
5,4425
1,4426
3,4427
3,4428
3,4429
1,4430
2,4431
3,4432
5,4433
1,4434
4,4435
1,4436
4,4437
3,4438
3,4439
3,4440
1,4441
1,4442
2,4443
2,4444
5,4445
3,4446
2,4447
3,4448
4,4449
5,4450
1,4451
3,4452
2,4453
4,4454
3,4455
1,4456
3,4457
1,4458
3,4459
1,4460
5,4461
2,4462
1,4463
3,4464
2,4465
4,4466
4,4467
2,4468
3,4469
5,4470
2,4471
5,4472
2,4473
1,4474
5,4475
3,4476
2,4477
4,4478
5,4479
4,4480
1,4481
3,4482
5,4483
3,4484
2,4485
3,4486
5,4487
3,4488
2,4489
3,4490
5,4491
3,4492
2,4493
3,4494
5,4495
5,4496
4,4497
5,4498
5,4499
1,4500
4,4501
2,4502
1,4503
4,4504
4,4505
5,4506
5,4507
5,4508
2,4509
5,4510
3,4511
2,4512
3,4513
5,4514
5,4515
1,4516
3,4517
1,4518
1,4519
5,4520
5,4521
3,4522
1,4523
2,4524
5,4525
3,4526
2,4527
3,4528
2,4529
1,4530
2,4531
3,4532
4,4533
1,4534
2,4535
5,4536
2,4537
4,4538
5,4539
2,4540
3,4541
1,4542
3,4543
4,4544
2,4545
5,4546
5,4547
4,4548
1,4549
2,4550
4,4551
3,4552
3,4553
5,4554
5,4555
2,4556
4,4557
1,4558
4,4559
4,4560
1,4561
4,4562
4,4563
1,4564
5,4565
2,4566
3,4567
1,4568
1,4569
5,4570
1,4571
5,4572
5,4573
1,4574
1,4575
2,4576
3,4577
5,4578
4,4579
1,4580
1,4581
4,4582
4,4583
4,4584
1,4585
3,4586
3,4587
1,4588
5,4589
3,4590
5,4591
4,4592
2,4593
5,4594
4,4595
4,4596
1,4597
3,4598
1,4599
2,4600
1,4601
5,4602
4,4603
3,4604
1,4605
4,4606
1,4607
2,4608
2,4609
3,4610
1,4611
2,4612
4,4613
5,4614
4,4615
5,4616
5,4617
1,4618
1,4619
3,4620
5,4621
2,4622
3,4623
1,4624
4,4625
1,4626
5,4627
4,4628
4,4629
2,4630
4,4631
4,4632
1,4633
3,4634
4,4635
1,4636
2,4637
4,4638
3,4639
3,4640
3,4641
4,4642
1,4643
4,4644
1,4645
5,4646
4,4647
2,4648
4,4649
1,4650
1,4651
5,4652
4,4653
5,4654
5,4655
4,4656
5,4657
5,4658
4,4659
2,4660
1,4661
1,4662
3,4663
5,4664
4,4665
2,4666
3,4667
3,4668
2,4669
2,4670
2,4671
3,4672
2,4673
5,4674
3,4675
5,4676
5,4677
4,4678
5,4679
5,4680
4,4681
5,4682
4,4683
4,4684
3,4685
4,4686
1,4687
5,4688
3,4689
3,4690
4,4691
3,4692
2,4693
3,4694
1,4695
2,4696
3,4697
2,4698
4,4699
4,4700
3,4701
5,4702
3,4703
1,4704
4,4705
4,4706
4,4707
2,4708
4,4709
3,4710
5,4711
4,4712
3,4713
2,4714
1,4715
2,4716
3,4717
4,4718
4,4719
5,4720
2,4721
4,4722
4,4723
2,4724
1,4725
4,4726
2,4727
4,4728
1,4729
2,4730
1,4731
3,4732
1,4733
1,4734
3,4735
2,4736
1,4737
4,4738
4,4739
4,4740
2,4741
4,4742
4,4743
4,4744
2,4745
1,4746
2,4747
4,4748
5,4749
2,4750
3,4751
2,4752
3,4753
2,4754
1,4755
1,4756
1,4757
2,4758
1,4759
1,4760
4,4761
3,4762
4,4763
2,4764
4,4765
1,4766
4,4767
5,4768
1,4769
5,4770
3,4771
3,4772
2,4773
3,4774
1,4775
2,4776
2,4777
2,4778
2,4779
1,4780
4,4781
2,4782
2,4783
3,4784
5,4785
4,4786
5,4787
2,4788
5,4789
3,4790
3,4791
4,4792
3,4793
3,4794
1,4795
3,4796
5,4797
2,4798
3,4799
2,4800
2,4801
4,4802
4,4803
5,4804
1,4805
1,4806
1,4807
5,4808
2,4809
5,4810
4,4811
3,4812
4,4813
5,4814
3,4815
3,4816
3,4817
1,4818
3,4819
1,4820
5,4821
1,4822
2,4823
1,4824
3,4825
2,4826
5,4827
3,4828
5,4829
1,4830
5,4831
3,4832
1,4833
3,4834
2,4835
5,4836
4,4837
4,4838
4,4839
3,4840
5,4841
5,4842
5,4843
3,4844
4,4845
3,4846
1,4847
5,4848
3,4849
2,4850
4,4851
4,4852
1,4853
4,4854
1,4855
1,4856
5,4857
4,4858
1,4859
2,4860
5,4861
1,4862
2,4863
2,4864
5,4865
1,4866
5,4867
3,4868
2,4869
3,4870
4,4871
4,4872
4,4873
3,4874
2,4875
3,4876
4,4877
1,4878
5,4879
3,4880
4,4881
5,4882
5,4883
1,4884
4,4885
5,4886
5,4887
3,4888
3,4889
5,4890
2,4891
4,4892
3,4893
4,4894
2,4895
4,4896
4,4897
2,4898
5,4899
1,4900
4,4901
5,4902
2,4903
4,4904
5,4905
4,4906
3,4907
4,4908
3,4909
4,4910
4,4911
5,4912
2,4913
4,4914
2,4915
3,4916
4,4917
3,4918
5,4919
3,4920
1,4921
2,4922
2,4923
2,4924
2,4925
2,4926
1,4927
2,4928
1,4929
4,4930
5,4931
5,4932
3,4933
5,4934
4,4935
2,4936
3,4937
2,4938
1,4939
1,4940
5,4941
1,4942
1,4943
4,4944
4,4945
3,4946
1,4947
1,4948
5,4949
1,4950
4,4951
5,4952
1,4953
4,4954
4,4955
1,4956
5,4957
5,4958
2,4959
4,4960
2,4961
2,4962
1,4963
5,4964
4,4965
1,4966
2,4967
3,4968
1,4969
4,4970
1,4971
2,4972
4,4973
2,4974
1,4975
4,4976
4,4977
5,4978
2,4979
2,4980
2,4981
2,4982
4,4983
4,4984
1,4985
4,4986
3,4987
1,4988
4,4989
5,4990
2,4991
1,4992
4,4993
4,4994
4,4995
4,4996
1,4997
1,4998
5,4999
1,5000
4,5001
2,5002
3,5003
3,5004
2,5005
2,5006
5,5007
4,5008
4,5009
2,5010
4,5011
5,5012
2,5013
3,5014
3,5015
3,5016
5,5017
2,5018
5,5019
4,5020
4,5021
3,5022
5,5023
4,5024
1,5025
5,5026
1,5027
4,5028
5,5029
4,5030
4,5031
2,5032
5,5033
5,5034
4,5035
5,5036
1,5037
3,5038
2,5039
2,5040
1,5041
5,5042
3,5043
2,5044
1,5045
3,5046
4,5047
4,5048
4,5049
2,5050
5,5051
2,5052
3,5053
5,5054
1,5055
2,5056
2,5057
2,5058
5,5059
5,5060
1,5061
4,5062
2,5063
2,5064
1,5065
5,5066
3,5067
3,5068
5,5069
4,5070
4,5071
4,5072
5,5073
1,5074
4,5075
2,5076
3,5077
2,5078
3,5079
1,5080
4,5081
3,5082
5,5083
2,5084
1,5085
3,5086
5,5087
2,5088
5,5089
1,5090
3,5091
3,5092
1,5093
2,5094
5,5095
4,5096
4,5097
4,5098
3,5099
2,5100
3,5101
5,5102
1,5103
5,5104
3,5105
3,5106
5,5107
4,5108
2,5109
5,5110
1,5111
5,5112
4,5113
5,5114
4,5115
1,5116
4,5117
3,5118
4,5119
1,5120
1,5121
4,5122
4,5123
3,5124
4,5125
3,5126
4,5127
2,5128
3,5129
4,5130
1,5131
3,5132
3,5133
1,5134
5,5135
2,5136
2,5137
3,5138
3,5139
1,5140
4,5141
4,5142
1,5143
4,5144
1,5145
2,5146
4,5147
4,5148
3,5149
2,5150
3,5151
4,5152
5,5153
3,5154
1,5155
5,5156
1,5157
4,5158
2,5159
1,5160
1,5161
1,5162
2,5163
2,5164
4,5165
1,5166
1,5167
3,5168
3,5169
4,5170
2,5171
1,5172
2,5173
3,5174
2,5175
2,5176
4,5177
3,5178
3,5179
2,5180
2,5181
3,5182
4,5183
4,5184
1,5185
2,5186
5,5187
5,5188
5,5189
5,5190
1,5191
5,5192
1,5193
1,5194
3,5195
3,5196
2,5197
3,5198
3,5199
1,5200
2,5201
3,5202
5,5203
1,5204
5,5205
3,5206
3,5207
4,5208
1,5209
1,5210
3,5211
2,5212
3,5213
1,5214
4,5215
4,5216
1,5217
1,5218
4,5219
5,5220
2,5221
4,5222
1,5223
3,5224
3,5225
1,5226
1,5227
2,5228
4,5229
1,5230
3,5231
4,5232
3,5233
4,5234
3,5235
2,5236
3,5237
3,5238
2,5239
3,5240
3,5241
4,5242
3,5243
2,5244
2,5245
4,5246
5,5247
4,5248
5,5249
4,5250
3,5251
5,5252
3,5253
3,5254
2,5255
5,5256
2,5257
2,5258
4,5259
2,5260
1,5261
2,5262
3,5263
5,5264
5,5265
3,5266
3,5267
5,5268
1,5269
2,5270
4,5271
5,5272
4,5273
1,5274
5,5275
4,5276
2,5277
5,5278
3,5279
3,5280
1,5281
3,5282
1,5283
1,5284
5,5285
3,5286
3,5287
5,5288
4,5289
2,5290
3,5291
2,5292
3,5293
4,5294
4,5295
4,5296
3,5297
5,5298
5,5299
1,5300
4,5301
3,5302
1,5303
5,5304
4,5305
1,5306
3,5307
1,5308
3,5309
4,5310
2,5311
1,5312
4,5313
4,5314
1,5315
5,5316
4,5317
5,5318
1,5319
1,5320
4,5321
3,5322
3,5323
4,5324
4,5325
2,5326
4,5327
4,5328
3,5329
4,5330
5,5331
4,5332
5,5333
2,5334
5,5335
3,5336
2,5337
1,5338
2,5339
2,5340
3,5341
5,5342
4,5343
2,5344
3,5345
1,5346
4,5347
1,5348
5,5349
1,5350
2,5351
1,5352
4,5353
5,5354
3,5355
4,5356
1,5357
1,5358
5,5359
3,5360
2,5361
2,5362
4,5363
5,5364
5,5365
4,5366
2,5367
1,5368
5,5369
3,5370
3,5371
2,5372
3,5373
3,5374
5,5375
3,5376
3,5377
1,5378
5,5379
4,5380
4,5381
1,5382
2,5383
5,5384
1,5385
3,5386
3,5387
1,5388
3,5389
2,5390
5,5391
3,5392
3,5393
1,5394
4,5395
5,5396
2,5397
2,5398
2,5399
3,5400
3,5401
4,5402
2,5403
5,5404
3,5405
5,5406
1,5407
2,5408
1,5409
1,5410
1,5411
2,5412
5,5413
4,5414
3,5415
3,5416
2,5417
5,5418
3,5419
1,5420
2,5421
4,5422
5,5423
1,5424
5,5425
4,5426
5,5427
1,5428
5,5429
3,5430
5,5431
1,5432
5,5433
4,5434
2,5435
5,5436
3,5437
2,5438
2,5439
1,5440
5,5441
3,5442
2,5443
3,5444
4,5445
5,5446
2,5447
5,5448
3,5449
3,5450
4,5451
2,5452
1,5453
2,5454
1,5455
4,5456
4,5457
4,5458
3,5459
5,5460
2,5461
2,5462
1,5463
2,5464
5,5465
3,5466
4,5467
4,5468
3,5469
5,5470
5,5471
5,5472
5,5473
5,5474
2,5475
1,5476
3,5477
4,5478
3,5479
2,5480
2,5481
2,5482
1,5483
4,5484
1,5485
4,5486
3,5487
1,5488
1,5489
4,5490
4,5491
3,5492
1,5493
5,5494
5,5495
4,5496
1,5497
5,5498
1,5499
5,5500
2,5501
2,5502
2,5503
4,5504
4,5505
2,5506
4,5507
3,5508
5,5509
5,5510
3,5511
4,5512
2,5513
5,5514
2,5515
2,5516
5,5517
3,5518
5,5519
4,5520
1,5521
5,5522
3,5523
3,5524
2,5525
5,5526
4,5527
1,5528
5,5529
1,5530
4,5531
1,5532
3,5533
4,5534
5,5535
5,5536
5,5537
2,5538
3,5539
2,5540
5,5541
1,5542
2,5543
1,5544
5,5545
3,5546
5,5547
5,5548
5,5549
5,5550
5,5551
2,5552
1,5553
5,5554
4,5555
1,5556
5,5557
1,5558
5,5559
3,5560
2,5561
5,5562
4,5563
4,5564
2,5565
1,5566
5,5567
2,5568
2,5569
1,5570
3,5571
2,5572
5,5573
2,5574
5,5575
1,5576
5,5577
4,5578
4,5579
5,5580
2,5581
2,5582
4,5583
4,5584
2,5585
5,5586
2,5587
4,5588
4,5589
2,5590
2,5591
5,5592
3,5593
5,5594
5,5595
5,5596
5,5597
1,5598
4,5599
3,5600
3,5601
3,5602
1,5603
4,5604
1,5605
5,5606
5,5607
3,5608
3,5609
4,5610
4,5611
3,5612
3,5613
5,5614
5,5615
3,5616
4,5617
4,5618
5,5619
4,5620
1,5621
1,5622
3,5623
4,5624
5,5625
1,5626
5,5627
5,5628
3,5629
5,5630
3,5631
5,5632
2,5633
3,5634
3,5635
2,5636
1,5637
3,5638
1,5639
4,5640
2,5641
5,5642
3,5643
4,5644
2,5645
3,5646
3,5647
1,5648
1,5649
2,5650
3,5651
2,5652
4,5653
4,5654
2,5655
3,5656
2,5657
3,5658
3,5659
5,5660
5,5661
3,5662
4,5663
1,5664
1,5665
1,5666
4,5667
2,5668
3,5669
3,5670
4,5671
1,5672
4,5673
2,5674
4,5675
1,5676
5,5677
4,5678
2,5679
5,5680
5,5681
5,5682
5,5683
1,5684
5,5685
2,5686
5,5687
3,5688
4,5689
5,5690
4,5691
4,5692
5,5693
2,5694
4,5695
1,5696
1,5697
2,5698
5,5699
2,5700
5,5701
1,5702
3,5703
2,5704
3,5705
3,5706
2,5707
4,5708
4,5709
4,5710
5,5711
4,5712
4,5713
2,5714
2,5715
4,5716
3,5717
1,5718
1,5719
4,5720
5,5721
2,5722
4,5723
2,5724
4,5725
5,5726
2,5727
3,5728
4,5729
4,5730
4,5731
4,5732
3,5733
4,5734
5,5735
1,5736
5,5737
5,5738
5,5739
1,5740
5,5741
2,5742
2,5743
2,5744
5,5745
2,5746
1,5747
2,5748
5,5749
1,5750
5,5751
2,5752
2,5753
5,5754
3,5755
2,5756
5,5757
1,5758
4,5759
2,5760
1,5761
1,5762
2,5763
4,5764
3,5765
1,5766
5,5767
2,5768
3,5769
3,5770
3,5771
2,5772
2,5773
3,5774
2,5775
2,5776
5,5777
5,5778
1,5779
4,5780
4,5781
4,5782
2,5783
2,5784
1,5785
2,5786
2,5787
4,5788
1,5789
3,5790
4,5791
5,5792
1,5793
3,5794
5,5795
4,5796
2,5797
1,5798
5,5799
5,5800
4,5801
4,5802
3,5803
1,5804
2,5805
3,5806
1,5807
1,5808
2,5809
5,5810
1,5811
5,5812
1,5813
3,5814
1,5815
3,5816
3,5817
3,5818
3,5819
5,5820
4,5821
4,5822
5,5823
4,5824
5,5825
5,5826
1,5827
3,5828
3,5829
4,5830
2,5831
4,5832
1,5833
3,5834
3,5835
5,5836
5,5837
4,5838
2,5839
3,5840
1,5841
4,5842
3,5843
2,5844
5,5845
5,5846
4,5847
5,5848
1,5849
5,5850
4,5851
5,5852
4,5853
3,5854
2,5855
5,5856
2,5857
4,5858
1,5859
1,5860
3,5861
5,5862
1,5863
1,5864
4,5865
4,5866
5,5867
5,5868
4,5869
4,5870
5,5871
5,5872
3,5873
2,5874
4,5875
4,5876
1,5877
2,5878
3,5879
4,5880
2,5881
4,5882
5,5883
1,5884
3,5885
4,5886
2,5887
4,5888
1,5889
4,5890
5,5891
5,5892
4,5893
1,5894
2,5895
4,5896
3,5897
3,5898
2,5899
1,5900
3,5901
4,5902
5,5903
4,5904
3,5905
4,5906
5,5907
5,5908
2,5909
5,5910
1,5911
3,5912
4,5913
3,5914
4,5915
4,5916
1,5917
1,5918
2,5919
3,5920
2,5921
2,5922
2,5923
3,5924
5,5925
4,5926
4,5927
1,5928
2,5929
5,5930
3,5931
3,5932
4,5933
5,5934
1,5935
1,5936
3,5937
5,5938
1,5939
1,5940
4,5941
2,5942
3,5943
2,5944
1,5945
5,5946
5,5947
5,5948
1,5949
1,5950
5,5951
1,5952
3,5953
1,5954
3,5955
4,5956
4,5957
1,5958
2,5959
4,5960
2,5961
3,5962
3,5963
1,5964
2,5965
1,5966
2,5967
3,5968
1,5969
2,5970
5,5971
5,5972
5,5973
2,5974
4,5975
3,5976
2,5977
4,5978
2,5979
3,5980
2,5981
3,5982
4,5983
5,5984
2,5985
2,5986
4,5987
5,5988
4,5989
2,5990
1,5991
1,5992
1,5993
1,5994
5,5995
5,5996
5,5997
4,5998
3,5999
5,6000
1,6001
5,6002
5,6003
5,6004
1,6005
5,6006
5,6007
1,6008
3,6009
3,6010
4,6011
1,6012
2,6013
3,6014
1,6015
5,6016
1,6017
3,6018
2,6019
5,6020
2,6021
2,6022
3,6023
4,6024
1,6025
4,6026
2,6027
4,6028
5,6029
5,6030
3,6031
1,6032
4,6033
1,6034
3,6035
1,6036
1,6037
1,6038
5,6039
3,6040
4,6041
1,6042
3,6043
3,6044
5,6045
2,6046
1,6047
4,6048
3,6049
5,6050
5,6051
1,6052
1,6053
2,6054
2,6055
5,6056
2,6057
2,6058
3,6059
5,6060
5,6061
3,6062
5,6063
3,6064
3,6065
2,6066
4,6067
2,6068
4,6069
1,6070
3,6071
1,6072
5,6073
2,6074
4,6075
1,6076
1,6077
5,6078
1,6079
2,6080
5,6081
5,6082
2,6083
2,6084
3,6085
3,6086
2,6087
5,6088
3,6089
1,6090
4,6091
4,6092
4,6093
4,6094
5,6095
2,6096
1,6097
2,6098
3,6099
3,6100
4,6101
1,6102
5,6103
5,6104
4,6105
2,6106
4,6107
3,6108
5,6109
4,6110
4,6111
3,6112
3,6113
1,6114
4,6115
5,6116
3,6117
2,6118
1,6119
5,6120
5,6121
2,6122
1,6123
5,6124
3,6125
5,6126
5,6127
1,6128
3,6129
2,6130
2,6131
4,6132
2,6133
1,6134
3,6135
2,6136
2,6137
3,6138
1,6139
1,6140
1,6141
1,6142
5,6143
5,6144
3,6145
5,6146
1,6147
4,6148
2,6149
1,6150
1,6151
3,6152
4,6153
2,6154
3,6155
1,6156
4,6157
2,6158
1,6159
1,6160
4,6161
5,6162
4,6163
4,6164
1,6165
1,6166
3,6167
1,6168
5,6169
2,6170
2,6171
4,6172
1,6173
1,6174
2,6175
2,6176
1,6177
1,6178
5,6179
5,6180
1,6181
3,6182
1,6183
3,6184
1,6185
2,6186
5,6187
2,6188
1,6189
4,6190
1,6191
1,6192
2,6193
1,6194
1,6195
1,6196
2,6197
4,6198
5,6199
5,6200
5,6201
2,6202
4,6203
1,6204
4,6205
3,6206
1,6207
1,6208
4,6209
3,6210
1,6211
2,6212
1,6213
4,6214
5,6215
1,6216
1,6217
4,6218
1,6219
1,6220
5,6221
5,6222
4,6223
3,6224
1,6225
1,6226
5,6227
3,6228
5,6229
5,6230
1,6231
3,6232
1,6233
1,6234
5,6235
5,6236
3,6237
5,6238
4,6239
3,6240
1,6241
5,6242
4,6243
2,6244
5,6245
2,6246
5,6247
4,6248
5,6249
5,6250
2,6251
1,6252
4,6253
4,6254
2,6255
2,6256
2,6257
2,6258
1,6259
1,6260
1,6261
5,6262
2,6263
2,6264
1,6265
1,6266
2,6267
1,6268
1,6269
1,6270
1,6271
3,6272
2,6273
1,6274
4,6275
1,6276
1,6277
5,6278
2,6279
2,6280
4,6281
2,6282
5,6283
5,6284
4,6285
4,6286
2,6287
2,6288
1,6289
1,6290
1,6291
5,6292
1,6293
2,6294
1,6295
2,6296
1,6297
1,6298
3,6299
1,6300
2,6301
4,6302
2,6303
4,6304
2,6305
2,6306
5,6307
5,6308
3,6309
2,6310
4,6311
5,6312
5,6313
4,6314
5,6315
3,6316
5,6317
4,6318
3,6319
3,6320
4,6321
2,6322
5,6323
4,6324
1,6325
4,6326
5,6327
2,6328
1,6329
5,6330
5,6331
3,6332
5,6333
5,6334
5,6335
3,6336
4,6337
1,6338
1,6339
1,6340
1,6341
1,6342
5,6343
3,6344
3,6345
1,6346
2,6347
5,6348
2,6349
3,6350
1,6351
1,6352
2,6353
3,6354
4,6355
2,6356
2,6357
3,6358
2,6359
5,6360
3,6361
3,6362
5,6363
1,6364
4,6365
4,6366
5,6367
1,6368
1,6369
3,6370
4,6371
1,6372
5,6373
4,6374
1,6375
3,6376
4,6377
2,6378
4,6379
2,6380
5,6381
5,6382
3,6383
3,6384
2,6385
4,6386
3,6387
1,6388
3,6389
4,6390
1,6391
3,6392
1,6393
5,6394
4,6395
3,6396
5,6397
3,6398
1,6399
5,6400
2,6401
2,6402
2,6403
1,6404
3,6405
5,6406
3,6407
3,6408
4,6409
1,6410
5,6411
3,6412
1,6413
1,6414
2,6415
5,6416
5,6417
2,6418
4,6419
1,6420
1,6421
5,6422
1,6423
3,6424
5,6425
3,6426
4,6427
4,6428
5,6429
5,6430
5,6431
4,6432
5,6433
1,6434
5,6435
4,6436
1,6437
2,6438
3,6439
5,6440
3,6441
5,6442
4,6443
5,6444
5,6445
4,6446
3,6447
2,6448
2,6449
5,6450
4,6451
4,6452
4,6453
1,6454
3,6455
5,6456
3,6457
5,6458
4,6459
3,6460
5,6461
5,6462
1,6463
2,6464
3,6465
1,6466
1,6467
1,6468
4,6469
1,6470
4,6471
2,6472
2,6473
3,6474
2,6475
2,6476
4,6477
3,6478
4,6479
5,6480
5,6481
5,6482
3,6483
3,6484
2,6485
2,6486
3,6487
5,6488
4,6489
2,6490
2,6491
2,6492
5,6493
3,6494
4,6495
1,6496
3,6497
1,6498
3,6499
2,6500
2,6501
1,6502
2,6503
5,6504
1,6505
5,6506
3,6507
4,6508
1,6509
3,6510
4,6511
5,6512
4,6513
1,6514
5,6515
1,6516
1,6517
5,6518
5,6519
4,6520
1,6521
4,6522
2,6523
2,6524
1,6525
3,6526
2,6527
1,6528
2,6529
4,6530
4,6531
5,6532
3,6533
1,6534
4,6535
4,6536
4,6537
3,6538
4,6539
3,6540
5,6541
3,6542
2,6543
1,6544
3,6545
5,6546
3,6547
3,6548
3,6549
4,6550
1,6551
1,6552
1,6553
1,6554
4,6555
4,6556
3,6557
4,6558
3,6559
1,6560
3,6561
1,6562
2,6563
4,6564
2,6565
1,6566
5,6567
1,6568
4,6569
4,6570
2,6571
2,6572
5,6573
3,6574
5,6575
4,6576
3,6577
2,6578
5,6579
4,6580
1,6581
3,6582
2,6583
4,6584
2,6585
1,6586
3,6587
2,6588
2,6589
3,6590
3,6591
4,6592
1,6593
3,6594
5,6595
2,6596
2,6597
4,6598
3,6599
1,6600
2,6601
5,6602
5,6603
1,6604
1,6605
5,6606
5,6607
4,6608
3,6609
4,6610
3,6611
3,6612
1,6613
2,6614
4,6615
5,6616
4,6617
4,6618
5,6619
5,6620
5,6621
5,6622
1,6623
2,6624
4,6625
3,6626
4,6627
3,6628
5,6629
1,6630
3,6631
2,6632
1,6633
4,6634
2,6635
1,6636
1,6637
5,6638
2,6639
5,6640
2,6641
3,6642
1,6643
1,6644
1,6645
5,6646
3,6647
1,6648
5,6649
1,6650
5,6651
2,6652
4,6653
2,6654
5,6655
3,6656
4,6657
3,6658
2,6659
1,6660
1,6661
1,6662
3,6663
2,6664
1,6665
5,6666
4,6667
1,6668
2,6669
3,6670
4,6671
2,6672
1,6673
3,6674
1,6675
2,6676
3,6677
5,6678
1,6679
2,6680
4,6681
1,6682
5,6683
3,6684
4,6685
1,6686
1,6687
4,6688
2,6689
4,6690
1,6691
3,6692
5,6693
1,6694
4,6695
2,6696
5,6697
2,6698
3,6699
1,6700
5,6701
2,6702
3,6703
3,6704
4,6705
4,6706
1,6707
3,6708
2,6709
4,6710
1,6711
2,6712
4,6713
4,6714
1,6715
3,6716
2,6717
1,6718
1,6719
2,6720
3,6721
2,6722
3,6723
4,6724
3,6725
2,6726
2,6727
5,6728
3,6729
4,6730
2,6731
5,6732
1,6733
4,6734
1,6735
1,6736
3,6737
5,6738
2,6739
1,6740
3,6741
1,6742
4,6743
3,6744
3,6745
5,6746
1,6747
4,6748
1,6749
1,6750
4,6751
1,6752
1,6753
5,6754
1,6755
2,6756
4,6757
2,6758
5,6759
3,6760
1,6761
5,6762
5,6763
1,6764
3,6765
1,6766
5,6767
1,6768
2,6769
1,6770
2,6771
2,6772
5,6773
1,6774
2,6775
1,6776
4,6777
2,6778
5,6779
5,6780
1,6781
1,6782
4,6783
1,6784
4,6785
3,6786
2,6787
1,6788
2,6789
5,6790
3,6791
3,6792
1,6793
1,6794
2,6795
3,6796
2,6797
3,6798
5,6799
5,6800
3,6801
1,6802
5,6803
4,6804
5,6805
3,6806
1,6807
1,6808
1,6809
2,6810
4,6811
4,6812
5,6813
3,6814
2,6815
1,6816
1,6817
5,6818
4,6819
5,6820
2,6821
1,6822
4,6823
4,6824
5,6825
1,6826
5,6827
5,6828
1,6829
3,6830
3,6831
4,6832
1,6833
4,6834
2,6835
3,6836
5,6837
1,6838
1,6839
1,6840
5,6841
3,6842
1,6843
3,6844
4,6845
4,6846
5,6847
5,6848
4,6849
5,6850
4,6851
3,6852
4,6853
2,6854
1,6855
2,6856
5,6857
4,6858
4,6859
4,6860
5,6861
5,6862
1,6863
1,6864
5,6865
2,6866
4,6867
1,6868
2,6869
3,6870
2,6871
5,6872
5,6873
5,6874
4,6875
3,6876
3,6877
2,6878
3,6879
3,6880
4,6881
1,6882
5,6883
5,6884
2,6885
3,6886
5,6887
1,6888
2,6889
3,6890
3,6891
5,6892
5,6893
1,6894
2,6895
2,6896
5,6897
3,6898
2,6899
3,6900
4,6901
2,6902
1,6903
4,6904
2,6905
3,6906
2,6907
4,6908
2,6909
3,6910
5,6911
5,6912
3,6913
4,6914
5,6915
2,6916
3,6917
1,6918
4,6919
2,6920
2,6921
4,6922
5,6923
4,6924
4,6925
5,6926
5,6927
2,6928
1,6929
5,6930
4,6931
1,6932
2,6933
2,6934
5,6935
1,6936
5,6937
2,6938
4,6939
3,6940
4,6941
2,6942
5,6943
3,6944
2,6945
2,6946
2,6947
3,6948
5,6949
3,6950
1,6951
1,6952
3,6953
4,6954
2,6955
1,6956
4,6957
1,6958
1,6959
1,6960
1,6961
2,6962
3,6963
3,6964
2,6965
3,6966
1,6967
4,6968
5,6969
2,6970
2,6971
5,6972
1,6973
5,6974
2,6975
5,6976
5,6977
5,6978
3,6979
1,6980
3,6981
1,6982
2,6983
2,6984
5,6985
3,6986
2,6987
5,6988
4,6989
3,6990
2,6991
1,6992
2,6993
4,6994
3,6995
2,6996
1,6997
3,6998
4,6999
5,7000
5,7001
2,7002
1,7003
5,7004
1,7005
1,7006
2,7007
3,7008
2,7009
3,7010
4,7011
1,7012
3,7013
3,7014
2,7015
4,7016
3,7017
1,7018
3,7019
2,7020
5,7021
3,7022
1,7023
4,7024
3,7025
3,7026
5,7027
2,7028
1,7029
5,7030
1,7031
3,7032
5,7033
1,7034
1,7035
5,7036
3,7037
3,7038
4,7039
1,7040
5,7041
5,7042
4,7043
5,7044
5,7045
5,7046
3,7047
1,7048
1,7049
4,7050
5,7051
3,7052
3,7053
1,7054
4,7055
1,7056
1,7057
1,7058
2,7059
4,7060
5,7061
3,7062
2,7063
4,7064
4,7065
1,7066
4,7067
5,7068
1,7069
4,7070
5,7071
5,7072
3,7073
4,7074
1,7075
1,7076
5,7077
5,7078
5,7079
4,7080
5,7081
5,7082
4,7083
4,7084
2,7085
3,7086
5,7087
1,7088
3,7089
5,7090
4,7091
2,7092
3,7093
2,7094
2,7095
2,7096
3,7097
4,7098
5,7099
4,7100
3,7101
3,7102
3,7103
5,7104
3,7105
1,7106
4,7107
3,7108
1,7109
1,7110
1,7111
1,7112
2,7113
1,7114
1,7115
5,7116
3,7117
1,7118
5,7119
3,7120
4,7121
1,7122
4,7123
4,7124
4,7125
2,7126
2,7127
3,7128
4,7129
1,7130
3,7131
5,7132
1,7133
3,7134
5,7135
5,7136
5,7137
4,7138
2,7139
1,7140
5,7141
1,7142
4,7143
5,7144
4,7145
5,7146
1,7147
2,7148
1,7149
2,7150
1,7151
2,7152
5,7153
1,7154
2,7155
2,7156
5,7157
1,7158
3,7159
3,7160
3,7161
5,7162
1,7163
3,7164
4,7165
3,7166
3,7167
3,7168
3,7169
5,7170
1,7171
4,7172
2,7173
2,7174
5,7175
1,7176
1,7177
1,7178
5,7179
2,7180
4,7181
5,7182
2,7183
4,7184
4,7185
4,7186
2,7187
2,7188
4,7189
2,7190
2,7191
2,7192
4,7193
5,7194
3,7195
1,7196
4,7197
3,7198
1,7199
5,7200
3,7201
5,7202
1,7203
1,7204
3,7205
5,7206
2,7207
5,7208
3,7209
3,7210
5,7211
1,7212
2,7213
2,7214
2,7215
5,7216
5,7217
1,7218
2,7219
2,7220
2,7221
1,7222
4,7223
5,7224
2,7225
5,7226
3,7227
4,7228
3,7229
3,7230
5,7231
5,7232
3,7233
4,7234
1,7235
2,7236
3,7237
5,7238
3,7239
3,7240
4,7241
5,7242
4,7243
2,7244
3,7245
4,7246
3,7247
3,7248
5,7249
3,7250
3,7251
1,7252
3,7253
5,7254
2,7255
2,7256
1,7257
3,7258
4,7259
2,7260
1,7261
1,7262
4,7263
5,7264
4,7265
2,7266
4,7267
4,7268
4,7269
2,7270
5,7271
4,7272
1,7273
2,7274
5,7275
3,7276
2,7277
4,7278
3,7279
4,7280
5,7281
2,7282
3,7283
5,7284
4,7285
1,7286
2,7287
2,7288
3,7289
4,7290
5,7291
1,7292
4,7293
1,7294
1,7295
3,7296
3,7297
2,7298
4,7299
5,7300
2,7301
2,7302
3,7303
3,7304
3,7305
4,7306
2,7307
4,7308
5,7309
3,7310
5,7311
1,7312
3,7313
5,7314
4,7315
3,7316
3,7317
1,7318
1,7319
5,7320
2,7321
2,7322
1,7323
5,7324
4,7325
2,7326
5,7327
4,7328
4,7329
3,7330
3,7331
3,7332
2,7333
3,7334
5,7335
4,7336
3,7337
3,7338
2,7339
2,7340
4,7341
5,7342
3,7343
1,7344
2,7345
4,7346
3,7347
1,7348
2,7349
1,7350
4,7351
1,7352
1,7353
2,7354
1,7355
5,7356
1,7357
3,7358
5,7359
5,7360
4,7361
2,7362
1,7363
5,7364
1,7365
4,7366
5,7367
5,7368
4,7369
1,7370
3,7371
2,7372
5,7373
4,7374
1,7375
3,7376
1,7377
5,7378
1,7379
5,7380
1,7381
5,7382
2,7383
1,7384
3,7385
1,7386
2,7387
2,7388
2,7389
4,7390
2,7391
2,7392
1,7393
1,7394
2,7395
2,7396
1,7397
4,7398
1,7399
1,7400
3,7401
1,7402
2,7403
5,7404
5,7405
2,7406
1,7407
1,7408
1,7409
5,7410
1,7411
4,7412
4,7413
3,7414
1,7415
1,7416
3,7417
4,7418
2,7419
4,7420
1,7421
3,7422
3,7423
4,7424
2,7425
2,7426
2,7427
4,7428
5,7429
3,7430
2,7431
1,7432
5,7433
2,7434
4,7435
3,7436
3,7437
4,7438
3,7439
1,7440
2,7441
1,7442
3,7443
4,7444
1,7445
2,7446
2,7447
5,7448
5,7449
2,7450
3,7451
5,7452
1,7453
5,7454
2,7455
4,7456
5,7457
1,7458
2,7459
4,7460
4,7461
4,7462
2,7463
4,7464
5,7465
5,7466
2,7467
2,7468
3,7469
3,7470
5,7471
3,7472
4,7473
2,7474
5,7475
3,7476
5,7477
3,7478
3,7479
1,7480
3,7481
4,7482
2,7483
2,7484
3,7485
2,7486
2,7487
2,7488
1,7489
2,7490
4,7491
3,7492
1,7493
5,7494
1,7495
1,7496
3,7497
1,7498
2,7499
3,7500
4,7501
4,7502
5,7503
3,7504
4,7505
3,7506
2,7507
1,7508
5,7509
3,7510
3,7511
3,7512
4,7513
1,7514
5,7515
3,7516
1,7517
1,7518
5,7519
4,7520
5,7521
1,7522
2,7523
4,7524
2,7525
3,7526
2,7527
3,7528
2,7529
5,7530
4,7531
4,7532
2,7533
2,7534
2,7535
5,7536
2,7537
3,7538
2,7539
4,7540
5,7541
2,7542
4,7543
5,7544
3,7545
4,7546
2,7547
2,7548
4,7549
4,7550
5,7551
1,7552
1,7553
3,7554
5,7555
4,7556
3,7557
1,7558
2,7559
4,7560
3,7561
5,7562
5,7563
3,7564
3,7565
5,7566
5,7567
4,7568
5,7569
4,7570
4,7571
4,7572
5,7573
2,7574
3,7575
2,7576
2,7577
3,7578
3,7579
3,7580
2,7581
4,7582
5,7583
4,7584
3,7585
1,7586
1,7587
2,7588
5,7589
5,7590
4,7591
3,7592
1,7593
2,7594
3,7595
1,7596
2,7597
1,7598
4,7599
3,7600
3,7601
2,7602
5,7603
2,7604
3,7605
1,7606
4,7607
1,7608
3,7609
3,7610
1,7611
1,7612
5,7613
4,7614
4,7615
4,7616
2,7617
3,7618
1,7619
3,7620
3,7621
1,7622
5,7623
1,7624
3,7625
5,7626
2,7627
2,7628
5,7629
2,7630
4,7631
2,7632
2,7633
4,7634
1,7635
4,7636
1,7637
1,7638
1,7639
4,7640
4,7641
1,7642
5,7643
2,7644
2,7645
2,7646
5,7647
1,7648
3,7649
3,7650
2,7651
3,7652
3,7653
5,7654
3,7655
1,7656
3,7657
1,7658
5,7659
2,7660
1,7661
4,7662
3,7663
1,7664
3,7665
3,7666
4,7667
1,7668
1,7669
5,7670
1,7671
3,7672
2,7673
3,7674
2,7675
2,7676
3,7677
4,7678
1,7679
1,7680
3,7681
3,7682
3,7683
3,7684
5,7685
3,7686
2,7687
4,7688
3,7689
3,7690
1,7691
4,7692
3,7693
3,7694
2,7695
1,7696
3,7697
1,7698
2,7699
2,7700
2,7701
3,7702
4,7703
2,7704
1,7705
3,7706
5,7707
5,7708
3,7709
4,7710
4,7711
2,7712
2,7713
5,7714
1,7715
1,7716
5,7717
3,7718
1,7719
2,7720
5,7721
3,7722
3,7723
3,7724
3,7725
5,7726
4,7727
2,7728
4,7729
4,7730
5,7731
4,7732
2,7733
4,7734
1,7735
4,7736
4,7737
5,7738
1,7739
5,7740
1,7741
1,7742
2,7743
4,7744
4,7745
1,7746
4,7747
3,7748
2,7749
4,7750
4,7751
1,7752
5,7753
4,7754
2,7755
1,7756
4,7757
2,7758
3,7759
5,7760
3,7761
2,7762
3,7763
5,7764
3,7765
4,7766
1,7767
1,7768
4,7769
2,7770
4,7771
4,7772
2,7773
4,7774
5,7775
5,7776
4,7777
3,7778
3,7779
2,7780
3,7781
5,7782
4,7783
5,7784
4,7785
5,7786
3,7787
1,7788
5,7789
5,7790
5,7791
4,7792
2,7793
1,7794
3,7795
1,7796
3,7797
1,7798
4,7799
5,7800
4,7801
3,7802
5,7803
1,7804
5,7805
2,7806
5,7807
4,7808
1,7809
1,7810
1,7811
2,7812
2,7813
5,7814
3,7815
3,7816
4,7817
2,7818
5,7819
5,7820
3,7821
1,7822
2,7823
3,7824
2,7825
1,7826
5,7827
4,7828
2,7829
4,7830
5,7831
3,7832
5,7833
3,7834
1,7835
2,7836
1,7837
1,7838
3,7839
1,7840
2,7841
2,7842
1,7843
3,7844
2,7845
4,7846
2,7847
3,7848
2,7849
5,7850
4,7851
1,7852
3,7853
1,7854
3,7855
2,7856
4,7857
1,7858
2,7859
1,7860
3,7861
3,7862
1,7863
4,7864
2,7865
3,7866
3,7867
5,7868
5,7869
1,7870
3,7871
2,7872
2,7873
1,7874
3,7875
2,7876
3,7877
5,7878
2,7879
2,7880
5,7881
2,7882
3,7883
4,7884
1,7885
4,7886
5,7887
2,7888
5,7889
3,7890
4,7891
4,7892
2,7893
1,7894
2,7895
2,7896
2,7897
2,7898
3,7899
5,7900
5,7901
4,7902
2,7903
1,7904
3,7905
2,7906
3,7907
4,7908
5,7909
4,7910
1,7911
1,7912
2,7913
4,7914
5,7915
3,7916
4,7917
3,7918
4,7919
1,7920
1,7921
5,7922
4,7923
1,7924
4,7925
4,7926
3,7927
4,7928
4,7929
5,7930
5,7931
1,7932
5,7933
2,7934
5,7935
4,7936
4,7937
1,7938
5,7939
5,7940
1,7941
5,7942
2,7943
3,7944
2,7945
1,7946
1,7947
3,7948
5,7949
2,7950
2,7951
5,7952
5,7953
3,7954
4,7955
1,7956
3,7957
2,7958
4,7959
2,7960
1,7961
5,7962
3,7963
4,7964
5,7965
4,7966
2,7967
2,7968
2,7969
3,7970
5,7971
5,7972
5,7973
3,7974
2,7975
2,7976
3,7977
2,7978
5,7979
3,7980
4,7981
3,7982
4,7983
5,7984
4,7985
3,7986
4,7987
3,7988
1,7989
1,7990
4,7991
4,7992
4,7993
2,7994
3,7995
5,7996
4,7997
1,7998
5,7999
3,8000
5,8001
3,8002
2,8003
5,8004
5,8005
2,8006
5,8007
1,8008
1,8009
2,8010
3,8011
4,8012
4,8013
5,8014
1,8015
2,8016
3,8017
1,8018
3,8019
3,8020
1,8021
2,8022
4,8023
5,8024
2,8025
5,8026
4,8027
3,8028
3,8029
3,8030
2,8031
3,8032
2,8033
3,8034
2,8035
5,8036
5,8037
2,8038
3,8039
3,8040
4,8041
4,8042
3,8043
3,8044
4,8045
2,8046
5,8047
2,8048
3,8049
3,8050
4,8051
2,8052
4,8053
2,8054
3,8055
5,8056
4,8057
3,8058
4,8059
5,8060
5,8061
4,8062
5,8063
3,8064
5,8065
4,8066
1,8067
3,8068
3,8069
3,8070
4,8071
4,8072
1,8073
1,8074
3,8075
3,8076
2,8077
3,8078
5,8079
4,8080
5,8081
4,8082
3,8083
5,8084
3,8085
1,8086
5,8087
4,8088
1,8089
3,8090
5,8091
2,8092
4,8093
3,8094
2,8095
5,8096
5,8097
3,8098
3,8099
3,8100
4,8101
5,8102
2,8103
3,8104
5,8105
4,8106
3,8107
1,8108
2,8109
5,8110
4,8111
5,8112
2,8113
1,8114
3,8115
1,8116
3,8117
5,8118
5,8119
4,8120
2,8121
4,8122
2,8123
4,8124
3,8125
5,8126
3,8127
1,8128
4,8129
1,8130
4,8131
1,8132
5,8133
2,8134
3,8135
1,8136
2,8137
1,8138
1,8139
1,8140
4,8141
2,8142
2,8143
3,8144
5,8145
2,8146
2,8147
5,8148
4,8149
2,8150
5,8151
5,8152
1,8153
1,8154
2,8155
5,8156
3,8157
5,8158
1,8159
3,8160
1,8161
2,8162
1,8163
4,8164
2,8165
1,8166
5,8167
1,8168
5,8169
3,8170
5,8171
2,8172
4,8173
2,8174
4,8175
1,8176
4,8177
1,8178
4,8179
5,8180
2,8181
4,8182
1,8183
3,8184
1,8185
3,8186
5,8187
5,8188
1,8189
5,8190
4,8191
3,8192
1,8193
1,8194
3,8195
5,8196
2,8197
5,8198
2,8199
3,8200
5,8201
4,8202
1,8203
4,8204
4,8205
1,8206
3,8207
1,8208
2,8209
4,8210
5,8211
5,8212
3,8213
3,8214
4,8215
4,8216
4,8217
2,8218
1,8219
3,8220
5,8221
5,8222
3,8223
4,8224
3,8225
1,8226
4,8227
3,8228
1,8229
4,8230
3,8231
5,8232
2,8233
5,8234
2,8235
1,8236
2,8237
3,8238
2,8239
1,8240
4,8241
5,8242
5,8243
2,8244
5,8245
3,8246
4,8247
3,8248
3,8249
5,8250
4,8251
3,8252
4,8253
3,8254
1,8255
1,8256
3,8257
1,8258
5,8259
1,8260
2,8261
2,8262
4,8263
1,8264
3,8265
3,8266
5,8267
3,8268
1,8269
2,8270
4,8271
5,8272
4,8273
3,8274
4,8275
1,8276
4,8277
3,8278
2,8279
1,8280
1,8281
4,8282
1,8283
3,8284
1,8285
5,8286
1,8287
1,8288
5,8289
3,8290
3,8291
5,8292
5,8293
4,8294
2,8295
5,8296
3,8297
3,8298
5,8299
4,8300
5,8301
4,8302
4,8303
4,8304
5,8305
2,8306
2,8307
5,8308
1,8309
3,8310
3,8311
4,8312
5,8313
1,8314
4,8315
4,8316
1,8317
1,8318
1,8319
1,8320
1,8321
4,8322
5,8323
4,8324
1,8325
1,8326
4,8327
4,8328
4,8329
4,8330
3,8331
3,8332
1,8333
5,8334
1,8335
1,8336
2,8337
4,8338
5,8339
1,8340
2,8341
5,8342
1,8343
5,8344
2,8345
1,8346
2,8347
1,8348
2,8349
4,8350
1,8351
4,8352
3,8353
3,8354
2,8355
3,8356
1,8357
3,8358
5,8359
4,8360
3,8361
4,8362
2,8363
3,8364
4,8365
5,8366
1,8367
1,8368
4,8369
4,8370
5,8371
3,8372
4,8373
3,8374
4,8375
4,8376
5,8377
5,8378
4,8379
1,8380
5,8381
5,8382
4,8383
4,8384
4,8385
3,8386
4,8387
5,8388
1,8389
1,8390
2,8391
4,8392
3,8393
2,8394
1,8395
3,8396
2,8397
3,8398
5,8399
5,8400
5,8401
2,8402
1,8403
1,8404
2,8405
1,8406
1,8407
1,8408
5,8409
2,8410
1,8411
3,8412
2,8413
5,8414
2,8415
4,8416
2,8417
5,8418
5,8419
4,8420
1,8421
4,8422
3,8423
4,8424
3,8425
2,8426
3,8427
2,8428
1,8429
2,8430
3,8431
3,8432
4,8433
4,8434
1,8435
4,8436
3,8437
3,8438
1,8439
2,8440
2,8441
4,8442
3,8443
2,8444
2,8445
3,8446
2,8447
5,8448
3,8449
2,8450
4,8451
1,8452
4,8453
4,8454
4,8455
5,8456
5,8457
4,8458
5,8459
1,8460
2,8461
4,8462
4,8463
2,8464
1,8465
4,8466
1,8467
4,8468
3,8469
4,8470
3,8471
2,8472
5,8473
3,8474
2,8475
4,8476
4,8477
5,8478
3,8479
2,8480
5,8481
2,8482
3,8483
3,8484
3,8485
2,8486
5,8487
1,8488
2,8489
3,8490
5,8491
4,8492
1,8493
3,8494
4,8495
5,8496
2,8497
3,8498
1,8499
5,8500
3,8501
1,8502
3,8503
2,8504
3,8505
2,8506
5,8507
4,8508
2,8509
5,8510
3,8511
4,8512
4,8513
5,8514
5,8515
4,8516
4,8517
1,8518
2,8519
1,8520
1,8521
5,8522
2,8523
3,8524
3,8525
3,8526
1,8527
5,8528
3,8529
5,8530
2,8531
4,8532
4,8533
1,8534
1,8535
5,8536
5,8537
1,8538
5,8539
2,8540
4,8541
4,8542
3,8543
1,8544
3,8545
4,8546
3,8547
5,8548
3,8549
5,8550
3,8551
5,8552
1,8553
3,8554
1,8555
1,8556
1,8557
5,8558
2,8559
5,8560
5,8561
4,8562
5,8563
2,8564
4,8565
2,8566
3,8567
2,8568
3,8569
1,8570
2,8571
3,8572
4,8573
1,8574
5,8575
1,8576
2,8577
1,8578
5,8579
3,8580
2,8581
2,8582
2,8583
3,8584
5,8585
3,8586
2,8587
3,8588
2,8589
4,8590
1,8591
2,8592
1,8593
1,8594
3,8595
3,8596
4,8597
5,8598
3,8599
5,8600
4,8601
5,8602
3,8603
5,8604
5,8605
2,8606
4,8607
3,8608
3,8609
3,8610
4,8611
5,8612
2,8613
4,8614
3,8615
3,8616
2,8617
4,8618
3,8619
5,8620
4,8621
2,8622
1,8623
3,8624
1,8625
5,8626
4,8627
3,8628
5,8629
1,8630
5,8631
3,8632
1,8633
1,8634
1,8635
4,8636
4,8637
5,8638
1,8639
4,8640
3,8641
2,8642
4,8643
3,8644
3,8645
5,8646
1,8647
2,8648
4,8649
3,8650
3,8651
1,8652
3,8653
1,8654
1,8655
5,8656
1,8657
2,8658
5,8659
5,8660
3,8661
2,8662
5,8663
2,8664
2,8665
4,8666
1,8667
4,8668
1,8669
2,8670
5,8671
5,8672
2,8673
1,8674
1,8675
3,8676
2,8677
4,8678
4,8679
1,8680
2,8681
4,8682
1,8683
2,8684
4,8685
1,8686
1,8687
3,8688
5,8689
3,8690
1,8691
3,8692
2,8693
2,8694
5,8695
2,8696
4,8697
3,8698
2,8699
5,8700
5,8701
3,8702
1,8703
3,8704
5,8705
3,8706
5,8707
1,8708
4,8709
5,8710
3,8711
3,8712
1,8713
5,8714
5,8715
2,8716
3,8717
2,8718
3,8719
5,8720
4,8721
3,8722
1,8723
3,8724
2,8725
4,8726
2,8727
1,8728
2,8729
1,8730
1,8731
3,8732
2,8733
4,8734
3,8735
4,8736
1,8737
3,8738
2,8739
2,8740
2,8741
1,8742
2,8743
3,8744
3,8745
3,8746
1,8747
1,8748
2,8749
2,8750
2,8751
2,8752
2,8753
3,8754
2,8755
2,8756
3,8757
2,8758
4,8759
2,8760
3,8761
5,8762
3,8763
2,8764
2,8765
1,8766
3,8767
3,8768
2,8769
2,8770
5,8771
1,8772
1,8773
5,8774
4,8775
3,8776
1,8777
3,8778
5,8779
3,8780
3,8781
4,8782
2,8783
5,8784
1,8785
4,8786
2,8787
4,8788
3,8789
4,8790
5,8791
2,8792
2,8793
5,8794
1,8795
3,8796
4,8797
3,8798
1,8799
1,8800
1,8801
5,8802
3,8803
1,8804
5,8805
2,8806
5,8807
5,8808
2,8809
5,8810
5,8811
5,8812
2,8813
5,8814
4,8815
5,8816
4,8817
3,8818
5,8819
1,8820
4,8821
5,8822
4,8823
3,8824
5,8825
4,8826
2,8827
2,8828
4,8829
1,8830
4,8831
5,8832
2,8833
3,8834
1,8835
2,8836
4,8837
3,8838
4,8839
3,8840
3,8841
1,8842
1,8843
3,8844
4,8845
2,8846
3,8847
3,8848
1,8849
2,8850
1,8851
5,8852
1,8853
4,8854
5,8855
2,8856
2,8857
3,8858
1,8859
1,8860
4,8861
3,8862
2,8863
1,8864
2,8865
4,8866
2,8867
4,8868
3,8869
1,8870
1,8871
4,8872
3,8873
5,8874
3,8875
5,8876
5,8877
5,8878
4,8879
5,8880
1,8881
2,8882
3,8883
3,8884
1,8885
3,8886
5,8887
3,8888
1,8889
2,8890
2,8891
1,8892
4,8893
1,8894
2,8895
2,8896
4,8897
3,8898
1,8899
4,8900
2,8901
1,8902
5,8903
5,8904
1,8905
5,8906
3,8907
1,8908
5,8909
3,8910
3,8911
4,8912
1,8913
3,8914
4,8915
2,8916
1,8917
3,8918
1,8919
3,8920
2,8921
4,8922
4,8923
4,8924
5,8925
1,8926
5,8927
5,8928
3,8929
3,8930
2,8931
5,8932
2,8933
4,8934
5,8935
3,8936
2,8937
1,8938
2,8939
4,8940
3,8941
3,8942
3,8943
5,8944
4,8945
1,8946
4,8947
3,8948
3,8949
4,8950
4,8951
1,8952
5,8953
1,8954
1,8955
3,8956
4,8957
3,8958
5,8959
3,8960
5,8961
4,8962
3,8963
1,8964
4,8965
5,8966
4,8967
2,8968
5,8969
5,8970
2,8971
2,8972
4,8973
3,8974
3,8975
4,8976
3,8977
5,8978
1,8979
2,8980
5,8981
5,8982
2,8983
2,8984
2,8985
3,8986
3,8987
2,8988
4,8989
4,8990
4,8991
2,8992
5,8993
1,8994
5,8995
1,8996
3,8997
1,8998
1,8999
3,9000
5,9001
5,9002
3,9003
2,9004
1,9005
3,9006
3,9007
2,9008
5,9009
2,9010
1,9011
5,9012
4,9013
3,9014
4,9015
4,9016
3,9017
3,9018
4,9019
2,9020
3,9021
4,9022
4,9023
4,9024
5,9025
2,9026
1,9027
4,9028
2,9029
2,9030
2,9031
1,9032
5,9033
3,9034
3,9035
3,9036
5,9037
4,9038
3,9039
1,9040
2,9041
1,9042
5,9043
3,9044
3,9045
3,9046
4,9047
3,9048
5,9049
3,9050
1,9051
5,9052
4,9053
3,9054
2,9055
2,9056
5,9057
4,9058
4,9059
1,9060
4,9061
1,9062
2,9063
4,9064
4,9065
5,9066
3,9067
2,9068
3,9069
3,9070
3,9071
4,9072
3,9073
3,9074
3,9075
3,9076
1,9077
2,9078
5,9079
2,9080
1,9081
1,9082
5,9083
3,9084
2,9085
3,9086
5,9087
5,9088
2,9089
3,9090
5,9091
1,9092
4,9093
4,9094
5,9095
5,9096
5,9097
3,9098
2,9099
4,9100
1,9101
5,9102
3,9103
5,9104
3,9105
2,9106
1,9107
1,9108
1,9109
3,9110
4,9111
1,9112
1,9113
4,9114
4,9115
1,9116
3,9117
2,9118
5,9119
4,9120
4,9121
3,9122
4,9123
4,9124
3,9125
5,9126
5,9127
4,9128
4,9129
4,9130
1,9131
4,9132
3,9133
4,9134
3,9135
2,9136
4,9137
5,9138
2,9139
3,9140
3,9141
5,9142
4,9143
1,9144
4,9145
4,9146
2,9147
5,9148
5,9149
5,9150
1,9151
3,9152
4,9153
5,9154
1,9155
2,9156
5,9157
1,9158
3,9159
1,9160
5,9161
3,9162
5,9163
3,9164
4,9165
3,9166
4,9167
4,9168
3,9169
4,9170
1,9171
4,9172
2,9173
5,9174
1,9175
4,9176
2,9177
3,9178
4,9179
1,9180
3,9181
3,9182
5,9183
1,9184
5,9185
1,9186
1,9187
5,9188
4,9189
3,9190
1,9191
4,9192
4,9193
4,9194
1,9195
5,9196
4,9197
2,9198
4,9199
3,9200
3,9201
4,9202
3,9203
1,9204
3,9205
1,9206
2,9207
2,9208
4,9209
1,9210
1,9211
5,9212
1,9213
5,9214
2,9215
5,9216
1,9217
4,9218
2,9219
1,9220
1,9221
4,9222
4,9223
4,9224
3,9225
2,9226
2,9227
4,9228
3,9229
1,9230
5,9231
2,9232
5,9233
1,9234
1,9235
4,9236
2,9237
4,9238
3,9239
4,9240
5,9241
4,9242
1,9243
5,9244
5,9245
1,9246
1,9247
5,9248
3,9249
1,9250
2,9251
4,9252
3,9253
3,9254
4,9255
3,9256
4,9257
2,9258
2,9259
1,9260
4,9261
2,9262
1,9263
5,9264
1,9265
1,9266
2,9267
3,9268
3,9269
1,9270
4,9271
2,9272
5,9273
3,9274
5,9275
3,9276
1,9277
3,9278
4,9279
5,9280
2,9281
1,9282
5,9283
3,9284
3,9285
1,9286
3,9287
3,9288
3,9289
2,9290
3,9291
5,9292
2,9293
4,9294
5,9295
1,9296
3,9297
1,9298
1,9299
5,9300
4,9301
2,9302
5,9303
4,9304
3,9305
2,9306
4,9307
2,9308
1,9309
3,9310
2,9311
1,9312
1,9313
4,9314
2,9315
2,9316
5,9317
3,9318
3,9319
1,9320
2,9321
4,9322
5,9323
5,9324
4,9325
2,9326
3,9327
1,9328
5,9329
4,9330
2,9331
3,9332
4,9333
2,9334
3,9335
3,9336
1,9337
2,9338
5,9339
2,9340
1,9341
5,9342
4,9343
1,9344
1,9345
5,9346
4,9347
4,9348
3,9349
4,9350
3,9351
5,9352
1,9353
4,9354
5,9355
2,9356
2,9357
4,9358
2,9359
4,9360
1,9361
4,9362
3,9363
4,9364
5,9365
4,9366
5,9367
3,9368
1,9369
1,9370
1,9371
2,9372
3,9373
1,9374
1,9375
5,9376
5,9377
2,9378
1,9379
2,9380
2,9381
1,9382
2,9383
5,9384
4,9385
1,9386
4,9387
3,9388
4,9389
5,9390
5,9391
3,9392
1,9393
2,9394
5,9395
3,9396
5,9397
2,9398
4,9399
4,9400
2,9401
2,9402
4,9403
5,9404
2,9405
2,9406
4,9407
1,9408
4,9409
2,9410
1,9411
1,9412
1,9413
5,9414
3,9415
3,9416
1,9417
2,9418
3,9419
2,9420
3,9421
2,9422
5,9423
1,9424
2,9425
3,9426
3,9427
4,9428
5,9429
1,9430
4,9431
2,9432
3,9433
4,9434
3,9435
3,9436
3,9437
1,9438
5,9439
3,9440
2,9441
3,9442
1,9443
1,9444
5,9445
2,9446
4,9447
3,9448
3,9449
5,9450
2,9451
2,9452
4,9453
1,9454
5,9455
5,9456
1,9457
5,9458
5,9459
3,9460
3,9461
2,9462
4,9463
2,9464
5,9465
1,9466
2,9467
5,9468
1,9469
1,9470
1,9471
4,9472
3,9473
2,9474
1,9475
2,9476
5,9477
3,9478
1,9479
1,9480
1,9481
2,9482
3,9483
2,9484
4,9485
1,9486
5,9487
4,9488
4,9489
2,9490
4,9491
3,9492
2,9493
5,9494
1,9495
4,9496
3,9497
5,9498
5,9499
2,9500
1,9501
3,9502
1,9503
5,9504
2,9505
3,9506
1,9507
1,9508
3,9509
2,9510
4,9511
4,9512
1,9513
5,9514
1,9515
3,9516
3,9517
1,9518
1,9519
5,9520
1,9521
5,9522
2,9523
5,9524
2,9525
2,9526
4,9527
3,9528
2,9529
2,9530
2,9531
3,9532
5,9533
5,9534
1,9535
1,9536
5,9537
5,9538
2,9539
2,9540
3,9541
3,9542
4,9543
2,9544
1,9545
5,9546
1,9547
2,9548
3,9549
1,9550
2,9551
1,9552
3,9553
1,9554
5,9555
1,9556
1,9557
5,9558
2,9559
3,9560
5,9561
2,9562
5,9563
3,9564
3,9565
3,9566
3,9567
2,9568
4,9569
1,9570
3,9571
4,9572
3,9573
2,9574
4,9575
4,9576
2,9577
2,9578
1,9579
3,9580
4,9581
3,9582
4,9583
2,9584
5,9585
4,9586
4,9587
2,9588
1,9589
4,9590
1,9591
3,9592
3,9593
3,9594
5,9595
5,9596
1,9597
2,9598
5,9599
4,9600
1,9601
2,9602
3,9603
5,9604
3,9605
4,9606
5,9607
5,9608
3,9609
3,9610
3,9611
1,9612
3,9613
4,9614
4,9615
4,9616
5,9617
4,9618
1,9619
2,9620
3,9621
5,9622
4,9623
3,9624
1,9625
2,9626
5,9627
5,9628
5,9629
3,9630
2,9631
5,9632
3,9633
3,9634
5,9635
4,9636
5,9637
4,9638
2,9639
3,9640
2,9641
1,9642
5,9643
2,9644
4,9645
4,9646
4,9647
4,9648
3,9649
1,9650
2,9651
2,9652
1,9653
1,9654
3,9655
3,9656
5,9657
4,9658
4,9659
2,9660
2,9661
3,9662
5,9663
4,9664
1,9665
1,9666
4,9667
1,9668
5,9669
2,9670
4,9671
2,9672
3,9673
3,9674
5,9675
3,9676
3,9677
4,9678
5,9679
2,9680
5,9681
3,9682
3,9683
1,9684
4,9685
1,9686
2,9687
5,9688
5,9689
4,9690
1,9691
3,9692
5,9693
4,9694
2,9695
2,9696
3,9697
3,9698
4,9699
3,9700
4,9701
3,9702
1,9703
2,9704
1,9705
3,9706
1,9707
3,9708
5,9709
1,9710
4,9711
3,9712
2,9713
1,9714
3,9715
4,9716
4,9717
3,9718
1,9719
3,9720
5,9721
2,9722
4,9723
1,9724
3,9725
1,9726
2,9727
4,9728
4,9729
1,9730
4,9731
2,9732
4,9733
3,9734
1,9735
3,9736
4,9737
3,9738
2,9739
3,9740
4,9741
2,9742
1,9743
5,9744
5,9745
1,9746
1,9747
1,9748
4,9749
5,9750
2,9751
1,9752
1,9753
4,9754
3,9755
5,9756
5,9757
2,9758
4,9759
2,9760
4,9761
4,9762
4,9763
3,9764
1,9765
2,9766
3,9767
5,9768
5,9769
3,9770
3,9771
2,9772
4,9773
2,9774
1,9775
4,9776
3,9777
3,9778
2,9779
3,9780
4,9781
1,9782
5,9783
4,9784
2,9785
2,9786
1,9787
2,9788
2,9789
3,9790
3,9791
1,9792
4,9793
4,9794
2,9795
4,9796
3,9797
1,9798
5,9799
4,9800
3,9801
5,9802
4,9803
3,9804
5,9805
1,9806
5,9807
4,9808
2,9809
2,9810
1,9811
4,9812
3,9813
5,9814
1,9815
5,9816
2,9817
5,9818
2,9819
4,9820
5,9821
1,9822
3,9823
2,9824
3,9825
3,9826
5,9827
1,9828
1,9829
3,9830
4,9831
4,9832
2,9833
5,9834
4,9835
3,9836
3,9837
5,9838
1,9839
5,9840
4,9841
2,9842
3,9843
5,9844
4,9845
5,9846
2,9847
1,9848
3,9849
4,9850
5,9851
1,9852
5,9853
3,9854
3,9855
2,9856
5,9857
2,9858
3,9859
2,9860
3,9861
4,9862
3,9863
5,9864
1,9865
1,9866
2,9867
4,9868
2,9869
1,9870
3,9871
4,9872
2,9873
1,9874
4,9875
1,9876
3,9877
2,9878
5,9879
3,9880
3,9881
3,9882
5,9883
2,9884
4,9885
5,9886
5,9887
1,9888
2,9889
3,9890
3,9891
5,9892
5,9893
3,9894
1,9895
5,9896
2,9897
5,9898
5,9899
2,9900
5,9901
2,9902
5,9903
2,9904
2,9905
2,9906
2,9907
3,9908
1,9909
5,9910
3,9911
1,9912
4,9913
5,9914
1,9915
5,9916
4,9917
4,9918
5,9919
2,9920
4,9921
3,9922
4,9923
1,9924
4,9925
3,9926
4,9927
3,9928
3,9929
2,9930
3,9931
4,9932
1,9933
3,9934
4,9935
1,9936
1,9937
4,9938
2,9939
2,9940
3,9941
1,9942
4,9943
1,9944
1,9945
2,9946
1,9947
4,9948
4,9949
1,9950
3,9951
4,9952
1,9953
4,9954
2,9955
3,9956
3,9957
2,9958
3,9959
2,9960
2,9961
4,9962
2,9963
3,9964
1,9965
1,9966
1,9967
2,9968
3,9969
2,9970
4,9971
1,9972
4,9973
4,9974
5,9975
5,9976
5,9977
5,9978
3,9979
2,9980
3,9981
1,9982
5,9983
4,9984
3,9985
1,9986
2,9987
2,9988
2,9989
5,9990
2,9991
2,9992
3,9993
5,9994
4,9995
5,9996
1,9997
5,9998
2,9999
