idPelicula,idDirector
90,261
13,37
396,334
158,338
163,470
284,242
256,420
363,79
27,94
343,404
247,241
86,234
420,283
478,84
381,191
75,406
149,413
218,47
73,146
21,464
185,289
459,100
451,76
301,379
325,310
457,292
64,48
478,128
330,335
487,131
68,485
96,300
88,21
100,370
108,486
379,405
418,139
318,224
426,228
128,334
478,445
151,294
21,67
287,296
208,186
42,489
86,25
334,349
490,211
156,178
15,45
486,424
494,149
402,31
479,23
130,321
53,325
499,10
1,119
289,374
361,222
440,255
327,186
318,431
441,478
280,393
322,6
487,27
494,461
166,208
162,199
492,464
468,99
153,402
407,196
466,299
239,189
293,113
23,434
167,38
185,269
493,248
131,313
79,491
398,95
236,110
330,330
175,343
123,390
2,497
257,136
278,29
25,255
154,150
115,218
493,305
178,56
84,482
133,432
107,202
441,303
102,313
337,461
7,389
255,314
90,410
94,177
162,379
312,346
54,240
241,463
494,23
28,439
454,383
407,58
66,452
361,428
23,359
462,69
421,415
275,231
193,174
1,106
124,303
407,393
223,158
245,409
374,117
351,33
413,411
192,283
99,339
172,314
50,448
196,420
160,27
397,203
457,254
340,442
347,438
467,309
489,368
45,46
368,181
105,153
421,235
445,148
181,175
236,5
274,387
105,112
241,185
128,49
431,203
384,114
435,285
365,270
66,151
251,90
326,166
37,56
465,466
155,114
81,482
262,399
430,315
101,40
261,451
320,373
57,162
10,250
346,470
218,413
339,343
341,237
448,488
30,162
285,59
283,56
202,105
233,408
291,314
470,178
61,163
351,485
73,175
266,433
51,452
151,144
58,368
136,323
100,168
50,346
463,421
148,326
174,11
178,480
76,32
328,419
56,403
359,175
81,111
123,323
266,291
318,87
456,135
353,82
419,5
337,156
57,7
334,319
50,397
175,238
359,367
209,463
11,325
313,108
81,488
367,433
391,144
24,416
176,83
202,393
358,399
172,25
195,254
270,473
478,190
306,499
434,499
499,66
145,499
161,171
434,105
2,474
478,462
437,6
184,67
473,292
50,286
416,19
458,27
356,257
218,377
127,148
304,352
459,61
460,287
401,103
55,343
238,132
56,229
43,184
51,491
493,453
382,158
423,289
272,241
220,299
9,362
52,472
29,79
252,287
10,406
374,271
79,124
435,119
173,202
406,439
412,345
262,238
117,106
164,212
257,73
384,176
459,487
50,457
468,154
250,248
390,383
108,443
211,44
48,148
458,462
223,175
306,58
282,289
320,378
289,205
273,157
367,12
319,63
112,347
497,392
289,91
245,65
83,409
367,446
315,58
41,237
423,432
377,258
148,239
484,20
57,399
214,95
131,243
69,467
158,354
135,255
366,212
401,87
215,444
369,241
335,216
459,108
463,262
166,483
161,52
272,381
396,373
339,491
65,12
9,153
50,456
58,108
409,446
16,435
226,86
275,62
64,483
308,98
139,145
363,240
162,224
463,157
385,490
321,84
443,144
90,225
2,45
59,447
129,107
316,116
487,120
255,240
77,259
282,207
406,494
43,63
33,66
341,315
456,53
427,434
229,289
128,309
73,80
474,84
348,490
215,492
490,435
484,478
319,69
316,165
22,217
24,284
110,118
63,248
344,429
173,449
31,479
298,205
369,318
342,470
485,249
55,240
197,239
113,434
176,87
354,191
234,481
227,103
137,309
52,382
304,227
79,49
458,279
338,449
255,216
29,331
29,469
368,405
269,217
451,489
27,496
174,23
237,190
475,27
314,11
286,216
326,217
38,232
172,407
198,228
185,316
1,497
143,438
423,180
91,366
99,477
167,452
186,186
77,275
474,187
239,23
164,138
308,154
154,184
371,196
215,333
307,495
124,33
127,390
458,470
153,385
238,102
147,3
173,289
36,317
362,41
362,469
292,118
4,398
486,390
163,276
375,255
141,209
2,280
438,179
481,485
75,358
373,103
210,44
156,491
423,497
152,403
427,33
357,4
21,276
471,104
23,449
214,483
175,188
38,48
259,81
28,453
274,161
207,159
243,106
241,495
38,446
248,425
288,91
301,89
460,369
497,214
82,228
394,226
15,99
151,258
345,274
352,322
294,496
83,163
297,81
4,412
158,312
456,216
146,135
252,196
159,481
209,129
148,451
25,26
463,125
296,128
215,429
315,260
179,198
396,462
62,478
481,229
312,415
243,423
214,270
166,227
302,143
171,144
127,314
211,454
398,110
489,122
348,352
204,72
46,215
204,183
70,368
399,312
457,70
98,304
356,353
167,453
128,295
95,340
48,59
56,56
432,76
37,308
270,321
309,428
217,281
439,201
135,341
170,104
317,366
406,133
22,355
352,102
290,40
252,281
169,173
286,56
372,345
285,327
42,327
101,205
243,214
321,11
87,68
9,192
2,398
55,212
335,60
197,340
104,446
374,90
490,444
329,233
311,338
275,477
267,222
32,320
296,19
415,189
8,425
197,7
469,69
175,156
254,482
345,259
347,65
414,345
57,487
315,395
219,429
312,333
103,316
466,272
185,440
252,320
429,164
189,233
440,439
297,138
172,289
113,487
69,498
95,126
45,464
470,32
223,262
428,419
164,98
309,345
170,154
169,118
487,167
375,407
290,225
301,51
206,153
158,278
392,308
226,305
487,57
447,340
130,204
221,244
401,438
143,457
396,270
496,292
448,320
210,11
259,422
36,432
334,203
188,162
97,221
81,198
157,484
313,291
79,143
66,328
411,460
352,71
182,162
237,460
6,483
127,294
269,285
351,54
92,438
366,4
83,496
249,258
65,84
499,86
372,95
312,117
189,231
81,68
381,474
260,59
392,458
303,276
446,230
495,299
412,470
100,201
406,36
45,417
392,485
486,395
177,413
148,471
408,164
378,462
357,207
185,47
414,86
387,308
206,172
254,210
441,62
51,357
233,372
233,295
47,6
312,429
299,461
275,132
98,393
297,281
256,366
334,262
89,62
230,331
177,438
139,471
314,145
482,429
148,340
86,298
64,415
480,232
376,454
495,313
182,282
58,128
176,231
194,495
192,233
256,186
4,446
43,44
230,61
63,181
419,357
333,404
18,167
257,257
93,41
342,69
387,427
476,4
169,102
438,8
347,440
196,17
90,114
425,287
412,165
444,433
125,329
457,325
78,84
377,190
255,121
367,76
270,63
384,129
202,211
366,347
478,331
323,110
440,253
415,419
443,329
165,150
445,230
174,459
374,282
115,224
322,463
92,212
227,261
76,418
463,152
489,424
140,246
382,325
22,346
494,96
231,165
379,5
455,261
44,16
418,459
100,471
286,86
459,311
370,82
15,464
358,160
61,348
462,251
50,204
362,38
140,16
269,110
90,458
132,6
427,363
124,385
498,1
50,419
425,495
393,382
150,126
69,220
217,128
260,481
451,161
58,251
94,133
465,118
374,490
230,375
228,151
474,101
283,40
215,141
75,48
165,473
299,443
56,213
410,142
363,375
186,238
494,154
168,247
333,181
314,484
306,218
392,397
123,346
63,229
425,434
137,43
482,124
85,321
206,270
44,416
443,316
384,50
437,350
146,254
359,381
353,68
401,334
188,324
465,419
263,387
464,324
102,65
354,415
309,259
284,167
18,55
466,372
388,462
384,158
6,112
331,9
139,107
454,374
431,112
42,55
183,348
206,189
21,428
122,329
222,316
409,244
348,110
80,477
76,37
345,479
1,240
170,92
281,399
138,320
225,405
17,419
338,154
268,150
50,477
357,295
46,354
251,119
322,25
403,498
396,100
392,290
280,233
294,349
176,304
419,294
277,294
329,146
449,188
394,447
459,372
492,182
145,123
89,406
166,302
188,409
453,266
439,425
406,329
366,398
197,229
271,37
283,237
203,424
196,206
33,284
435,213
161,200
334,101
182,483
163,203
118,250
297,270
218,189
320,243
207,422
210,231
118,261
303,287
12,135
346,37
311,280
376,345
445,319
462,120
21,404
264,180
205,114
201,230
268,62
446,430
410,130
390,487
326,238
199,399
7,342
291,328
450,35
4,191
204,419
183,168
371,67
356,118
55,122
122,349
356,106
296,47
52,471
111,458
178,491
188,55
465,82
56,94
334,186
156,495
106,207
81,62
42,448
400,115
132,425
172,387
16,473
246,279
459,405
280,443
461,238
44,247
289,475
334,373
478,407
349,189
399,28
252,482
425,274
38,62
374,51
245,380
400,229
450,120
271,98
479,398
20,482
67,85
21,369
210,445
1,377
269,310
107,405
78,112
296,15
202,155
397,124
105,107
490,224
124,128
266,256
366,453
116,14
279,309
64,201
280,423
146,271
270,224
270,329
465,275
28,160
173,121
339,400
27,204
61,463
48,382
4,76
293,382
94,29
480,86
10,48
411,483
416,231
342,30
1,321
471,58
477,60
212,485
159,423
51,431
329,436
49,268
301,135
475,41
150,265
354,471
260,296
379,69
285,372
373,27
61,367
251,320
117,203
365,60
488,443
452,45
204,385
302,204
291,157
15,64
200,450
350,30
36,377
171,452
223,387
440,78
442,306
123,422
239,139
469,88
450,377
28,374
45,272
240,275
384,137
437,200
49,3
180,366
181,462
161,65
435,478
114,25
462,394
392,480
178,447
366,496
340,327
385,166
172,54
345,226
190,262
158,279
72,161
210,467
172,263
389,104
467,359
291,123
461,416
414,481
371,357
471,296
415,342
380,413
365,155
3,60
360,184
381,284
114,266
86,461
325,374
106,88
80,301
229,461
216,269
398,141
114,249
162,133
188,333
236,204
210,10
205,446
63,485
394,147
372,447
403,82
163,379
495,114
239,295
477,406
485,340
461,245
106,392
362,5
72,122
119,327
489,345
71,292
165,412
462,111
147,361
278,234
69,383
211,14
170,175
128,437
140,123
333,22
229,368
319,347
366,126
89,353
487,244
43,116
350,125
74,219
255,263
290,360
192,293
21,203
102,11
14,266
464,76
23,181
269,309
317,391
444,299
230,380
54,298
199,81
319,203
425,314
422,473
235,349
81,229
469,121
167,419
327,430
282,306
285,395
387,235
168,321
381,108
59,311
133,252
183,409
464,395
349,264
53,21
431,179
447,388
85,238
248,156
371,302
370,194
90,369
115,281
473,352
376,42
34,163
445,408
153,22
490,284
17,228
435,250
321,349
329,180
319,419
31,451
368,216
174,404
232,166
53,485
390,330
293,236
213,34
39,380
416,304
228,468
334,60
126,158
275,486
335,140
131,85
21,402
46,130
112,95
492,428
93,107
475,159
400,273
333,232
190,241
4,201
160,106
459,443
441,52
461,33
455,147
231,277
388,385
169,71
223,34
483,307
118,461
439,187
256,315
20,113
398,218
359,228
341,134
435,384
243,447
282,194
248,251
90,252
109,419
95,81
496,226
476,63
239,252
378,490
57,393
450,162
215,296
359,442
328,326
474,140
138,324
62,300
371,178
397,330
21,73
103,160
100,295
291,340
67,312
152,82
142,41
345,202
98,395
351,109
296,415
475,223
75,150
360,212
303,185
301,441
45,214
498,418
341,441
101,182
392,40
37,426
175,374
65,101
160,22
105,185
451,140
313,499
378,148
108,270
429,134
113,26
208,55
400,300
431,458
38,138
275,84
97,54
289,111
35,330
29,208
307,341
397,58
367,164
19,378
251,344
416,118
256,173
45,64
32,141
379,413
110,138
255,58
286,164
428,343
5,384
63,434
442,213
104,112
127,400
172,392
342,79
151,434
120,312
395,61
57,269
35,251
80,480
72,232
391,30
364,409
79,119
346,284
410,161
366,343
252,268
23,102
144,115
175,210
451,366
2,178
411,458
369,466
214,422
228,344
317,437
233,100
153,17
91,76
459,389
407,88
258,466
338,370
232,27
21,318
234,386
289,323
399,451
447,103
427,234
406,153
427,290
28,392
357,102
438,283
28,412
62,411
141,229
94,245
174,470
71,186
278,317
183,93
186,90
309,2
207,354
111,119
104,218
192,66
35,70
110,28
328,84
113,94
142,419
5,280
255,70
239,311
315,74
482,473
438,205
55,404
43,89
47,295
245,194
421,69
318,55
321,245
288,369
191,302
454,63
359,428
105,4
110,82
152,305
314,471
328,172
491,395
141,130
392,483
487,379
142,54
481,166
274,459
323,447
337,168
129,94
223,237
79,197
35,9
30,448
14,275
295,499
187,350
34,300
106,142
236,135
252,399
41,303
169,345
87,467
198,375
373,328
218,449
46,428
17,36
142,7
183,252
166,424
57,130
66,193
355,278
493,58
291,259
285,50
266,213
210,128
214,248
466,109
468,294
426,344
255,296
246,474
429,78
171,132
456,80
41,134
418,355
338,174
241,269
84,165
350,339
289,180
78,137
477,441
423,451
213,226
108,368
100,107
389,414
152,194
62,162
266,262
300,164
272,435
149,142
278,433
222,432
349,29
121,2
9,178
484,322
215,127
70,322
483,118
220,177
280,247
356,255
115,18
252,182
437,230
481,96
81,106
107,387
28,387
448,288
46,421
382,192
143,158
405,471
496,424
20,16
55,252
138,310
116,335
235,441
21,457
57,25
188,454
434,459
284,223
133,247
77,37
72,337
104,489
409,87
105,288
137,418
187,310
483,158
150,410
288,312
79,345
9,208
135,293
152,131
223,307
418,448
269,351
332,64
78,453
387,38
244,184
210,312
116,472
172,271
70,155
412,30
377,170
241,177
346,196
43,399
381,27
351,117
185,449
101,23
160,496
298,496
248,136
405,221
105,256
314,101
145,320
179,354
314,40
440,404
347,240
284,270
472,240
264,202
434,366
316,496
35,422
174,201
271,480
37,429
150,455
76,38
30,425
375,61
87,149
108,170
23,467
484,449
272,281
7,136
62,155
194,355
20,64
43,453
473,453
123,110
184,297
204,188
288,190
146,158
259,227
399,352
431,108
335,470
387,159
426,451
341,10
277,156
322,56
263,294
182,225
371,386
371,370
479,253
282,97
331,187
483,276
451,487
60,497
421,23
2,158
471,187
416,270
334,376
306,404
442,97
358,153
142,219
135,236
304,112
420,213
250,439
179,484
32,282
60,42
373,354
153,59
332,255
420,380
128,470
98,226
8,294
12,118
97,65
322,165
283,258
137,374
334,160
350,155
146,251
432,335
223,469
81,50
271,376
51,413
406,348
201,164
148,59
83,341
408,74
164,290
403,318
409,153
208,228
357,432
68,184
470,224
138,164
481,414
328,215
211,300
265,331
155,374
352,174
432,295
253,106
380,291
264,410
389,270
419,53
405,377
231,202
39,230
499,209
312,409
468,386
396,176
13,85
420,268
162,390
471,488
5,126
124,301
53,253
111,316
119,220
329,45
462,274
416,324
336,252
428,318
464,308
303,312
197,237
285,336
362,453
498,271
366,209
377,272
21,449
398,146
345,394
98,1
291,458
143,24
365,306
47,67
273,195
418,47
185,14
427,30
278,15
340,194
185,460
189,11
222,34
334,304
114,148
423,150
212,242
40,202
123,344
352,14
221,91
214,42
169,488
365,415
354,416
441,65
113,152
31,45
335,2
144,412
149,495
129,43
254,132
4,22
440,385
20,324
177,123
376,276
482,495
196,469
42,456
356,113
439,377
6,450
37,358
9,475
290,419
111,323
420,199
320,466
471,358
299,124
248,236
447,231
389,155
229,227
312,81
495,491
239,429
415,400
419,284
354,211
487,394
400,144
179,448
370,353
438,429
295,168
342,186
213,224
19,171
224,432
92,256
171,265
302,210
264,352
422,223
91,243
448,141
434,414
384,359
461,213
443,11
29,228
432,86
193,95
445,434
315,168
360,440
274,359
73,6
415,333
385,382
38,475
319,424
109,46
440,23
120,165
153,245
220,368
270,246
297,5
190,329
58,478
359,448
318,458
73,112
363,358
320,296
123,137
72,327
252,378
496,18
126,160
69,66
223,229
332,474
217,196
243,304
340,103
185,358
215,8
129,285
409,233
310,433
223,3
333,307
52,396
300,441
377,194
101,15
168,32
154,175
5,34
198,49
18,469
193,39
149,73
495,151
261,352
472,199
217,98
196,77
434,296
33,430
307,325
100,302
180,251
102,17
121,76
147,102
274,131
313,151
356,487
33,302
306,330
408,182
161,430
386,83
130,320
420,99
20,325
456,142
99,478
162,277
486,85
433,313
132,374
285,237
260,129
478,108
467,37
54,235
467,454
431,355
194,493
232,299
208,206
232,499
267,111
316,200
82,57
87,289
356,451
474,227
273,308
29,298
88,458
138,174
427,388
413,39
269,22
326,493
118,366
380,212
132,404
368,135
191,187
103,18
463,249
352,112
329,91
166,398
153,435
195,238
124,22
371,412
438,243
99,149
343,91
95,334
377,454
232,382
24,479
351,154
445,441
152,204
454,400
238,309
202,152
216,340
426,474
124,269
396,382
498,231
73,264
171,98
267,479
95,144
372,360
376,53
87,163
303,221
329,171
488,489
271,127
101,369
402,101
330,118
344,69
61,466
194,72
210,51
98,413
298,67
197,246
168,328
251,78
52,339
88,222
121,44
185,76
235,95
290,65
212,241
156,296
82,440
314,165
46,455
227,38
169,471
157,204
264,193
118,430
148,375
195,83
284,44
424,190
490,449
70,238
350,41
108,413
26,80
329,305
378,452
497,101
154,70
478,286
164,214
280,195
162,232
79,169
423,360
178,186
27,388
6,138
459,280
85,307
220,465
58,147
18,442
468,235
431,96
206,213
204,350
16,446
29,86
113,281
275,15
204,43
277,498
299,308
21,391
469,445
123,389
260,185
17,168
244,125
189,414
217,83
2,272
57,83
224,249
336,349
426,352
382,233
321,223
314,133
224,270
492,324
328,162
499,330
31,15
6,161
73,50
183,20
469,289
395,34
36,213
177,455
436,83
276,280
235,40
91,219
42,345
310,472
131,418
344,39
50,200
273,393
79,293
58,447
420,33
463,481
269,142
47,299
255,124
24,136
150,304
485,409
183,134
392,254
328,493
425,354
8,411
82,285
105,362
18,76
21,488
130,51
495,19
426,152
392,291
293,323
151,120
111,209
429,487
140,115
215,347
3,48
217,445
379,221
421,378
323,171
269,483
294,160
144,212
404,167
415,154
459,408
163,381
273,442
272,18
458,284
301,280
263,166
234,199
249,481
163,34
396,264
366,56
53,194
324,476
121,467
266,417
59,344
291,6
171,247
32,458
493,139
238,126
137,69
461,18
72,470
363,149
380,159
44,320
229,169
329,197
100,351
300,372
366,69
277,134
67,75
356,143
190,133
459,237
242,156
417,293
342,44
216,295
126,433
179,22
103,403
319,122
212,106
237,19
304,124
94,203
394,118
97,364
286,392
242,206
319,365
129,162
151,448
430,297
369,22
162,108
309,385
310,62
470,138
147,387
451,132
56,368
58,401
469,277
12,200
358,242
409,293
30,258
290,135
98,92
252,74
497,230
82,349
204,8
123,190
227,337
263,7
217,62
325,498
240,196
171,430
420,289
244,15
89,293
85,331
230,178
467,27
482,37
418,180
238,398
267,146
187,319
14,423
401,105
431,292
199,10
367,421
4,463
4,351
121,263
155,92
359,398
442,420
84,105
54,431
429,417
31,105
29,473
54,83
168,159
103,133
419,9
120,466
483,161
24,79
227,199
19,331
244,197
238,251
290,316
244,427
147,371
472,182
117,433
333,63
359,310
243,161
141,125
141,377
365,436
488,434
496,427
496,33
328,152
469,339
317,274
16,135
256,386
4,228
59,273
227,184
456,84
38,117
486,28
368,273
472,431
228,330
36,253
160,423
255,432
48,25
15,408
140,251
114,11
487,354
14,318
392,65
485,312
32,386
94,487
440,270
307,259
405,173
417,336
43,206
423,406
138,144
281,163
353,27
51,489
384,200
211,428
196,334
494,266
190,381
342,118
192,472
88,400
345,200
461,62
73,253
217,364
459,428
436,163
244,28
104,155
96,401
33,463
313,406
299,253
3,442
451,100
494,340
435,32
70,139
321,396
107,400
150,421
154,72
108,99
385,462
167,48
369,459
411,181
429,408
69,71
484,139
79,8
184,58
196,462
39,269
79,371
255,43
1,216
463,390
142,250
165,314
198,300
403,420
2,154
291,208
370,454
93,15
361,17
234,470
212,75
161,226
176,428
371,160
439,480
410,366
335,149
305,98
484,463
334,247
187,53
195,367
71,7
327,354
334,250
59,492
379,436
196,293
441,297
131,325
40,371
146,269
20,34
134,233
461,150
130,199
260,494
321,347
245,476
454,307
185,278
138,76
186,462
468,344
164,276
267,269
32,80
68,71
89,321
321,109
139,52
120,496
181,493
426,192
338,163
418,45
184,403
232,32
225,472
138,328
436,157
427,125
403,320
430,420
482,95
437,368
215,59
156,403
349,305
70,494
158,313
63,209
32,139
177,289
428,222
244,378
98,229
78,365
202,126
66,393
107,158
306,86
107,26
5,432
226,134
446,359
314,357
284,14
9,258
313,204
165,334
381,309
487,458
303,386
186,377
330,246
279,396
441,341
114,368
388,338
27,425
227,143
132,133
499,297
366,5
268,147
332,205
193,321
349,345
368,456
416,172
298,406
17,449
33,193
204,138
171,4
224,393
449,37
391,106
227,95
42,47
196,499
146,323
416,470
456,362
138,311
349,496
383,267
60,249
360,383
336,342
392,309
146,16
78,230
286,271
278,126
59,220
488,2
53,140
60,491
201,15
472,301
268,266
393,2
497,492
134,375
15,252
127,13
435,28
200,247
280,172
271,369
487,278
131,283
60,255
91,22
13,473
153,181
435,251
217,387
454,311
468,115
206,494
39,270
438,20
15,181
473,205
496,469
201,158
63,461
356,251
203,451
310,259
376,450
127,215
240,56
284,312
347,476
93,420
492,190
9,337
106,304
395,18
188,262
197,267
156,208
235,91
3,180
458,133
299,327
229,353
73,18
478,126
146,493
485,447
407,488
283,286
462,141
40,59
142,124
151,307
173,239
175,456
211,459
34,77
483,418
393,334
126,262
282,283
284,267
433,392
315,201
436,348
460,116
106,112
16,444
240,123
113,332
276,406
19,472
13,405
11,343
70,424
252,142
481,406
445,313
492,37
481,3
247,249
88,446
156,476
412,458
79,379
457,106
218,101
382,404
93,210
329,77
331,154
314,22
42,91
257,490
289,495
40,44
414,208
426,407
477,372
60,147
300,378
117,467
255,471
27,19
354,428
338,363
237,399
223,224
197,391
240,407
467,222
63,249
41,318
176,495
346,68
115,360
167,133
24,392
399,30
101,146
355,424
53,118
32,283
232,56
435,454
131,372
212,276
470,334
346,457
277,54
334,313
186,383
446,307
176,357
288,329
481,367
379,66
102,139
284,386
393,422
189,104
63,377
179,301
378,4
51,399
439,118
134,57
475,200
448,264
329,29
354,413
401,397
62,179
348,425
119,158
476,309
36,368
494,358
280,398
143,334
407,345
49,103
225,215
433,424
55,299
6,365
450,141
78,25
9,421
444,165
93,450
11,278
10,322
319,135
491,385
169,91
286,352
348,343
228,310
358,37
487,450
119,22
363,447
427,256
479,260
262,9
136,425
121,362
486,41
286,384
405,446
455,378
295,347
133,235
20,428
32,78
484,41
403,291
420,416
257,76
316,120
84,435
487,366
397,101
135,399
423,326
148,20
402,167
254,375
350,32
1,153
140,38
229,81
182,164
478,323
444,290
22,432
17,123
207,145
237,228
124,376
442,75
325,487
420,275
452,27
482,441
482,303
337,227
99,10
220,143
464,57
238,316
356,241
466,356
39,313
358,176
121,116
205,225
115,468
32,474
486,287
309,453
233,296
371,148
58,293
423,315
30,373
362,179
325,369
60,284
93,251
461,102
356,388
441,393
66,331
224,245
79,399
380,109
230,40
157,242
449,9
479,389
105,55
96,129
193,449
488,293
222,318
216,456
461,167
4,116
157,371
428,286
37,53
434,11
173,100
294,263
449,491
285,45
233,101
110,96
109,222
67,125
222,338
297,354
476,88
102,266
223,202
145,51
27,173
127,194
33,82
169,233
24,343
34,455
383,443
361,311
88,340
493,407
47,120
24,13
313,401
152,230
185,495
59,182
190,367
484,452
76,448
423,286
499,374
187,467
217,72
212,51
99,92
108,446
407,486
423,77
216,213
376,227
362,353
41,40
68,436
179,488
466,111
169,44
153,306
34,366
40,352
144,248
289,487
303,456
136,347
38,447
69,142
366,450
238,156
313,425
324,376
225,392
256,14
92,83
352,11
238,86
107,268
156,479
169,104
43,275
336,321
259,320
388,447
210,493
296,12
51,274
235,490
143,326
443,235
52,96
388,20
39,210
89,279
49,151
147,452
393,57
121,291
421,122
396,220
383,429
324,483
252,414
282,357
162,222
192,249
491,95
60,234
478,35
139,490
277,43
494,430
163,405
443,265
11,146
52,324
412,408
84,57
403,499
95,136
442,59
245,322
347,5
11,368
167,261
300,130
55,332
282,426
186,458
137,439
153,465
152,92
429,125
250,484
340,52
487,405
2,36
340,454
211,125
342,421
210,369
270,369
115,453
234,224
427,49
459,203
493,99
240,246
402,128
180,171
8,491
160,231
496,120
241,482
336,83
20,394
280,435
155,236
212,267
208,128
414,18
323,124
450,222
1,459
388,403
386,118
372,321
499,475
440,369
36,73
317,120
33,340
135,425
300,429
134,117
246,298
309,377
120,310
47,316
237,344
457,315
392,274
325,483
219,489
281,162
310,24
435,440
327,228
126,442
345,461
388,381
81,424
198,161
303,226
485,116
249,429
65,61
185,71
465,147
155,275
185,273
184,116
272,441
234,149
6,124
452,74
163,280
389,228
285,39
224,76
97,82
497,444
303,349
322,122
472,72
65,125
270,284
267,219
358,253
215,80
306,394
26,362
110,288
267,346
397,201
330,234
298,450
32,74
366,102
299,392
286,171
39,338
426,49
302,273
403,180
132,362
122,277
79,198
31,300
238,349
358,221
383,242
97,188
77,98
386,478
394,191
274,457
251,449
430,378
486,245
307,389
50,207
28,480
329,48
217,155
340,162
449,333
137,31
258,222
462,451
137,291
268,476
88,231
291,59
448,282
189,375
17,406
385,223
207,403
450,60
415,36
86,58
444,81
123,243
70,252
396,182
17,394
9,221
202,442
161,413
128,27
425,361
37,219
175,170
194,85
230,96
380,2
198,299
77,66
106,303
401,299
434,445
157,75
323,316
469,384
415,403
86,266
442,145
214,226
434,187
385,461
1,178
192,300
362,173
324,426
438,188
176,326
297,297
482,414
88,298
251,87
318,333
230,50
290,109
292,460
393,113
358,163
426,144
264,88
184,477
451,297
269,120
339,334
266,211
31,57
459,146
475,175
245,27
196,465
289,7
389,217
352,294
85,447
176,308
330,188
358,355
373,342
311,247
52,77
338,240
133,482
272,333
143,383
72,481
193,17
429,19
402,122
309,341
293,444
167,304
23,303
254,327
45,204
108,481
187,265
108,80
19,216
143,279
276,459
206,312
140,485
295,197
352,7
381,134
229,351
213,406
139,467
142,326
105,161
449,348
359,9
68,113
447,104
84,476
285,218
155,332
149,182
102,452
477,382
145,67
451,67
82,457
222,132
309,286
173,285
413,50
236,358
14,119
364,56
467,268
117,491
34,233
170,66
196,373
98,471
329,479
323,387
121,19
228,459
277,464
447,470
484,181
475,112
385,237
31,417
57,344
127,56
85,193
150,255
61,116
84,293
270,168
26,175
404,378
57,415
481,163
300,394
216,335
1,283
422,243
376,234
184,165
324,136
423,37
358,283
80,296
53,269
226,473
269,127
60,64
85,467
476,277
348,142
223,178
112,247
405,32
269,385
79,13
171,424
127,149
349,260
197,369
158,352
465,140
410,42
13,62
208,69
292,150
90,63
395,317
215,237
368,10
118,225
136,56
253,353
464,175
341,361
327,174
51,242
59,422
359,48
161,397
334,330
164,117
292,200
462,423
216,487
88,474
67,433
197,60
115,351
313,51
22,135
26,2
1,185
311,189
436,57
443,165
339,195
147,468
167,294
263,442
397,199
285,411
331,244
207,275
362,286
280,388
426,467
180,298
142,85
350,163
219,190
185,258
26,408
33,241
347,451
91,270
433,138
344,385
336,300
343,103
371,443
278,203
32,241
91,51
387,177
153,426
27,108
343,264
55,39
102,274
149,130
1,271
106,66
36,108
430,295
295,486
150,179
78,455
104,490
435,229
187,451
24,31
221,259
235,34
405,5
149,261
308,466
251,52
102,49
184,422
3,294
268,346
22,321
271,345
225,351
387,178
226,478
459,283
189,3
165,476
203,129
286,358
311,32
439,250
242,56
292,26
396,125
384,17
285,462
402,405
297,311
495,178
322,335
18,369
427,467
93,232
238,435
493,136
435,184
8,170
84,211
96,234
225,103
95,65
262,177
234,122
82,330
236,159
497,420
151,300
394,140
431,227
365,222
399,385
301,327
496,218
343,314
434,202
27,427
37,244
41,343
475,66
253,156
250,368
292,110
291,397
357,422
199,267
488,324
155,421
167,137
198,102
460,441
417,243
495,254
128,282
358,4
115,449
295,451
19,304
373,242
419,289
387,485
49,475
257,41
45,51
160,127
257,401
316,3
201,224
80,30
444,347
454,177
252,223
153,95
121,390
186,456
365,220
33,238
286,96
124,224
221,121
119,98
479,400
318,54
330,442
261,20
219,17
373,386
101,176
18,394
78,296
362,25
473,110
14,170
213,253
439,372
347,168
423,192
378,33
352,364
290,172
29,210
443,289
406,347
466,232
61,391
7,491
176,451
468,351
328,155
10,152
238,310
486,223
132,444
391,216
346,425
165,378
415,443
409,280
393,396
193,383
367,204
355,490
24,161
244,445
309,78
250,359
112,267
281,251
113,374
202,144
74,459
278,260
188,281
386,419
81,407
272,291
117,70
186,93
68,365
492,346
228,467
487,93
200,48
84,437
127,243
323,449
212,174
225,1
433,142
123,493
122,344
486,217
307,125
331,284
48,457
391,310
264,414
43,193
110,152
37,100
3,444
288,340
70,491
13,150
249,467
160,428
210,143
231,233
1,75
495,276
91,424
386,42
305,277
495,462
197,432
171,212
199,6
55,254
350,492
325,150
428,110
194,334
451,377
49,286
190,298
131,345
116,440
165,109
210,31
375,411
313,357
450,143
180,5
395,328
310,109
304,394
121,45
156,230
408,49
124,410
290,301
499,344
169,369
498,164
288,72
112,270
231,274
346,180
365,247
476,1
221,44
355,421
311,177
442,132
286,199
265,447
298,224
392,346
371,343
340,189
65,387
329,312
196,139
155,273
404,376
408,443
383,459
156,199
288,29
462,384
464,109
84,256
23,471
93,486
474,302
166,217
349,163
67,149
195,458
185,101
393,145
345,240
217,15
490,385
484,372
177,465
218,62
69,343
62,168
431,145
270,496
469,91
243,200
132,198
228,411
121,120
291,278
353,217
354,212
158,385
117,304
317,196
14,370
237,12
18,316
286,161
339,277
267,198
259,22
268,13
420,377
373,101
298,412
149,412
110,459
453,190
112,9
373,80
169,128
147,204
35,430
42,467
455,151
157,83
241,171
4,134
58,430
423,177
298,442
327,370
118,106
27,278
439,68
200,22
75,351
453,456
296,35
223,151
297,333
228,253
210,356
311,103
433,249
267,384
214,449
420,382
154,319
248,118
114,123
211,483
307,350
17,263
423,272
345,370
289,141
291,76
155,495
199,167
313,190
441,334
448,116
284,168
192,98
23,380
351,470
402,63
205,207
441,269
465,78
487,429
436,359
174,377
53,76
166,233
189,213
85,97
60,482
458,308
78,172
119,496
273,440
431,155
293,307
169,486
232,257
282,384
299,92
379,285
86,163
421,230
351,317
429,343
275,321
93,328
488,452
109,154
304,207
222,176
286,279
394,7
398,92
22,272
468,255
351,380
489,203
307,13
119,394
340,243
381,227
446,333
272,357
393,481
72,435
300,39
165,408
385,290
220,23
211,431
401,7
35,350
496,467
435,208
306,31
139,25
365,335
335,173
354,75
474,167
384,487
442,408
402,384
288,445
329,493
484,251
7,411
173,230
459,355
150,118
147,228
226,171
85,218
188,424
255,425
117,295
391,125
14,49
407,385
190,373
123,314
315,110
412,123
336,429
158,402
468,278
142,395
24,219
66,327
372,394
80,365
289,365
287,42
24,412
77,119
456,73
353,202
302,382
201,30
71,189
56,412
348,292
192,228
168,116
408,498
58,237
59,91
271,482
94,241
177,450
283,182
105,246
59,383
206,229
387,284
160,185
133,177
485,247
317,415
158,388
358,453
117,458
302,141
119,332
339,268
339,165
467,41
222,478
222,275
497,110
411,155
189,207
443,338
357,81
268,91
176,408
297,96
47,16
364,172
415,221
142,14
10,490
450,125
99,446
199,471
237,154
185,221
333,346
170,304
7,170
12,239
361,290
365,439
149,331
79,132
6,4
275,281
259,328
287,212
418,460
403,428
213,346
352,31
267,77
381,192
413,366
141,394
489,461
42,21
440,499
112,35
209,187
65,370
415,455
424,14
284,151
104,94
476,443
484,304
394,75
245,248
201,136
125,242
449,255
253,295
269,80
399,43
337,256
154,276
394,419
301,46
377,193
272,436
317,409
336,106
473,270
40,24
88,224
92,12
337,470
44,373
439,481
76,138
223,244
491,227
133,314
471,191
363,289
463,215
182,449
176,236
403,88
94,61
244,404
109,375
406,357
232,62
151,241
291,150
245,213
78,158
243,174
463,467
284,198
447,310
349,37
172,201
326,30
94,99
5,193
207,442
97,450
402,338
205,304
198,75
374,69
332,351
152,279
385,123
474,256
307,167
474,303
464,460
444,390
65,179
463,499
297,2
72,295
280,255
378,308
192,75
345,59
302,272
418,312
411,297
116,337
9,100
313,381
109,186
276,272
387,141
56,10
321,95
19,113
379,322
5,88
170,140
186,499
339,24
97,488
82,85
107,245
89,391
142,191
1,423
417,13
75,473
33,272
175,237
183,97
289,240
461,127
175,418
421,26
184,16
417,357
68,81
302,221
165,159
70,392
187,242
495,358
356,62
463,175
210,289
77,377
305,499
287,21
4,34
414,230
351,321
222,387
169,183
200,29
13,341
296,396
109,285
120,354
180,210
496,228
237,151
480,469
190,177
424,89
459,488
366,246
98,60
260,33
44,101
131,482
146,21
169,125
77,213
19,431
123,451
120,73
59,491
141,397
276,220
198,357
371,69
101,127
103,376
334,159
305,307
79,9
220,462
136,215
40,477
36,488
499,292
142,275
127,387
57,66
76,310
67,405
206,372
96,95
496,271
406,205
297,154
98,177
362,432
374,211
387,329
366,55
114,192
249,253
183,494
243,365
267,27
328,472
304,476
214,394
342,132
73,333
293,21
234,387
277,170
491,314
189,475
264,237
324,394
72,263
399,479
338,13
311,97
81,214
480,458
395,132
77,105
50,279
70,4
106,228
331,381
303,489
24,431
93,145
58,77
195,67
492,219
194,124
428,46
366,376
34,244
63,451
164,438
446,499
50,165
446,86
49,58
214,160
38,205
237,196
234,161
352,222
352,187
285,190
260,116
6,386
71,89
392,75
430,192
93,250
250,253
486,155
8,85
185,242
370,469
123,367
482,320
392,55
55,352
241,195
101,120
93,278
447,367
155,40
279,146
372,241
50,114
73,355
256,269
350,374
74,401
399,341
63,312
71,211
177,31
124,160
85,59
334,195
145,176
32,121
72,251
356,49
436,339
480,176
404,158
477,36
274,116
10,492
195,94
8,108
345,70
198,295
24,348
426,460
493,203
427,211
423,16
440,292
301,463
200,374
354,190
322,35
497,87
243,461
182,216
368,129
493,283
26,200
408,412
356,216
427,147
278,128
231,57
274,280
178,467
290,30
99,219
424,29
306,255
325,186
109,127
18,19
55,485
425,304
74,360
409,74
175,52
275,329
401,452
231,399
17,436
302,423
174,340
334,119
175,286
418,411
470,456
146,5
56,92
337,265
186,300
178,336
276,293
498,425
26,128
139,89
387,476
385,74
118,447
486,411
194,331
2,468
49,494
409,143
147,166
446,412
114,456
349,43
294,186
405,443
277,360
295,47
159,466
249,378
462,165
76,242
99,226
423,234
462,467
476,325
488,300
401,297
266,359
37,213
32,263
329,105
281,247
126,318
251,436
456,38
363,361
361,360
199,288
89,17
310,110
331,310
268,342
124,446
285,85
301,349
251,421
37,299
467,254
201,472
275,61
46,265
118,345
313,343
277,366
217,42
131,50
419,131
458,110
188,117
160,417
236,123
173,302
238,88
97,43
443,89
359,449
199,176
75,208
93,282
174,336
230,182
404,422
381,401
153,212
72,124
157,174
48,189
175,185
483,146
167,41
325,297
10,195
103,411
125,288
428,209
370,61
141,454
12,322
214,170
391,202
348,368
115,341
76,290
164,116
307,142
146,215
217,91
175,250
346,150
409,246
225,129
373,263
394,166
451,359
175,152
348,482
416,365
188,433
223,341
462,167
71,333
184,333
38,9
179,26
423,85
391,20
338,475
417,80
210,319
172,311
335,291
358,41
323,89
216,477
443,435
326,66
251,96
49,241
96,347
256,350
308,325
280,206
238,255
82,466
396,384
475,311
284,78
455,419
96,390
423,318
343,476
58,186
307,88
293,347
316,482
87,388
214,156
437,341
421,294
346,188
190,296
448,388
286,485
475,265
154,2
17,11
189,329
187,414
190,268
246,430
220,60
285,78
346,351
194,109
409,154
196,297
52,89
474,462
111,460
452,353
107,72
142,149
172,404
242,234
384,127
41,186
78,39
495,48
278,185
444,1
239,93
152,417
354,336
193,340
275,79
353,283
457,161
276,360
72,185
17,185
114,496
432,99
64,438
20,195
356,90
375,297
139,266
387,84
30,67
445,168
130,45
3,267
257,125
382,145
276,330
64,477
302,114
199,258
230,41
484,192
243,404
281,161
429,185
254,441
184,310
156,147
84,258
358,405
298,331
132,333
223,404
92,69
428,52
230,87
497,450
78,61
99,41
320,267
356,398
145,336
137,251
252,133
228,60
182,76
282,368
364,396
407,15
306,384
412,154
327,305
293,187
167,130
78,171
434,20
352,499
302,393
272,356
405,364
431,406
80,467
378,406
208,183
489,190
191,389
200,100
347,1
161,314
72,489
485,62
424,53
381,146
143,46
35,98
374,394
303,394
266,18
59,471
317,346
344,354
213,387
173,157
399,221
402,446
143,320
376,239
215,304
447,275
60,408
139,129
176,133
139,66
55,55
198,420
221,108
219,346
302,19
127,175
151,41
315,466
201,355
357,394
368,297
403,250
378,140
8,22
431,229
46,286
258,210
210,139
88,27
69,287
370,8
146,157
419,285
247,105
472,174
377,276
46,433
220,369
491,291
188,34
213,371
316,308
401,497
122,410
203,283
390,478
130,127
278,371
249,61
54,219
127,496
454,247
70,283
230,266
80,337
61,58
243,85
58,96
317,177
472,288
239,45
112,169
162,78
379,289
269,425
386,338
327,232
98,210
106,424
232,306
438,413
22,251
174,496
446,254
323,480
194,86
321,283
61,334
19,144
138,290
442,390
447,98
352,434
37,270
8,224
399,55
264,240
124,185
192,232
13,375
350,345
122,461
60,364
3,36
448,72
101,374
407,211
69,311
440,140
20,7
322,452
106,62
39,255
240,184
298,264
343,436
402,42
488,295
354,82
276,103
350,21
380,7
72,258
327,194
197,281
56,208
97,487
191,358
220,338
33,125
104,339
236,415
36,185
368,355
154,250
417,40
109,125
242,113
37,181
433,241
498,319
27,114
226,20
462,133
8,269
168,372
157,476
63,216
147,302
39,118
476,154
441,454
192,345
49,68
169,431
489,256
328,78
37,300
423,210
262,347
403,337
85,199
183,418
407,172
366,149
237,275
411,436
231,326
203,281
34,476
204,76
483,193
428,229
390,490
109,214
119,427
348,135
351,313
465,224
416,166
8,152
196,138
66,284
132,199
24,51
269,234
90,442
296,165
182,387
294,361
319,168
194,125
428,386
157,378
108,132
495,341
23,183
340,35
193,305
475,366
179,316
350,295
318,56
107,199
17,377
207,429
27,284
206,198
82,3
195,421
10,472
69,446
174,417
215,450
217,123
436,472
147,180
217,492
138,150
353,140
409,490
60,365
332,57
131,348
283,489
41,421
36,167
357,45
221,408
420,231
10,105
479,157
434,142
118,451
425,37
207,91
29,308
340,386
263,431
54,63
484,90
76,222
287,38
250,301
326,399
247,25
134,7
54,340
385,416
403,352
9,459
42,87
294,14
93,367
341,131
409,23
303,218
329,38
458,227
430,248
395,321
378,488
383,39
146,229
153,94
139,108
159,351
390,462
451,99
364,181
141,23
165,17
39,200
351,26
425,330
181,286
425,200
6,162
341,485
281,341
476,140
136,79
483,247
236,308
400,365
57,173
203,419
144,332
73,71
431,125
11,271
57,169
306,135
269,93
309,477
313,310
458,12
303,305
172,88
341,393
472,406
265,59
340,56
192,348
256,176
471,141
82,4
330,366
278,486
344,329
361,482
472,228
309,159
450,7
495,171
117,471
261,100
68,418
153,138
171,415
15,277
415,21
450,432
424,150
382,185
344,2
195,243
99,450
102,339
433,221
137,198
322,410
290,348
136,350
478,303
120,58
448,460
236,277
141,204
385,46
329,220
481,153
448,137
352,390
409,185
291,109
494,11
171,428
293,44
327,399
342,391
108,50
383,440
59,195
466,320
34,356
11,116
21,216
138,327
107,440
134,451
100,383
164,43
213,200
59,76
380,42
280,93
486,428
383,353
344,178
283,465
317,113
68,99
371,147
182,241
195,204
244,344
105,241
302,23
20,39
100,455
24,241
242,271
348,308
59,411
9,231
103,223
382,54
151,264
446,323
273,449
493,433
437,308
51,96
224,132
120,339
291,107
350,266
29,489
372,207
299,74
166,323
10,236
307,327
175,300
264,80
3,218
85,482
245,334
261,490
25,300
91,52
370,230
464,288
354,178
100,129
252,202
58,390
153,51
396,114
34,27
141,53
450,352
389,284
168,403
413,60
246,369
88,32
100,65
381,138
332,226
423,446
65,323
466,332
475,78
24,362
241,119
63,472
161,448
390,253
96,150
246,154
115,425
86,300
385,68
162,194
77,156
231,467
198,319
57,182
235,109
9,148
450,205
196,26
473,181
318,161
453,40
232,462
444,195
306,437
28,146
128,236
220,110
384,198
456,292
492,256
350,202
494,60
291,310
60,267
396,387
261,354
426,326
230,496
294,8
94,28
168,342
482,436
233,211
239,94
285,154
481,427
410,391
199,100
97,447
359,89
63,297
39,240
312,253
111,465
12,382
491,107
370,17
104,12
476,238
11,10
201,375
292,345
499,423
154,233
34,332
470,228
339,454
95,356
293,418
222,315
160,72
200,275
1,339
399,178
433,280
495,22
161,455
278,95
131,98
31,490
41,211
399,207
379,1
433,277
495,181
431,164
136,84
305,124
416,109
418,368
117,242
38,366
243,494
391,150
375,227
48,421
16,170
198,286
417,171
311,399
310,493
14,147
238,152
473,235
334,447
201,160
393,279
456,490
176,118
28,337
155,356
163,487
124,491
343,332
53,291
478,270
314,109
195,170
64,150
15,62
30,188
355,458
335,377
10,263
358,106
474,407
342,2
428,460
96,205
229,262
74,12
380,57
259,349
123,232
201,93
218,212
222,379
348,159
492,42
474,459
330,98
298,64
267,283
343,373
42,175
292,380
229,84
90,471
474,231
186,296
49,11
244,438
331,70
182,310
321,186
145,308
46,237
459,178
154,33
452,52
430,247
292,298
150,128
253,103
188,243
393,14
232,105
468,317
148,401
32,466
137,224
178,284
171,46
106,90
456,464
354,159
51,198
261,44
417,45
353,316
388,189
442,428
358,33
359,485
72,22
353,255
354,110
381,297
295,471
41,153
338,353
418,141
126,496
321,374
329,6
232,208
251,125
86,341
77,369
474,400
119,237
206,122
45,479
285,490
191,489
58,250
148,225
28,415
181,90
484,25
356,247
396,278
240,330
14,59
327,120
315,434
296,308
424,481
399,431
12,148
493,343
91,175
357,135
45,59
409,310
469,284
451,164
337,89
350,207
339,80
167,318
282,419
196,18
55,77
51,449
362,418
317,314
423,8
279,377
111,410
393,338
262,67
369,380
300,60
200,290
328,12
72,201
205,219
420,265
336,446
17,283
396,431
234,230
454,497
39,246
468,180
347,233
358,474
266,100
460,337
256,48
463,309
439,348
314,412
18,477
352,53
352,304
216,86
479,20
311,200
24,162
245,355
488,24
311,315
8,29
166,151
173,219
354,92
375,344
478,175
420,453
364,162
344,95
74,274
220,270
286,114
249,466
219,309
246,143
10,432
78,326
386,18
233,355
340,79
481,329
110,41
273,428
314,348
47,208
238,326
375,92
171,11
2,47
384,479
22,177
48,94
83,415
218,271
402,424
403,381
123,381
284,63
403,112
442,245
239,475
62,480
363,485
430,498
156,196
135,440
354,374
229,279
381,428
232,214
263,116
44,58
408,476
322,9
147,374
434,140
478,194
467,258
68,318
135,132
10,310
344,204
105,348
39,32
83,277
228,169
459,193
170,328
471,408
282,404
302,224
497,224
460,123
319,219
220,444
372,150
260,387
409,116
194,225
221,484
82,213
454,464
314,124
110,358
307,309
474,406
367,178
74,421
382,493
292,85
210,120
406,229
309,144
206,477
390,141
193,166
460,202
247,454
131,416
475,499
203,131
483,256
60,379
393,241
82,461
429,175
279,135
63,105
469,59
330,207
390,14
85,359
27,331
289,47
436,177
492,71
467,368
169,212
389,24
8,434
41,467
32,288
49,49
474,107
53,373
468,60
269,8
387,192
119,483
255,393
75,230
459,426
394,289
81,249
332,232
230,384
170,158
334,231
400,302
238,484
22,225
139,402
175,378
315,422
144,396
497,86
391,428
119,371
317,412
79,73
48,327
83,197
206,417
390,468
190,256
367,107
82,315
29,4
486,369
25,127
202,332
310,92
424,74
438,158
255,337
53,250
217,231
364,225
296,146
217,124
69,59
255,118
423,445
262,320
405,341
368,257
143,130
313,234
20,94
237,243
379,140
195,407
117,152
361,186
105,91
276,149
145,85
462,319
278,364
264,38
171,393
314,61
299,360
498,406
4,12
58,208
491,312
410,365
237,164
61,313
477,34
215,110
231,260
194,490
279,413
135,138
310,440
262,391
222,446
172,279
34,496
443,386
64,19
371,392
469,141
87,77
298,76
214,153
205,62
428,301
313,388
99,118
228,481
62,449
224,265
402,17
229,38
133,108
45,201
10,202
490,176
491,54
110,264
54,307
483,104
87,156
228,19
363,437
431,421
58,379
148,343
163,287
172,390
331,214
369,266
45,361
240,85
230,437
207,54
468,124
271,250
315,171
332,279
345,372
28,155
97,347
162,465
316,467
268,114
233,227
12,10
299,425
222,305
401,421
209,449
311,46
354,79
393,479
266,255
77,148
167,12
139,201
222,312
70,247
408,72
396,436
132,403
299,326
188,143
261,104
132,291
47,393
360,345
299,154
63,389
279,276
226,497
358,20
228,299
458,247
427,334
213,273
6,298
157,128
491,67
79,421
401,115
8,111
468,379
303,241
33,24
232,489
494,312
47,29
438,80
101,212
398,30
93,124
316,74
218,456
188,48
248,185
104,303
375,352
39,259
45,173
235,162
419,154
364,317
125,221
375,273
374,158
22,120
366,289
464,484
100,303
177,189
443,468
46,39
363,281
305,9
290,304
472,236
278,33
313,8
421,310
345,318
60,282
424,332
150,385
333,392
110,23
490,225
392,158
325,121
384,218
412,390
79,459
103,405
456,433
63,140
105,495
157,37
128,299
82,218
351,48
425,231
465,385
379,101
453,111
203,2
7,158
309,392
318,267
461,335
154,482
279,10
366,430
233,478
231,161
111,439
164,115
349,237
200,69
476,229
456,310
230,75
269,107
83,244
350,461
224,309
72,235
415,44
209,123
134,453
216,199
384,367
256,268
193,87
342,279
271,217
327,406
20,254
359,462
115,496
437,497
22,232
476,423
407,343
142,270
174,262
73,303
288,398
184,375
336,41
314,51
158,476
184,393
75,16
228,137
347,221
264,298
95,160
129,354
192,218
90,119
71,409
38,19
290,175
452,179
434,47
446,216
87,4
484,271
86,362
286,204
215,419
38,272
163,30
406,447
487,353
406,360
61,27
270,355
35,405
495,340
173,370
143,480
19,455
123,403
78,433
294,202
13,208
195,379
355,151
180,334
463,452
480,92
77,389
112,122
377,298
325,75
97,495
89,263
3,489
330,230
104,79
89,323
244,4
323,132
24,250
385,59
309,464
39,428
369,379
332,459
26,381
375,229
386,158
17,77
282,128
200,118
270,316
415,372
46,89
171,102
2,441
232,159
188,291
172,384
261,379
157,28
287,93
85,281
201,73
59,392
54,405
277,80
472,284
29,12
172,117
488,30
205,286
371,122
311,185
211,331
395,263
486,308
113,266
344,328
294,441
432,323
74,216
23,51
302,205
444,167
190,205
337,341
10,394
407,248
89,83
19,132
459,104
304,351
100,221
472,297
190,107
205,172
84,61
299,43
482,163
466,392
285,9
455,483
440,358
468,129
399,492
92,344
102,359
5,453
495,452
454,67
17,222
368,373
237,252
343,2
133,459
424,179
91,252
424,415
168,218
67,239
134,173
203,106
240,254
413,199
188,218
387,352
236,16
378,141
215,208
474,173
99,91
122,146
151,167
436,376
37,70
162,410
335,357
81,350
326,120
119,89
244,336
167,62
30,248
129,416
63,379
278,122
492,476
1,63
48,309
1,170
451,216
29,474
12,165
26,6
453,29
321,190
59,479
90,125
240,218
149,424
317,267
66,174
27,346
281,342
327,384
354,61
449,418
469,361
250,100
494,190
445,241
297,482
146,93
452,247
438,30
313,318
478,44
108,135
314,93
299,381
280,248
20,299
149,151
168,82
127,402
487,295
268,390
171,81
486,404
58,346
39,463
249,105
91,471
422,226
5,364
271,169
210,405
72,32
135,302
298,31
86,26
451,117
468,347
455,369
409,100
216,308
222,84
483,199
318,36
259,119
295,258
66,456
454,107
163,62
344,57
322,493
209,344
99,422
180,95
52,254
493,345
322,369
270,4
371,125
428,115
240,114
264,272
490,141
493,265
120,20
417,405
169,156
333,297
266,445
170,79
491,286
474,346
216,26
26,124
264,360
467,430
224,117
467,390
79,142
313,371
461,162
446,454
292,453
20,176
264,145
315,407
128,161
259,52
479,145
471,389
457,185
310,53
156,94
389,477
66,215
397,17
70,410
498,2
135,25
444,100
171,200
70,53
209,333
38,409
293,41
138,15
457,43
2,153
40,333
332,297
168,18
400,282
471,283
445,145
440,25
334,37
394,397
400,322
174,229
208,442
438,388
322,346
78,49
107,496
179,203
271,298
356,401
146,477
421,392
381,276
222,256
207,75
374,374
374,437
151,335
164,323
429,383
244,133
477,390
264,312
426,63
151,54
150,228
480,125
378,300
296,200
424,139
349,381
443,234
52,118
110,232
80,405
275,207
13,284
419,4
62,144
487,212
267,329
468,390
329,163
70,183
418,154
247,279
88,169
496,312
80,440
220,450
467,243
474,238
67,486
421,472
456,236
213,310
3,149
20,416
441,137
431,297
96,94
301,426
16,399
159,32
69,249
431,107
15,118
469,32
478,253
210,275
83,238
325,263
291,443
5,145
71,387
30,243
333,329
113,385
199,84
347,56
203,356
337,317
72,428
463,445
64,173
373,36
326,444
129,264
479,486
253,255
299,258
444,65
430,491
291,469
481,161
388,229
124,111
272,193
411,59
195,115
360,392
323,94
290,88
319,147
87,326
302,108
234,405
453,477
165,203
322,254
392,263
25,305
403,479
354,485
394,38
114,86
56,452
308,185
88,94
298,135
494,246
229,243
119,63
374,461
370,470
422,5
225,406
155,372
55,418
196,10
483,471
24,420
242,226
417,124
428,122
456,336
307,103
360,197
350,119
228,296
379,31
306,416
181,210
431,5
248,307
345,83
222,444
279,315
425,27
289,471
70,122
315,35
347,141
308,58
260,330
374,269
412,33
3,473
80,86
36,71
123,11
155,475
66,154
217,287
174,295
244,440
251,387
277,256
314,405
325,190
310,264
155,456
88,243
279,357
416,419
245,183
237,186
245,332
157,13
286,325
358,226
414,84
111,250
207,186
207,456
122,475
219,178
211,252
197,410
317,431
366,426
249,431
148,49
459,453
494,459
325,282
281,405
340,348
103,375
262,269
488,235
99,212
431,440
155,415
300,168
438,96
345,323
153,58
249,289
142,173
497,484
247,231
179,430
327,482
437,473
364,58
243,26
295,289
406,255
174,52
184,170
42,58
316,492
261,432
42,417
156,409
315,402
391,213
428,71
158,497
351,147
43,6
271,1
282,8
418,160
299,45
309,142
356,128
422,79
343,427
96,152
499,193
332,224
450,488
87,297
139,83
258,494
208,118
431,176
346,376
400,318
411,236
301,265
31,437
195,308
265,124
39,261
334,9
126,159
393,101
417,39
7,441
96,52
177,162
355,140
138,220
348,262
172,432
40,483
485,180
13,6
386,303
73,424
286,307
212,212
349,336
489,268
302,398
140,92
351,424
277,401
296,66
82,452
339,203
443,76
249,16
421,453
380,456
76,408
370,243
156,350
53,396
352,213
477,186
398,309
208,447
218,309
406,474
257,396
100,360
286,166
89,46
452,380
59,135
226,393
380,56
326,364
342,425
54,350
23,309
66,352
479,137
464,372
199,483
397,325
325,422
457,474
54,402
133,240
482,123
394,273
343,76
356,33
204,210
464,321
358,119
306,315
387,49
256,346
395,293
396,245
351,294
393,9
477,204
413,210
408,146
303,252
59,284
251,498
321,408
343,419
402,192
19,301
28,223
135,463
260,486
221,284
343,43
67,298
484,64
82,464
348,449
5,99
285,329
64,85
30,53
14,87
412,54
303,158
72,271
99,419
401,339
454,66
184,483
451,123
340,427
231,284
438,437
160,358
273,481
115,382
41,261
287,379
12,173
233,47
133,383
388,30
179,280
458,170
199,2
279,60
395,351
239,319
36,486
30,239
408,405
263,456
216,248
187,408
330,384
495,107
51,106
319,77
471,170
273,258
343,204
404,385
6,43
250,470
221,209
102,302
473,327
162,117
130,33
4,3
186,312
147,285
279,291
36,180
349,212
23,345
491,100
295,445
376,382
243,211
342,133
403,390
69,346
111,290
422,270
196,54
238,375
432,49
421,271
261,366
117,76
208,413
34,11
223,148
21,378
241,149
5,24
132,239
15,143
390,85
153,258
381,96
234,12
203,273
120,136
58,13
318,100
271,184
31,256
236,453
498,302
131,487
341,409
270,307
156,6
144,364
190,259
394,498
217,469
111,168
325,57
294,295
77,390
206,365
372,39
303,269
171,486
48,264
485,485
303,2
329,145
234,317
97,154
420,83
350,264
124,105
124,178
356,366
491,373
398,319
279,324
243,44
97,468
141,119
103,209
460,244
426,176
352,313
402,40
92,329
199,274
191,23
14,465
252,295
10,181
394,64
446,497
452,98
175,465
423,309
466,179
386,243
491,295
63,347
251,94
117,457
82,113
443,38
264,4
482,231
154,277
335,458
293,309
57,475
453,482
422,449
436,42
314,111
334,16
254,1
449,455
246,356
178,260
459,264
422,91
357,333
235,324
101,303
227,296
101,288
238,200
299,293
297,17
317,37
468,61
441,261
45,291
423,187
133,117
367,415
166,169
389,17
100,2
61,488
323,353
172,423
351,456
422,358
21,289
384,36
315,88
391,137
19,147
422,248
85,226
402,262
424,147
265,297
448,109
28,355
374,465
135,433
231,280
456,43
345,179
206,140
110,27
159,61
452,62
465,132
372,414
359,82
355,471
287,347
35,68
177,433
495,385
351,129
62,196
168,194
121,403
88,289
385,75
443,46
118,120
350,383
190,439
439,394
458,425
410,384
465,106
121,179
499,7
359,471
237,171
311,178
321,131
105,189
468,105
364,127
61,325
185,288
434,141
4,415
293,364
240,326
391,252
390,189
106,355
314,382
290,187
293,167
374,8
494,125
358,131
492,369
196,156
228,225
148,261
203,315
195,185
110,374
118,435
432,217
478,461
494,242
288,66
352,19
297,358
86,366
39,86
412,58
356,463
276,168
368,236
359,323
433,391
223,208
361,431
434,217
492,349
64,126
346,124
177,77
26,413
91,214
230,450
225,282
320,240
293,404
369,40
206,86
367,492
268,122
434,98
86,194
336,471
271,197
253,334
324,478
374,418
47,389
327,369
119,225
132,411
392,282
464,97
434,122
336,488
298,452
255,465
482,399
14,276
389,82
99,297
22,391
397,289
15,213
57,433
118,253
32,81
168,384
425,13
356,16
26,8
380,227
12,390
167,259
217,338
380,190
208,239
248,300
27,134
332,262
284,471
61,97
272,17
466,290
214,152
206,272
229,221
493,224
317,32
348,205
133,346
79,183
245,357
480,24
112,26
4,492
297,128
137,99
80,106
325,54
413,324
122,97
428,381
273,32
64,134
451,274
86,414
493,250
60,226
195,300
70,43
100,4
74,293
269,438
131,250
257,236
16,402
238,116
36,34
169,324
237,224
161,68
95,266
293,496
252,466
95,123
359,64
379,23
216,35
250,393
55,207
423,178
160,497
316,498
128,454
16,493
64,147
230,135
81,158
425,276
182,298
329,372
459,15
106,439
153,148
327,44
491,117
205,127
498,268
320,80
461,382
98,352
336,374
154,37
84,192
45,462
295,91
206,81
137,329
29,178
243,342
147,215
237,34
222,154
147,250
301,288
26,61
497,240
392,436
242,327
323,410
480,264
100,8
338,42
324,207
148,356
261,442
308,416
85,382
360,80
100,330
404,321
350,493
173,334
466,393
279,203
272,340
350,173
142,163
485,424
396,472
71,114
343,376
467,246
230,442
464,1
185,95
298,149
462,352
291,45
328,7
240,291
302,445
295,184
498,322
263,41
168,188
498,357
294,438
241,250
234,159
278,22
172,466
414,39
407,413
76,127
395,38
35,110
30,406
25,134
234,396
176,417
210,243
327,360
25,332
217,165
392,66
398,17
327,412
11,478
303,324
50,328
298,65
370,284
242,340
362,372
482,464
457,110
492,310
107,97
148,421
76,299
366,130
116,389
141,96
331,395
104,8
439,341
127,378
143,110
189,282
330,261
477,85
485,465
238,462
455,275
118,212
467,387
64,108
382,276
33,465
146,350
27,310
90,96
141,233
398,71
253,194
459,151
129,284
296,10
376,98
182,97
298,284
23,261
56,113
184,437
144,35
331,306
220,208
473,112
226,413
165,485
57,189
63,321
96,345
97,396
36,9
234,29
117,199
55,408
96,404
305,216
386,493
358,343
267,351
14,304
18,24
226,26
256,96
240,303
238,3
441,190
256,423
166,468
376,120
381,209
413,61
180,469
29,360
467,320
306,25
344,479
232,175
242,277
295,245
235,51
356,36
435,209
64,490
14,301
69,300
499,41
463,115
207,299
17,374
269,366
209,287
221,210
88,183
232,282
131,2
244,277
248,146
221,213
307,205
295,80
416,469
21,129
54,173
232,141
419,156
227,331
158,341
155,196
493,355
14,414
282,311
406,117
264,110
179,465
83,71
243,112
319,121
178,185
53,74
319,288
313,14
132,48
329,234
321,123
27,206
30,133
456,393
94,41
217,136
165,149
138,11
236,201
464,166
357,250
353,142
172,366
98,129
125,9
280,163
159,131
62,396
381,405
15,106
82,409
465,33
242,225
208,98
356,214
266,307
342,147
37,461
291,118
72,269
273,284
62,50
64,281
389,142
67,152
163,361
258,312
174,121
104,416
49,372
444,288
428,191
313,238
115,242
433,214
239,386
253,403
25,116
20,197
231,291
384,467
380,395
167,397
332,219
497,190
5,269
176,50
168,312
463,56
209,350
467,250
187,478
229,131
287,114
298,400
98,219
308,434
497,285
488,190
464,358
45,138
455,253
230,73
239,36
45,424
245,45
403,62
425,363
130,362
478,147
347,310
326,369
16,147
434,400
434,279
296,428
270,262
68,106
112,411
246,383
207,1
259,251
350,98
245,64
118,251
426,104
46,52
115,98
439,166
343,30
457,360
275,136
288,284
327,334
179,232
297,253
389,129
217,207
11,301
485,261
56,80
4,124
467,313
403,42
30,82
444,442
235,250
10,131
433,384
165,189
463,388
466,2
455,22
399,291
333,275
326,277
140,151
229,95
198,455
208,87
393,209
377,445
5,445
193,348
395,45
175,196
261,414
428,398
375,130
323,120
84,461
334,117
28,330
160,192
420,3
150,473
166,197
161,181
356,5
443,141
151,349
171,369
436,467
456,280
246,226
311,198
101,371
13,41
184,43
261,212
197,298
324,491
411,288
250,255
350,344
99,44
220,339
399,103
225,438
101,333
209,236
340,461
171,499
157,223
171,130
436,67
268,123
348,397
104,59
312,259
64,220
190,215
299,272
64,387
2,304
326,161
148,3
272,130
147,312
321,378
442,153
50,13
102,288
160,146
217,310
147,411
254,30
407,102
54,111
109,484
484,224
121,424
347,271
275,404
110,267
188,356
146,312
408,203
414,183
279,420
156,204
315,290
478,261
174,424
488,270
316,346
66,377
295,66
494,318
332,142
317,9
308,202
356,198
166,422
330,86
139,311
224,355
50,222
75,394
208,301
321,66
427,378
341,67
393,301
141,466
254,212
328,269
483,427
69,406
316,333
195,271
314,46
48,407
187,209
336,28
73,127
263,406
56,15
42,221
498,224
209,215
335,280
394,325
82,263
108,222
131,262
376,411
104,248
444,70
225,310
282,332
186,373
175,396
290,166
25,210
387,42
130,369
266,346
80,172
425,412
121,436
372,333
335,471
54,305
413,71
12,201
13,384
318,461
323,160
374,170
51,388
38,94
497,168
226,199
482,447
224,441
453,49
78,239
358,470
314,301
195,296
176,327
425,417
345,40
259,168
28,2
161,367
361,391
342,484
452,337
426,277
313,153
90,436
481,349
104,476
382,292
81,94
88,390
404,242
175,62
236,276
54,309
101,364
81,185
434,482
408,328
127,394
435,474
481,336
214,235
272,280
17,415
233,272
171,244
467,356
228,432
271,204
144,197
66,250
360,294
213,112
117,365
54,233
106,190
439,497
30,66
482,475
489,95
182,140
181,461
417,151
494,381
405,235
339,324
332,479
336,294
175,488
272,97
267,381
390,160
92,134
463,387
460,306
492,457
113,216
95,350
44,435
71,260
242,424
64,67
94,336
463,133
106,471
407,213
259,300
244,262
369,65
146,115
205,396
128,185
270,489
264,334
392,326
486,451
235,72
362,220
243,381
165,187
216,393
226,403
200,109
177,233
230,269
344,498
384,398
54,124
228,280
289,376
418,29
456,196
428,192
83,261
475,12
469,415
263,346
259,377
210,150
260,480
191,446
399,496
415,321
36,404
321,406
304,332
240,201
18,275
453,290
156,93
352,137
493,327
98,408
363,386
217,21
20,339
82,278
200,439
172,109
84,171
73,227
106,169
21,12
89,207
209,38
103,185
59,468
452,58
157,145
274,281
316,123
420,181
297,423
232,165
23,489
198,284
475,343
375,493
252,376
380,404
294,178
170,151
201,469
49,124
92,103
284,402
25,434
57,3
496,317
493,419
67,246
257,77
380,138
152,54
423,329
460,262
37,442
184,348
272,74
233,108
112,496
362,43
380,48
333,44
101,108
230,103
300,406
403,350
182,48
85,158
448,56
303,231
416,431
94,18
457,367
370,4
10,218
284,77
447,96
72,482
331,301
271,434
481,197
43,138
124,189
272,21
73,347
102,459
289,203
409,419
41,423
407,114
461,403
297,204
425,61
90,438
341,211
303,58
232,493
467,325
135,416
127,132
240,108
445,367
252,95
102,392
213,308
169,447
227,464
269,262
380,473
131,40
485,309
146,95
480,341
276,189
91,258
238,118
63,116
96,37
437,66
373,440
469,440
115,112
304,77
319,61
284,390
77,82
123,181
78,306
21,68
194,393
480,116
341,136
440,493
297,214
88,208
437,349
267,434
283,374
287,406
337,328
27,243
429,41
215,114
287,11
298,60
197,382
98,93
91,446
318,117
222,274
105,155
458,242
77,253
497,473
305,1
69,193
328,401
300,289
452,160
382,279
200,373
371,458
338,191
481,267
268,477
453,329
384,420
130,238
19,230
204,195
112,77
245,378
469,456
432,62
275,456
374,388
224,429
368,80
99,216
357,249
324,69
93,10
14,314
203,373
3,451
429,273
330,426
18,362
66,402
303,208
152,32
391,444
126,115
472,175
429,431
58,289
196,444
220,493
419,94
285,410
479,426
367,305
243,362
233,115
268,70
349,74
353,156
200,193
326,454
125,79
203,149
86,415
201,424
335,113
97,346
274,468
10,101
337,302
20,85
412,38
363,52
424,381
132,135
457,322
188,79
271,268
170,379
442,388
283,177
70,167
207,351
20,190
24,218
18,214
377,465
431,329
301,99
14,344
218,155
231,253
277,59
61,425
91,71
333,402
329,184
283,375
102,315
400,140
131,137
344,352
95,390
69,256
228,234
207,421
126,235
135,52
66,57
433,90
300,212
79,185
3,63
185,298
158,202
231,418
236,41
481,119
473,458
328,291
499,251
159,160
258,364
160,154
23,88
164,237
358,274
461,436
439,422
352,149
271,403
5,209
46,229
322,103
365,300
94,383
369,448
33,51
62,88
165,233
423,87
99,301
9,405
255,7
74,317
289,115
73,187
414,35
27,21
299,222
158,33
319,100
258,230
464,112
365,327
363,309
18,65
239,192
122,423
287,331
417,397
299,115
380,166
235,11
261,9
229,454
369,69
221,58
17,4
213,499
499,12
232,334
358,439
285,266
256,244
243,15
346,257
149,443
154,129
421,446
81,72
322,251
48,61
497,323
110,14
313,10
405,209
376,240
360,248
50,292
16,472
229,397
88,315
362,229
132,202
172,278
110,351
406,211
372,128
160,216
140,320
410,207
244,269
58,347
320,281
191,153
155,492
160,18
123,299
226,297
282,212
358,38
103,42
384,4
78,226
260,145
410,273
338,499
467,377
93,190
257,86
451,375
310,311
58,35
282,430
321,363
57,155
28,227
125,450
370,269
458,129
332,171
294,255
321,226
109,301
172,130
380,4
420,56
250,345
462,244
469,125
108,376
392,343
469,481
37,148
351,445
14,492
210,373
370,118
7,315
442,33
164,259
219,204
373,490
69,21
423,113
297,494
92,427
429,217
317,271
428,75
472,245
38,173
142,65
66,192
134,489
458,402
239,266
489,250
47,13
190,105
443,228
332,449
116,298
89,104
25,480
179,364
308,6
221,440
261,97
186,184
470,359
82,97
295,165
35,160
87,461
324,407
469,130
23,151
480,331
41,418
448,286
156,217
343,98
466,351
403,386
387,15
377,163
251,120
328,137
200,102
469,150
479,44
391,32
380,467
437,160
41,348
468,478
13,71
474,45
310,129
299,214
52,385
359,444
336,482
74,182
467,420
273,323
233,124
232,253
107,237
120,460
134,157
203,111
332,391
303,346
257,333
280,454
365,466
192,406
400,8
306,495
423,472
178,497
125,466
146,182
86,157
199,447
335,117
93,204
179,403
135,194
498,235
452,276
276,144
171,57
218,230
216,259
52,403
6,166
229,252
253,112
433,258
324,64
53,336
367,374
264,177
442,61
210,101
411,242
21,30
186,217
347,279
168,154
123,428
251,412
342,414
471,450
296,425
293,454
433,105
341,107
294,242
364,203
481,232
327,26
125,200
58,57
94,332
179,185
65,308
412,60
11,407
322,45
47,235
8,468
395,481
307,37
108,226
496,441
484,131
447,288
224,443
164,210
437,435
251,64
305,301
188,334
340,389
158,498
435,247
305,399
258,490
11,177
479,215
7,443
175,233
235,12
377,364
89,216
158,135
144,438
457,299
443,140
93,315
351,139
104,215
372,143
161,326
180,421
278,284
250,192
477,164
137,47
251,255
28,179
381,176
471,10
379,364
432,410
292,485
420,129
162,160
103,370
264,375
418,399
24,48
350,225
175,257
376,405
101,121
221,137
215,11
475,272
41,3
494,331
373,271
189,14
255,239
17,305
432,20
383,355
392,211
144,430
110,249
410,292
145,447
193,67
73,373
157,141
352,127
312,400
200,117
31,9
145,209
271,255
452,108
368,319
382,159
205,368
105,370
486,240
153,439
436,326
371,105
440,468
206,289
279,270
164,187
387,391
127,252
324,436
142,361
178,298
340,44
367,338
129,165
232,297
262,256
377,6
189,141
13,310
481,162
292,303
275,439
421,146
206,90
346,102
480,146
302,262
488,98
233,171
150,218
371,43
52,291
45,499
300,490
69,339
109,63
413,330
406,479
123,329
45,134
328,463
287,194
447,384
312,376
324,238
391,87
51,472
279,391
214,386
467,298
307,373
494,123
164,433
21,28
335,321
292,464
451,142
109,463
72,432
157,71
155,123
166,376
317,194
233,495
23,456
391,407
336,381
278,90
41,170
191,429
236,381
221,315
387,331
457,387
97,353
100,480
266,308
97,146
362,379
295,312
388,26
347,290
109,299
308,9
64,235
123,217
65,161
217,444
93,233
63,473
31,184
318,77
32,217
129,300
235,141
215,395
163,488
213,284
237,273
15,121
153,65
60,478
223,114
88,302
71,188
179,437
54,129
148,290
203,69
50,132
481,176
300,201
78,437
209,496
139,216
219,438
255,232
38,254
194,219
404,273
496,291
128,474
394,200
113,210
161,462
347,474
285,322
166,329
1,418
198,469
402,349
348,374
185,184
439,154
449,220
211,126
344,202
359,326
499,491
309,272
467,353
405,45
348,57
65,474
438,208
15,391
489,393
112,155
446,190
204,173
333,201
90,46
496,22
345,460
29,268
474,34
51,454
79,448
466,310
386,267
210,490
46,169
132,484
46,193
161,301
281,101
449,76
18,37
15,431
49,444
210,262
493,389
165,458
495,373
164,351
80,474
125,315
449,38
33,85
159,357
161,81
32,202
388,237
412,179
244,352
16,82
409,450
358,231
259,120
52,352
377,313
204,150
422,182
201,493
28,220
486,313
333,211
158,363
145,371
379,55
332,165
311,390
236,220
252,22
190,399
373,435
488,82
193,194
128,261
465,281
283,160
97,494
365,308
309,62
74,246
466,252
344,91
31,429
380,419
234,236
147,100
419,219
354,32
285,165
241,217
96,35
436,255
120,422
476,17
417,179
220,482
487,124
163,146
268,340
116,58
294,198
218,244
42,459
95,292
47,473
466,136
281,452
325,253
57,410
499,463
183,323
84,68
180,416
59,130
432,221
279,251
355,185
346,362
97,101
399,204
185,159
447,381
297,80
113,66
313,349
94,151
171,214
466,138
136,478
420,115
223,465
3,5
403,201
32,134
176,183
11,311
423,198
305,460
300,309
12,302
61,62
248,281
374,238
225,396
302,43
345,265
116,272
328,356
247,331
378,167
201,464
341,69
78,182
134,167
29,370
490,485
389,38
428,280
110,318
136,355
38,140
31,43
337,473
420,413
220,19
486,184
312,45
451,265
375,57
128,177
135,367
235,69
176,217
437,478
97,385
13,226
494,47
40,18
168,5
475,19
443,426
160,50
77,114
57,186
110,163
5,470
265,333
93,389
140,126
197,417
160,387
200,138
355,292
187,174
51,173
162,323
278,374
164,102
161,424
291,294
103,33
326,259
137,209
225,146
173,315
436,34
254,66
41,174
376,242
370,177
365,273
346,437
216,255
223,95
56,29
410,392
486,60
346,237
346,389
276,113
472,354
364,155
386,113
295,120
253,321
491,340
314,15
322,116
237,2
154,130
33,16
70,454
360,239
405,455
210,187
188,229
369,153
461,56
332,377
203,410
87,256
425,426
410,34
71,126
347,445
195,289
490,397
66,483
3,498
222,162
416,191
337,201
379,295
43,162
341,22
183,47
96,332
398,142
453,66
59,338
18,405
135,7
170,31
70,470
395,2
188,5
42,454
436,15
453,480
405,69
74,228
419,169
496,256
394,203
400,296
407,154
438,472
142,195
345,451
347,196
281,297
91,135
198,313
139,465
452,474
172,188
140,235
68,373
439,304
473,443
302,128
27,190
489,436
264,408
131,306
76,359
206,268
22,401
134,146
253,420
489,217
322,142
442,425
438,165
149,178
335,370
131,322
163,310
196,171
428,359
408,285
394,65
55,211
264,1
32,107
254,433
154,120
357,366
381,90
403,16
371,447
217,254
144,478
337,353
134,488
182,345
302,443
73,157
4,260
408,216
129,311
58,204
257,64
65,463
249,380
496,1
275,405
267,252
262,220
372,52
219,396
475,372
392,202
295,370
241,169
372,409
90,91
208,214
469,208
437,63
170,176
204,361
251,154
163,282
464,147
195,239
22,299
241,162
299,202
441,371
105,457
35,386
269,243
125,113
320,352
318,302
300,296
249,491
58,244
367,132
14,195
273,223
27,208
144,207
14,179
30,228
46,149
31,397
173,415
357,382
1,6
54,113
278,389
389,438
30,215
220,253
129,120
206,155
287,456
468,348
251,355
269,281
161,453
32,257
80,181
107,300
492,430
490,72
171,259
454,255
359,370
373,216
44,85
411,377
394,56
137,248
490,256
6,421
361,322
145,337
288,364
395,89
369,375
60,470
204,10
51,448
362,243
21,87
288,325
349,106
276,66
216,332
75,23
219,233
101,104
14,360
51,215
213,434
456,161
203,50
383,158
158,464
245,79
374,188
78,99
276,437
430,284
215,185
399,441
63,35
210,153
264,355
100,436
355,68
415,412
233,482
93,451
124,78
150,450
110,333
418,310
439,294
468,451
246,301
3,339
18,489
266,441
89,440
325,406
140,15
34,236
24,326
207,431
417,8
141,348
233,167
243,169
237,367
357,402
368,477
369,286
451,463
150,194
352,118
250,86
378,421
225,38
172,376
130,442
195,347
165,191
49,138
101,73
114,155
146,314
144,7
274,38
261,389
13,459
366,421
369,449
429,366
54,79
244,84
237,319
4,460
470,21
488,191
264,99
172,232
77,399
53,66
352,34
393,120
233,141
244,495
441,306
28,243
9,67
246,245
447,186
494,205
327,441
140,78
28,363
316,107
168,443
366,406
216,448
163,196
112,214
132,450
81,164
141,245
369,471
75,58
131,14
272,279
89,332
12,336
410,157
459,343
300,196
5,179
106,409
479,10
365,88
66,264
11,245
456,232
437,406
129,68
114,287
25,447
234,303
5,162
400,336
95,233
471,354
434,157
112,413
8,217
24,330
349,272
3,331
474,146
256,94
33,337
456,56
19,148
426,164
123,140
267,181
296,181
58,189
430,383
490,159
334,135
210,202
441,112
486,345
231,413
242,118
339,156
49,350
120,75
239,476
476,196
470,335
466,378
110,460
174,86
127,94
198,135
368,318
13,363
452,202
237,206
393,351
50,260
443,180
223,308
31,392
416,185
313,35
79,381
457,68
153,483
384,149
465,323
139,146
81,487
457,137
479,411
265,461
406,276
35,101
357,36
245,408
207,217
159,164
2,163
158,255
454,144
196,383
426,305
433,215
33,62
388,15
316,413
149,377
214,484
65,405
259,319
218,252
215,332
438,198
203,367
110,402
293,124
487,142
166,350
62,427
91,433
372,35
353,279
412,18
59,283
438,401
364,30
437,288
406,383
284,145
358,66
62,258
151,20
183,449
440,319
470,137
113,127
424,436
491,444
493,254
340,480
109,306
189,448
354,488
340,122
6,290
35,449
428,240
162,269
465,258
372,114
131,363
141,281
188,87
138,470
217,4
163,456
272,337
72,346
395,21
301,209
297,41
116,65
49,460
42,133
326,174
456,263
130,406
44,119
439,46
145,155
444,153
477,319
141,89
426,359
281,277
124,52
487,376
453,344
54,438
73,365
325,252
1,148
402,495
2,102
75,103
400,3
36,311
419,305
313,372
434,111
394,99
299,434
285,129
322,154
416,243
30,64
50,230
276,215
97,297
41,243
456,451
234,414
415,339
161,92
207,149
148,344
403,417
249,300
242,244
264,150
48,388
16,99
135,267
279,223
356,372
313,167
14,241
426,385
205,329
353,228
241,328
358,335
436,451
334,48
76,191
415,175
161,470
474,117
242,106
60,187
353,380
130,229
40,235
298,279
22,47
136,95
467,468
113,20
106,411
316,491
45,404
193,209
21,49
137,44
145,274
408,245
249,271
303,406
150,269
58,184
451,303
345,137
149,438
133,367
354,53
64,238
51,373
218,347
181,63
308,319
19,240
467,35
184,173
327,470
451,402
409,416
2,384
412,299
331,434
246,499
320,40
439,26
298,318
477,476
267,109
474,3
92,190
190,47
404,162
123,369
11,286
483,20
336,240
29,251
403,393
407,40
450,495
47,240
40,175
156,398
17,381
435,368
425,11
419,149
495,193
61,131
270,160
390,280
375,118
156,148
174,364
267,468
461,497
46,77
277,141
8,377
195,76
462,258
455,2
284,59
108,55
242,71
261,153
26,9
154,379
69,301
132,248
452,330
199,292
425,455
263,128
490,217
259,68
435,86
320,63
98,324
497,256
78,32
206,418
10,327
440,263
64,279
308,32
375,330
398,219
324,303
274,318
146,161
50,15
253,243
213,479
382,469
497,157
369,259
295,378
171,423
216,116
92,482
317,410
420,41
176,221
17,353
95,156
489,77
328,467
165,435
93,196
55,292
128,120
304,442
65,379
127,17
417,195
126,26
460,429
490,216
468,418
239,207
499,356
482,271
174,259
82,156
398,50
418,469
37,19
485,29
256,72
115,472
149,477
56,450
66,316
434,27
311,223
55,421
438,47
49,431
239,331
56,41
455,190
178,416
143,286
244,304
257,258
59,320
95,57
62,74
273,230
352,203
337,412
165,40
188,282
114,395
162,384
109,496
363,435
147,90
357,110
244,393
1,58
247,412
309,397
23,114
438,111
373,364
268,214
492,309
283,47
222,488
351,76
90,80
119,42
439,234
318,323
97,372
396,39
336,338
170,11
272,275
17,280
429,218
165,259
408,400
430,236
110,171
316,407
284,455
177,265
392,72
74,171
380,53
195,373
351,404
394,353
434,206
322,55
368,244
443,346
254,336
410,284
79,410
463,464
367,452
377,358
315,178
191,351
486,83
427,16
106,53
257,391
56,449
414,292
400,53
143,93
319,385
217,373
130,126
346,45
458,182
138,323
58,437
420,292
2,223
152,328
111,356
461,261
122,459
468,284
170,106
283,340
382,58
305,339
317,244
188,384
19,354
4,95
195,163
67,204
46,70
325,321
172,313
330,498
22,434
27,171
401,390
89,122
207,76
98,222
180,393
242,215
111,158
199,481
58,236
64,42
412,285
276,409
458,368
228,303
486,322
104,495
133,382
267,97
485,272
312,235
68,20
217,269
12,459
327,258
375,482
39,164
55,124
32,152
330,1
155,173
93,400
369,80
323,284
424,277
338,403
447,352
92,32
311,72
223,128
269,416
382,409
397,131
6,359
363,7
300,198
305,346
269,76
454,220
359,492
338,314
397,46
328,149
228,212
130,366
277,14
498,454
225,179
381,116
62,198
386,234
495,410
82,235
251,55
273,366
316,67
182,130
391,370
223,220
68,314
498,450
236,263
433,59
243,196
364,398
75,459
274,295
481,319
348,149
103,268
189,135
379,232
23,444
86,449
62,409
141,238
485,359
240,428
310,286
181,342
1,120
56,437
135,21
253,357
469,359
463,72
150,191
29,486
350,491
421,419
220,318
40,144
349,418
335,132
239,411
249,102
316,193
486,278
356,11
410,197
183,8
203,378
198,415
68,444
460,389
179,258
345,219
157,481
309,288
344,181
347,473
333,65
398,138
151,360
112,159
36,221
336,237
239,334
47,323
375,327
491,249
251,470
52,34
354,429
445,153
269,356
349,495
415,229
208,378
300,181
112,471
344,426
354,154
393,151
195,402
292,271
371,135
97,129
327,271
175,48
356,328
440,50
351,63
196,399
423,324
393,188
251,223
14,62
304,108
94,282
214,252
9,439
410,96
68,141
218,326
344,487
345,294
81,28
220,364
32,27
79,456
472,261
420,446
117,378
13,336
448,32
84,52
430,415
497,252
72,408
218,478
17,38
90,487
459,139
478,62
149,471
66,103
416,432
351,416
223,267
480,386
402,98
64,464
151,418
422,171
45,364
208,332
18,168
61,433
290,102
120,319
331,291
34,342
48,131
362,78
145,433
454,169
265,256
480,152
100,433
146,111
31,51
238,168
108,361
110,214
483,435
461,223
425,485
322,443
253,452
311,282
63,196
93,409
53,300
424,438
314,41
241,227
99,233
249,90
418,19
350,270
121,378
211,22
71,222
54,120
408,32
465,162
44,129
447,175
420,482
277,200
307,418
220,451
481,463
340,379
344,342
465,100
207,173
425,230
411,73
116,86
386,424
34,13
243,366
59,25
65,196
184,146
375,453
373,340
326,106
318,417
243,130
263,235
276,443
129,319
203,236
146,408
220,317
139,372
241,260
3,257
428,410
162,195
267,161
207,216
363,101
340,16
170,16
136,164
471,124
146,291
301,18
286,490
138,360
64,371
485,44
104,397
148,27
304,132
92,195
31,171
356,340
386,481
150,55
315,478
226,143
310,177
44,241
183,171
91,296
272,172
448,347
221,73
231,3
308,245
351,89
139,255
18,103
456,18
469,320
35,106
362,439
154,50
135,143
177,255
375,492
399,131
290,303
277,490
410,22
92,245
12,379
40,449
157,384
316,259
280,487
442,183
497,266
186,165
232,452
324,427
113,314
277,92
383,419
285,357
175,63
424,95
267,225
328,109
96,160
390,498
147,480
486,18
418,41
66,346
309,115
361,316
253,172
348,253
393,64
409,242
51,378
68,213
464,127
412,313
498,340
333,339
223,47
6,319
75,304
215,440
474,461
181,494
491,334
80,242
199,108
225,142
339,100
49,167
281,262
309,487
55,177
362,467
161,73
273,382
138,411
405,351
416,156
309,63
219,70
425,156
388,359
286,76
259,105
417,1
303,206
330,378
316,230
120,403
163,109
201,148
292,64
347,241
416,181
6,72
383,395
3,439
489,12
159,153
56,159
180,61
359,353
179,143
441,403
14,152
251,399
306,97
395,450
317,185
407,83
348,390
158,384
59,457
379,479
281,237
73,483
76,313
327,478
466,39
326,403
265,207
209,155
8,190
260,146
298,57
447,52
273,124
194,28
289,275
187,109
421,175
41,437
35,467
255,284
350,446
401,91
161,169
91,233
461,448
73,172
302,450
243,62
330,147
247,316
61,165
316,66
312,136
403,97
77,328
452,65
90,358
145,217
211,346
177,52
82,338
399,263
242,295
259,188
53,295
441,149
163,154
107,308
238,29
142,379
389,450
183,69
385,85
301,129
116,395
496,124
401,451
283,376
194,271
121,230
372,132
144,295
164,449
483,402
110,178
8,83
39,292
437,401
436,271
198,341
63,257
82,47
358,211
390,100
293,362
328,128
381,187
430,359
340,382
116,222
383,180
108,190
93,32
33,306
147,78
153,266
162,84
350,198
49,258
89,52
206,25
110,33
184,75
229,28
435,181
114,124
226,138
87,441
145,7
356,196
231,241
294,488
441,292
16,125
77,288
273,254
209,251
486,459
247,81
2,7
456,137
378,331
353,137
188,467
19,291
267,433
182,159
387,188
63,237
273,103
182,403
105,346
184,82
38,283
462,172
126,32
178,147
13,222
424,93
451,151
458,106
239,285
483,196
88,494
463,372
247,328
55,51
143,341
90,424
325,402
317,468
276,230
228,263
258,328
96,123
112,74
488,123
80,16
33,475
23,343
323,492
107,103
65,382
324,103
237,266
26,445
154,397
152,159
242,440
257,66
136,266
251,47
428,45
493,253
422,58
283,433
72,209
251,299
155,433
340,377
392,316
12,182
433,231
401,475
177,297
243,27
116,77
177,403
475,400
92,13
443,98
490,229
424,128
397,255
61,219
172,31
113,31
408,290
479,116
150,192
357,397
294,102
363,291
188,358
136,380
103,371
153,221
266,161
100,325
310,78
257,416
161,323
351,275
295,344
260,135
171,291
414,368
365,395
386,220
357,7
405,156
275,1
52,159
383,296
319,83
389,170
155,373
222,407
401,31
436,468
413,2
82,81
158,39
92,455
81,146
68,468
139,202
147,373
210,93
467,226
185,200
195,49
383,325
102,326
112,275
137,326
389,120
449,160
491,53
38,251
258,361
472,161
234,395
460,27
440,379
278,278
238,266
167,332
452,385
281,394
433,350
63,241
184,41
91,62
245,227
360,183
228,377
411,212
403,86
465,116
243,87
391,117
144,215
406,137
80,70
155,327
190,232
251,155
190,470
231,430
195,354
238,332
214,385
10,151
427,343
348,13
472,350
39,243
375,65
241,262
158,132
369,349
100,481
239,153
225,136
88,200
198,142
190,263
72,430
496,193
218,464
23,122
147,99
443,21
445,439
268,376
443,161
290,232
490,372
205,177
153,143
63,317
388,111
462,398
136,239
486,84
330,36
346,105
208,299
450,437
247,312
14,110
19,250
76,93
191,127
407,68
480,294
389,498
176,323
438,215
466,236
242,474
285,289
233,54
65,173
175,125
335,70
38,370
281,290
344,411
370,85
459,171
27,12
229,45
393,374
94,318
142,78
31,416
437,314
156,298
346,247
304,9
391,359
178,201
9,26
305,264
299,79
171,327
50,77
295,335
483,433
461,398
212,59
488,125
300,260
171,279
409,282
355,167
109,155
9,10
232,26
91,43
159,468
299,137
81,349
319,269
30,173
88,5
440,49
393,428
160,492
229,387
240,82
241,187
144,399
217,232
281,491
432,362
5,38
69,348
5,395
306,299
130,91
225,370
255,259
153,92
132,30
327,196
322,437
491,406
30,181
45,219
240,28
260,127
323,434
14,412
278,154
339,99
409,294
182,25
449,78
206,364
101,322
484,30
264,324
153,308
424,494
435,123
484,280
104,352
112,160
307,63
167,270
491,393
366,11
443,370
320,44
195,461
409,13
380,184
184,60
411,94
391,209
167,412
4,167
472,314
276,298
404,236
192,303
376,153
337,370
275,32
417,82
34,302
411,61
115,94
304,102
69,341
451,486
131,75
84,366
332,18
383,189
70,332
407,330
148,470
450,247
269,146
202,118
145,423
207,240
11,95
396,364
123,13
450,15
382,342
235,385
228,291
192,494
255,77
147,415
225,68
193,346
222,237
382,125
444,343
213,49
9,368
23,26
245,233
473,339
273,436
116,417
357,425
156,137
120,142
407,99
449,57
243,216
422,488
229,301
81,278
382,24
318,105
436,27
97,334
64,71
367,104
495,393
218,310
136,4
387,429
72,1
41,79
209,433
11,388
434,487
69,127
100,478
2,316
91,486
321,278
469,50
457,371
72,95
259,486
117,238
129,47
405,361
198,411
460,307
348,224
311,482
21,167
93,416
401,335
213,125
82,341
93,281
136,322
47,245
