idPelicula,idGrupo
296,8
154,9
439,1
218,1
157,7
233,5
94,3
113,5
357,6
185,1
191,8
237,1
399,3
82,2
277,9
427,3
47,5
236,2
132,6
8,3
323,3
99,5
319,3
317,7
445,6
156,4
313,1
344,8
197,2
308,1
158,6
46,2
132,4
402,4
80,3
334,4
162,6
327,5
216,8
356,9
156,3
104,1
154,7
75,5
85,8
487,1
394,9
112,2
121,6
46,2
51,9
390,7
343,7
93,4
407,3
271,9
373,6
205,1
208,3
451,4
98,6
390,4
238,7
195,7
341,4
222,8
213,4
319,4
73,9
199,6
311,9
190,1
170,2
10,1
421,4
341,8
30,9
499,6
61,3
264,2
86,9
214,2
454,1
388,8
164,7
239,5
100,4
104,7
212,8
398,5
173,4
351,1
60,3
464,6
136,4
428,7
443,5
19,1
14,6
446,7
48,5
406,6
377,5
370,9
33,1
377,4
217,5
71,9
403,9
181,1
323,1
61,7
381,5
287,3
274,3
439,8
419,7
412,1
41,9
409,1
471,8
113,1
9,8
492,1
427,7
89,9
334,6
316,3
201,3
409,1
135,9
239,2
493,9
6,2
192,6
171,5
255,4
306,2
260,5
27,2
426,9
322,3
327,1
453,6
305,9
301,7
373,8
296,6
479,6
483,2
431,9
159,6
54,7
408,1
470,8
367,5
231,8
154,5
196,7
104,5
35,9
371,1
341,3
436,5
103,8
355,9
5,4
465,1
121,4
151,5
57,8
147,1
131,3
398,1
19,9
182,2
310,2
186,2
229,2
136,1
227,4
22,7
357,2
450,2
197,6
302,4
469,9
426,1
173,6
423,3
204,6
372,2
98,8
431,6
185,2
56,1
353,3
179,7
400,5
376,8
383,9
410,2
240,5
134,3
103,6
143,4
72,1
375,1
328,2
403,7
8,6
112,1
449,4
260,1
262,2
475,1
178,7
43,1
4,3
93,5
277,5
354,3
65,7
273,5
308,7
446,1
293,9
137,6
461,1
424,6
404,4
305,8
397,4
499,2
173,6
198,8
232,4
465,6
73,5
401,6
32,1
100,4
495,4
13,7
172,5
457,6
55,1
408,7
302,2
444,1
339,2
11,9
452,6
397,3
139,4
376,7
118,5
493,6
66,3
239,2
359,3
72,9
419,4
365,8
442,9
465,5
49,9
129,7
315,1
348,7
174,3
82,6
163,6
354,7
46,7
207,4
206,1
346,6
67,7
86,5
469,3
141,2
422,6
459,7
384,6
37,2
340,3
231,7
8,7
464,1
100,4
87,7
198,5
255,2
56,7
208,4
442,2
118,6
35,2
55,5
142,6
238,4
113,3
170,3
169,1
124,6
85,4
394,1
273,8
162,5
47,8
106,9
478,7
255,8
292,6
268,5
383,9
30,6
70,5
472,8
200,7
475,2
203,9
360,9
442,6
174,4
375,9
421,1
444,4
176,4
201,7
443,6
311,3
37,7
352,7
385,1
49,7
236,2
201,9
388,6
430,6
94,6
293,6
201,6
6,6
226,6
321,4
176,1
137,9
91,6
193,3
426,2
267,2
109,9
64,1
241,6
192,5
197,9
115,5
319,1
431,9
361,3
253,2
403,8
195,8
176,9
484,4
125,2
365,2
136,9
91,7
336,4
388,4
288,5
115,9
325,1
404,5
71,8
490,9
459,6
200,1
336,4
98,6
485,5
422,4
331,1
185,4
289,2
17,1
127,1
442,9
147,9
168,3
484,1
81,9
318,5
393,9
418,4
356,1
137,7
353,5
344,9
57,5
483,3
152,4
435,8
162,6
277,1
386,1
156,7
114,5
212,5
272,9
69,8
292,5
197,8
12,3
41,8
397,9
451,8
175,9
477,4
115,9
190,8
357,5
372,8
306,6
171,6
372,6
72,3
145,8
161,4
224,2
52,3
493,7
490,1
421,9
260,2
130,9
369,1
148,3
137,6
174,9
145,9
17,7
175,9
387,6
466,2
49,6
461,6
378,6
295,4
226,7
334,6
498,9
124,9
334,1
333,8
402,7
244,4
492,3
342,7
14,5
413,8
326,4
310,5
464,5
148,3
261,3
76,6
380,8
87,6
141,5
462,8
62,6
387,4
20,3
175,4
3,2
248,5
443,2
300,7
219,9
435,8
135,9
169,5
22,3
225,3
404,8
154,1
325,5
95,1
237,5
354,1
427,8
75,8
108,7
20,8
205,8
334,7
94,9
254,7
97,2
40,9
37,4
42,3
8,3
103,2
310,1
425,6
147,3
482,9
38,6
90,9
498,3
106,4
267,4
241,2
372,2
211,1
180,2
26,1
8,1
28,6
167,2
219,1
55,6
319,8
125,5
263,1
127,3
35,5
212,4
76,5
48,6
362,4
39,9
307,9
277,7
75,3
335,1
177,4
381,1
450,9
121,6
298,1
333,5
171,9
329,3
166,6
149,2
234,4
415,3
140,4
332,8
486,5
197,8
441,5
95,6
477,1
15,9
338,6
48,2
293,6
328,5
168,2
125,6
256,3
380,6
497,8
170,9
263,2
176,4
385,4
12,2
87,5
286,8
234,5
68,2
478,5
181,8
98,8
97,8
253,5
8,1
187,2
18,6
39,3
357,8
202,5
88,8
256,3
404,8
409,2
69,8
213,3
267,8
364,3
141,2
332,4
214,4
189,6
349,1
279,9
298,7
105,7
335,1
276,9
148,4
284,6
12,2
265,2
78,4
189,6
399,1
6,7
319,7
475,5
240,8
456,6
252,4
383,2
499,8
225,9
155,3
386,1
76,2
215,5
488,8
55,7
210,6
368,7
77,2
132,6
212,8
13,2
302,5
199,8
83,8
144,5
149,9
301,6
64,7
483,2
266,9
90,6
99,1
391,8
132,8
314,7
497,3
349,3
484,3
325,7
323,4
166,1
182,1
445,2
202,6
271,7
154,6
346,5
60,7
6,1
12,6
360,2
374,2
203,4
413,7
288,6
347,9
145,4
437,9
235,9
346,7
131,7
411,1
234,7
294,9
217,4
277,9
181,5
194,7
157,7
381,8
442,9
251,3
381,3
343,7
281,5
281,6
433,8
292,9
345,5
410,2
108,7
263,4
125,1
165,1
463,9
75,7
499,2
389,8
106,8
334,2
407,2
70,3
244,3
17,5
42,7
21,7
14,3
66,7
128,9
228,2
195,6
418,8
328,1
265,8
141,6
320,1
7,4
259,3
321,8
447,8
141,7
48,4
335,3
173,5
447,2
379,1
212,1
433,6
193,6
113,5
113,5
400,8
435,4
287,3
440,3
108,9
438,2
94,5
238,2
21,5
315,3
399,3
349,1
478,6
45,9
350,6
48,1
351,6
370,2
495,3
242,5
280,6
374,9
285,8
135,7
1,2
99,5
263,7
250,8
262,7
173,6
218,4
17,4
280,3
481,9
485,5
79,8
209,8
498,3
397,7
293,5
325,3
409,1
261,9
497,8
161,4
457,2
241,3
8,2
267,4
444,3
317,1
141,6
102,8
47,9
375,3
420,3
337,5
200,1
241,9
76,4
438,7
277,9
260,2
5,2
436,9
84,3
47,2
214,4
158,1
167,2
408,7
285,1
305,3
272,6
497,6
114,9
101,2
396,1
300,5
408,6
277,6
331,6
464,8
237,6
332,7
253,9
32,1
35,2
217,6
158,1
68,3
383,3
59,5
175,2
308,5
371,4
89,6
36,7
486,2
353,1
145,7
450,6
385,3
377,3
76,5
268,3
79,7
18,4
455,2
364,4
338,4
294,1
293,2
228,4
175,9
499,9
312,3
157,8
68,8
459,6
460,9
431,1
276,6
181,8
136,9
191,3
189,4
440,4
351,6
362,8
14,9
265,5
439,5
249,8
182,8
438,9
317,8
7,9
275,4
371,6
220,9
416,3
430,6
54,4
220,6
258,6
70,3
53,8
131,6
478,8
156,8
146,2
416,9
250,4
57,1
344,8
155,6
398,3
347,6
21,8
87,9
459,8
318,5
71,1
7,6
336,4
7,9
51,8
54,8
19,9
69,4
297,5
277,9
274,7
306,6
192,4
273,7
221,8
286,9
361,7
349,2
181,1
53,6
196,4
91,4
91,9
259,6
433,1
50,5
470,6
358,1
170,6
309,7
303,7
202,4
376,8
202,3
206,4
170,2
213,4
215,5
158,1
227,8
153,9
306,8
120,8
381,7
373,2
143,2
209,2
479,2
195,7
33,5
244,7
490,4
196,4
160,6
384,6
44,2
326,9
263,9
141,4
432,4
373,1
31,7
304,8
420,7
91,3
188,5
401,8
333,1
359,1
380,5
291,7
165,3
360,7
126,3
409,9
165,6
497,7
248,1
144,5
341,1
355,6
293,2
214,8
432,4
436,9
79,3
334,8
243,3
222,1
210,5
329,2
192,6
460,8
206,5
149,9
96,4
296,3
236,9
38,2
450,1
285,1
255,8
488,1
132,4
481,8
323,5
366,5
298,2
281,2
42,8
68,6
236,6
360,8
461,4
164,2
491,7
391,4
360,8
135,3
46,3
409,7
34,9
175,7
59,4
451,7
256,3
119,3
351,1
90,5
348,6
98,9
83,7
186,5
38,4
84,3
49,9
289,3
128,1
414,9
446,3
225,2
203,8
353,6
360,6
133,6
485,1
360,5
191,2
482,1
170,8
307,4
90,6
304,5
86,4
435,3
367,4
485,3
449,4
94,3
135,7
386,2
473,9
348,8
142,9
308,7
29,5
382,9
467,6
209,7
85,3
8,9
306,7
488,1
179,2
272,8
176,8
384,5
296,9
271,6
125,3
211,2
467,7
128,5
431,5
35,7
389,7
397,5
40,6
422,1
475,1
290,8
263,3
112,8
253,3
101,7
456,8
129,1
113,6
221,6
423,4
409,2
147,4
357,7
30,1
253,3
474,2
396,2
304,8
56,5
236,6
185,2
487,8
162,6
249,2
22,1
141,8
214,8
334,5
266,6
380,6
141,8
371,3
181,5
40,5
423,4
418,3
9,2
233,4
37,3
198,4
43,3
327,3
262,1
431,3
99,7
80,7
431,5
236,7
319,5
172,6
332,9
389,1
365,8
442,5
469,1
34,5
301,3
434,7
487,7
128,7
451,1
450,9
123,1
173,1
72,7
191,5
382,4
221,8
378,7
1,3
437,7
470,7
426,9
267,5
158,3
374,1
209,6
390,2
155,1
45,6
222,6
131,7
66,2
266,2
157,8
370,9
320,7
115,2
476,4
361,6
407,5
249,4
283,7
408,9
460,2
68,2
455,8
249,4
493,8
383,9
74,5
42,6
99,5
32,8
493,9
47,8
82,1
400,9
377,7
372,5
93,6
309,7
278,2
69,4
392,2
199,8
494,1
166,8
479,7
208,9
443,4
179,1
351,5
393,9
200,8
408,6
91,2
362,8
483,4
228,2
387,1
259,2
240,1
254,1
417,6
264,1
9,4
433,8
102,2
179,1
381,1
200,2
83,7
133,3
199,8
68,7
85,8
338,7
486,9
254,1
37,8
251,7
352,6
183,6
24,7
191,8
230,4
382,6
393,1
59,2
183,8
52,4
24,8
491,8
389,8
327,7
281,2
244,5
159,8
217,3
215,5
326,9
275,9
115,4
341,5
224,4
3,2
434,2
369,3
304,3
329,7
245,5
264,4
297,3
204,7
489,3
213,8
428,2
53,2
458,8
364,5
399,6
261,4
99,8
222,3
284,9
15,8
80,7
406,7
185,8
499,8
343,7
202,6
71,1
328,6
34,3
59,6
154,5
36,5
265,1
446,5
276,8
217,1
248,3
398,5
306,2
418,7
169,3
473,3
311,8
149,7
328,1
166,2
213,7
470,5
413,7
240,9
431,9
189,9
353,9
92,8
458,7
398,6
388,9
2,7
99,5
423,8
63,9
363,9
361,7
487,6
14,1
456,3
134,2
333,1
132,6
40,9
296,9
388,1
474,1
330,6
38,8
493,3
473,3
57,8
434,2
397,9
435,7
350,5
361,4
285,2
70,5
29,4
330,3
484,5
31,4
19,8
387,4
330,4
177,2
89,2
61,6
48,2
133,5
375,2
47,6
74,4
422,9
403,9
181,8
174,4
79,1
375,5
439,6
405,4
391,2
281,7
271,5
310,4
327,4
199,9
23,4
445,2
250,4
308,2
201,9
165,6
433,7
424,9
271,4
48,5
169,8
27,6
133,9
208,9
186,3
160,2
229,8
52,5
272,1
246,8
167,4
445,5
436,5
299,4
197,9
256,1
217,7
58,4
298,6
497,4
199,6
375,9
410,9
262,8
430,4
133,3
16,6
443,2
284,5
39,9
254,7
434,7
124,8
384,6
347,8
452,8
457,7
161,3
15,1
39,6
281,6
202,9
467,8
238,4
185,2
406,1
401,3
30,5
456,8
457,6
230,9
73,3
470,3
217,5
485,4
495,9
349,6
85,6
386,9
394,5
423,7
28,2
116,3
366,6
241,4
35,6
290,9
131,8
154,6
279,2
397,4
335,8
62,9
395,6
352,3
404,5
276,5
313,3
86,5
297,2
258,8
445,9
334,5
25,6
406,4
496,7
178,7
152,2
99,8
12,3
452,7
33,7
28,7
126,5
300,2
126,6
417,1
73,2
339,9
302,6
310,6
428,3
131,7
470,9
226,1
459,3
464,6
75,6
135,7
280,3
54,6
240,4
91,4
420,9
161,8
158,9
469,8
384,4
24,6
179,4
172,4
490,4
379,3
7,7
189,4
80,8
184,2
349,9
83,7
256,5
367,3
188,4
86,8
453,9
326,4
153,1
254,3
77,7
85,8
380,3
482,4
170,6
296,3
206,6
293,2
81,1
27,1
114,9
382,7
240,9
161,8
104,1
424,9
226,7
355,9
474,5
314,1
45,5
120,6
67,6
171,3
297,5
126,8
103,9
18,8
251,5
498,7
449,2
479,1
217,2
326,8
348,2
473,1
447,3
1,1
77,2
389,4
153,7
429,4
309,8
475,3
442,6
116,3
108,2
211,9
490,8
43,4
479,9
467,1
166,1
207,3
144,4
471,1
231,3
301,3
279,2
167,6
124,4
110,9
407,6
419,6
490,5
241,8
296,2
354,9
197,8
67,7
388,2
138,6
184,2
479,8
215,5
132,5
216,8
258,9
158,8
75,6
496,6
306,2
125,8
14,4
58,3
89,1
319,4
255,2
296,8
281,6
66,1
262,7
361,1
405,2
196,2
157,1
63,4
357,2
292,6
352,5
349,6
241,4
466,9
376,2
373,4
263,3
308,1
195,4
207,1
476,5
415,7
78,2
253,8
138,1
32,3
455,5
290,1
495,6
310,1
284,6
338,8
96,7
146,3
228,1
242,6
124,3
253,5
401,1
72,8
481,9
219,8
246,9
326,3
311,3
366,2
289,6
373,3
37,6
293,7
32,8
328,5
474,5
80,2
336,1
135,5
76,6
454,1
222,6
188,3
377,6
404,2
310,2
323,2
215,6
256,6
324,1
396,3
363,2
460,9
486,6
9,9
87,5
374,3
349,2
93,4
124,6
61,8
75,4
303,1
488,2
445,4
373,8
275,6
292,4
63,5
173,5
169,5
373,7
43,5
46,2
209,1
218,6
461,9
405,4
406,8
326,8
48,6
485,8
66,5
122,7
64,1
272,6
132,1
329,4
23,6
170,1
351,1
92,3
467,8
139,1
438,8
447,6
208,9
320,5
405,6
200,8
178,1
135,1
448,3
288,2
73,5
2,3
413,9
334,9
439,7
34,1
67,1
188,6
355,9
101,1
135,9
365,9
238,9
141,8
77,9
377,3
99,9
450,8
274,2
45,1
31,6
144,9
389,1
394,9
321,8
459,2
91,8
39,4
379,5
299,2
108,7
138,1
140,7
31,2
291,7
230,9
9,2
357,6
298,9
300,7
326,2
202,5
380,5
373,6
198,1
73,4
65,9
341,1
102,9
172,3
429,8
446,1
482,9
389,1
344,6
383,5
362,6
20,8
190,1
339,2
255,7
495,9
375,6
344,7
245,6
85,9
316,3
324,1
384,2
1,2
302,8
376,4
117,3
439,6
483,1
409,9
79,9
230,3
192,8
145,4
228,2
386,8
71,9
341,5
260,2
11,6
112,6
12,3
445,9
202,4
179,6
81,5
301,3
88,9
194,2
453,2
207,7
221,6
494,8
442,7
154,8
302,6
387,9
9,2
411,8
267,6
17,3
466,4
172,6
369,9
120,5
479,1
408,7
329,6
19,4
420,9
134,8
196,8
236,3
249,2
178,2
89,7
318,1
101,3
38,5
278,8
114,2
284,5
3,3
203,2
266,2
398,8
89,5
169,8
181,2
168,1
234,9
187,2
131,5
102,4
245,3
449,6
399,3
302,3
383,5
36,2
332,3
55,4
7,1
313,9
380,4
285,7
88,9
427,2
143,9
474,8
180,1
449,4
304,6
449,8
285,9
398,6
164,8
134,3
445,4
412,4
344,3
14,8
82,9
184,9
419,4
306,6
209,8
372,3
130,8
200,2
31,7
57,2
120,9
201,6
337,3
194,2
426,5
249,1
94,6
98,8
20,6
359,5
466,4
1,7
310,2
375,3
139,4
120,7
113,4
321,2
444,5
165,7
26,5
306,9
79,8
9,9
226,4
288,7
157,4
457,4
263,5
480,7
482,7
77,3
4,2
319,2
247,9
310,3
127,2
84,1
450,9
143,9
125,1
495,3
136,3
251,6
475,9
305,2
187,5
366,5
367,3
488,1
311,5
184,2
24,3
118,8
224,4
108,5
324,2
44,8
197,2
469,8
353,8
244,3
431,5
83,6
455,9
249,5
368,4
348,6
428,5
29,1
434,7
4,5
241,8
403,9
348,4
32,2
84,5
475,7
158,9
274,3
26,8
83,3
233,8
240,5
466,4
207,9
151,2
349,6
31,2
27,3
416,8
82,5
297,6
36,2
221,3
207,7
116,4
203,9
463,7
317,9
265,9
50,1
96,8
75,1
397,2
66,8
473,8
434,9
242,6
394,6
267,6
116,8
420,3
229,9
106,5
257,8
84,9
167,7
29,6
294,5
143,6
395,6
57,6
18,6
218,2
144,2
254,1
158,7
417,2
146,4
196,3
95,1
80,3
355,1
336,7
22,3
137,4
488,8
382,9
373,2
6,5
265,8
480,1
46,2
397,3
150,6
68,4
332,7
123,2
370,4
233,6
305,7
302,4
417,6
32,8
160,5
241,6
289,9
449,3
89,4
269,9
181,2
343,5
467,6
41,5
274,3
466,3
114,3
360,6
231,7
16,7
140,6
32,3
479,3
195,7
472,9
362,7
21,6
95,4
289,2
210,4
12,4
103,7
233,7
464,2
144,2
285,3
142,1
310,9
399,4
283,7
163,6
457,7
166,3
238,8
431,2
323,6
338,6
393,9
439,2
433,8
248,8
364,3
375,1
322,6
153,2
213,9
151,5
389,9
247,6
175,1
239,6
248,8
23,9
291,9
73,7
41,3
216,5
468,7
39,1
110,5
216,1
31,6
321,2
218,5
476,5
402,9
101,5
47,5
467,1
12,1
30,2
233,1
322,4
124,7
43,4
387,7
428,1
300,3
12,9
67,8
139,7
15,4
29,8
25,5
166,4
132,9
428,7
97,3
102,8
253,9
161,9
288,5
448,2
87,9
12,2
414,7
207,4
258,9
20,9
30,4
449,8
437,6
278,4
375,7
173,4
490,6
315,5
343,7
444,4
300,5
325,1
348,5
71,8
101,4
271,4
429,9
174,6
491,4
249,4
218,9
479,4
18,6
14,1
103,7
470,6
453,1
355,1
193,8
399,9
285,3
430,1
302,2
409,9
206,5
485,7
151,4
134,7
159,7
360,6
158,2
101,5
307,9
47,7
305,5
181,2
491,5
471,4
424,5
121,6
401,3
370,5
201,1
371,1
490,2
439,6
259,8
175,7
181,4
169,5
460,8
27,4
1,6
353,7
53,1
204,1
55,8
370,3
84,3
243,9
242,6
160,5
155,5
148,1
441,2
423,7
391,2
435,2
356,5
436,4
286,4
277,6
186,9
78,5
220,9
361,2
145,1
1,5
270,8
92,1
166,1
451,1
360,9
260,8
208,7
284,5
215,9
291,6
283,9
31,7
474,1
386,1
82,4
193,7
263,4
90,6
290,7
89,8
35,1
468,9
460,8
16,7
253,9
426,9
207,4
2,4
342,4
279,6
475,6
100,9
460,7
204,5
146,1
433,7
159,7
429,5
257,3
415,6
131,1
27,7
395,8
352,7
381,5
368,6
169,4
226,2
328,4
70,2
268,5
365,6
197,1
251,8
239,7
253,5
154,8
253,1
125,2
336,5
379,3
161,9
174,7
193,8
453,8
313,7
228,1
150,2
155,9
434,3
496,2
135,4
436,5
439,3
97,6
429,4
39,1
68,6
40,1
228,9
379,7
376,9
137,4
134,2
445,3
32,3
314,2
428,6
235,5
356,2
156,8
231,6
300,8
330,7
369,3
405,5
296,8
265,3
469,7
208,4
464,2
148,3
104,4
255,7
498,1
318,4
477,3
329,3
281,1
51,9
226,8
297,6
273,1
288,4
69,5
111,9
122,3
447,9
478,5
37,6
496,5
193,8
243,7
312,1
260,4
407,5
388,8
366,7
269,4
461,5
216,1
67,6
326,9
205,8
162,6
430,9
56,5
456,7
153,3
171,9
108,6
365,2
449,9
340,3
26,7
385,9
222,1
372,4
256,3
11,6
87,7
39,1
113,1
72,2
349,3
359,8
347,9
296,6
21,5
44,6
285,9
330,1
131,8
264,6
166,1
441,5
8,9
347,2
308,6
447,1
187,6
163,3
331,9
302,3
79,5
458,4
458,3
428,5
418,5
495,5
107,5
434,7
445,9
20,9
399,7
208,6
142,9
483,2
74,8
468,3
329,2
453,4
311,3
327,2
358,3
227,6
9,5
225,6
460,1
20,7
265,5
63,9
352,7
90,3
236,9
80,8
209,3
74,3
36,2
258,9
287,8
242,9
40,6
393,7
375,4
2,7
448,8
113,2
31,5
62,5
444,2
220,2
198,4
197,8
284,4
311,2
253,6
448,4
352,4
462,6
76,4
104,7
37,3
481,8
328,8
499,2
143,1
421,3
434,3
260,1
186,8
300,4
109,6
453,6
331,6
9,1
311,6
262,8
41,5
318,8
210,8
311,9
463,5
306,4
137,1
131,5
413,6
273,9
1,5
45,9
178,5
102,7
459,8
214,2
398,3
301,1
499,8
171,7
172,7
59,8
70,7
238,7
460,2
289,3
405,4
95,4
407,1
466,7
102,5
123,5
180,6
433,4
142,5
42,8
192,7
364,4
267,1
442,5
359,5
67,7
293,7
294,3
200,9
163,9
128,6
375,3
373,8
261,7
338,3
248,1
195,5
195,7
284,5
318,3
458,9
143,4
230,6
188,3
75,7
415,2
110,9
323,8
3,6
133,9
406,1
424,6
24,2
347,3
454,5
121,7
72,5
343,8
38,3
368,9
296,7
82,6
84,4
204,6
188,1
458,6
211,9
60,3
367,9
144,8
495,6
221,6
344,6
403,8
364,1
254,3
204,2
283,3
421,4
273,1
391,2
238,8
357,5
213,5
457,4
452,9
64,2
80,3
450,3
290,4
385,2
223,5
36,4
7,3
118,2
493,5
110,6
71,1
246,7
386,6
467,4
425,9
11,9
400,8
342,7
323,8
200,3
382,6
114,9
449,3
451,1
67,3
425,3
33,4
283,2
182,6
57,7
387,3
65,8
180,7
484,6
316,7
431,6
82,4
351,9
89,3
419,5
476,6
249,5
419,4
276,4
198,1
454,8
170,3
330,5
299,6
298,4
212,7
38,4
343,9
332,5
492,3
83,1
460,3
89,6
206,4
189,8
331,2
442,3
166,9
354,8
436,6
343,9
154,3
110,8
219,5
452,9
28,3
225,5
35,2
60,5
387,1
314,1
194,6
270,9
90,1
195,1
250,5
142,9
190,6
86,7
254,3
393,4
92,5
299,5
172,5
271,3
453,2
174,2
85,8
165,7
313,7
74,3
338,4
468,5
476,8
108,6
387,4
230,7
5,2
282,3
12,9
465,7
167,1
318,8
288,8
305,8
332,7
175,3
444,1
279,7
239,5
347,5
283,1
444,3
229,9
440,7
317,6
455,4
454,5
188,6
266,7
226,2
153,1
21,7
11,8
164,1
467,7
155,8
94,4
8,9
431,8
41,7
336,4
356,5
284,6
486,6
363,4
143,4
213,2
39,5
490,6
411,7
171,6
299,9
289,1
408,9
96,1
153,2
282,6
369,7
78,7
209,1
166,3
96,7
255,1
393,8
299,5
183,2
377,6
55,6
499,5
89,2
21,2
284,8
210,1
444,8
333,7
407,4
134,8
316,7
132,4
372,9
292,8
29,1
360,5
429,7
331,1
181,2
406,1
181,4
471,7
206,1
410,4
232,1
472,4
55,6
450,1
379,8
345,3
91,7
244,2
333,9
164,4
125,7
492,2
69,1
377,7
313,8
98,5
356,5
427,5
472,9
184,8
178,6
178,9
167,8
195,9
441,2
16,4
458,3
64,8
8,2
43,8
25,2
10,3
76,3
300,6
243,2
103,9
159,6
144,5
151,6
360,4
439,2
63,5
188,4
385,1
404,1
320,8
235,9
228,9
164,4
420,8
416,7
228,3
216,5
266,2
365,5
275,9
301,5
118,9
210,4
111,2
230,9
17,7
87,3
224,7
200,5
310,8
67,7
443,5
386,3
300,5
16,7
97,8
305,9
281,4
31,1
403,7
43,5
171,2
439,1
62,2
407,2
366,9
69,5
91,1
69,5
214,5
491,8
286,6
308,3
309,1
47,3
259,6
306,8
374,3
432,1
420,2
428,9
336,6
152,7
450,6
357,3
360,5
471,3
183,6
493,7
17,7
455,3
16,7
81,6
333,7
447,1
480,9
158,4
352,6
375,2
94,4
409,5
326,4
327,8
121,4
318,5
343,1
68,7
93,2
484,7
483,8
97,8
152,9
425,6
418,8
259,2
394,6
138,8
115,2
165,7
243,1
324,5
134,6
330,3
400,2
108,1
265,8
52,8
293,7
18,7
228,9
2,4
237,1
244,9
140,8
256,6
455,4
156,9
341,6
114,2
389,7
181,3
120,9
93,3
283,6
454,2
21,5
282,5
281,9
478,2
262,6
411,6
275,4
235,7
361,7
284,7
203,6
118,4
240,5
282,2
59,7
400,7
316,8
477,7
14,7
219,2
134,5
194,6
459,4
179,7
53,4
107,7
15,7
2,5
39,4
147,5
16,5
405,5
173,5
322,8
282,1
460,1
297,3
481,9
248,2
211,8
191,1
350,9
27,4
23,5
459,9
385,4
281,7
60,4
383,8
88,6
326,1
232,7
232,2
364,1
43,4
277,1
285,1
190,5
478,1
326,6
261,6
272,4
286,4
196,3
255,1
210,2
427,7
222,4
466,2
199,5
34,5
147,8
172,7
218,9
301,1
215,8
237,4
358,6
168,6
143,7
422,5
306,4
388,5
299,8
159,4
431,6
280,9
432,8
402,4
224,8
371,9
490,5
399,6
158,8
177,7
75,8
374,8
279,1
138,7
2,4
383,7
53,2
358,8
224,9
399,3
34,5
1,5
414,8
446,3
402,7
189,3
9,6
340,6
430,7
35,9
280,6
383,5
98,1
120,8
19,1
70,9
262,3
212,2
342,6
482,7
9,8
85,8
238,6
316,9
498,9
60,3
363,9
160,4
448,1
32,4
114,9
231,6
336,2
291,8
248,1
497,4
433,3
47,4
419,2
445,3
357,4
243,9
473,6
484,5
89,2
199,7
463,6
126,6
54,6
187,8
178,5
496,9
169,3
157,6
261,6
245,9
399,7
260,2
255,4
116,4
401,5
33,3
98,2
244,4
107,1
82,9
442,6
476,9
339,1
198,6
430,3
445,3
469,4
492,3
205,2
440,1
54,7
5,1
141,8
32,5
465,7
453,7
252,5
490,1
39,1
225,2
60,4
182,8
480,1
94,3
77,3
338,8
345,5
393,8
288,2
447,6
169,7
470,4
440,5
184,4
119,4
408,2
39,8
361,7
97,8
215,3
170,6
25,5
418,3
341,5
146,8
214,2
134,3
303,7
484,1
447,3
49,2
14,6
206,6
64,5
386,5
424,3
275,9
169,9
440,2
466,2
30,2
41,3
357,4
359,6
287,6
351,6
453,2
194,9
260,6
74,9
214,5
449,6
27,1
281,9
326,9
456,1
168,2
266,1
49,7
251,4
392,4
261,7
325,3
209,4
348,7
49,1
188,4
2,2
279,5
114,2
124,9
475,4
197,4
427,1
95,7
217,7
15,7
114,2
427,7
136,4
412,7
225,3
208,3
84,6
437,1
320,1
173,9
341,3
12,8
419,5
134,8
327,4
165,1
214,9
259,8
285,4
321,1
200,7
408,4
275,7
192,1
119,3
394,1
187,8
218,5
453,3
446,4
224,3
190,7
447,2
421,3
386,2
180,8
185,1
139,3
43,9
489,3
14,4
436,1
487,8
404,2
281,4
497,7
338,7
393,8
12,8
245,4
320,6
261,4
463,5
208,7
98,6
478,3
486,9
79,7
175,5
108,5
133,8
41,1
29,9
480,1
100,6
39,9
258,9
76,1
266,5
147,5
459,3
67,9
87,8
49,4
157,1
439,9
7,1
230,1
401,4
191,6
342,7
14,6
401,6
12,6
18,6
20,5
34,7
120,7
476,5
155,6
132,3
460,6
52,8
267,8
48,6
194,9
382,7
91,3
138,4
108,3
446,5
284,1
387,3
377,1
460,8
453,9
41,5
227,2
192,4
361,9
266,1
65,4
392,9
419,6
459,5
452,5
66,9
287,1
449,1
494,6
412,1
397,7
223,4
304,7
279,3
300,4
315,9
276,5
65,3
4,9
152,8
303,7
446,3
94,3
19,2
267,9
289,1
274,7
495,3
292,3
192,5
83,8
425,2
461,4
260,2
354,7
495,3
367,2
210,2
406,4
32,2
58,8
346,8
384,1
141,6
53,4
144,8
212,4
130,6
274,4
71,1
293,7
208,7
57,8
85,2
61,7
187,2
55,3
226,7
366,8
7,1
295,6
277,9
76,8
72,4
323,5
9,8
83,9
52,8
43,5
389,8
371,5
337,2
207,4
44,6
489,5
101,9
303,2
46,2
171,7
119,4
321,5
246,6
261,7
285,6
196,9
27,8
48,3
170,4
333,3
155,1
170,5
170,9
276,6
292,4
134,1
256,7
412,1
122,5
22,3
397,8
114,9
416,6
393,6
185,5
394,8
369,3
378,4
417,6
49,3
481,7
57,3
422,1
494,8
482,8
485,2
56,7
474,7
304,9
27,3
256,4
60,8
343,5
484,9
159,7
156,2
62,2
39,1
55,7
131,7
233,1
389,3
349,3
398,6
272,8
11,4
148,2
84,7
320,1
319,8
397,5
471,5
495,2
82,8
15,7
367,9
327,2
31,3
455,8
344,7
406,7
254,2
306,3
334,4
369,6
84,3
121,1
90,1
337,3
3,5
242,3
88,3
49,5
48,2
146,9
347,5
317,1
366,2
43,2
29,7
166,9
4,5
282,1
362,1
385,6
424,5
8,7
110,6
361,8
301,6
133,8
449,4
37,4
88,7
375,5
57,3
24,8
136,4
317,7
281,9
435,9
94,6
499,8
325,1
436,4
110,9
36,2
401,3
31,8
312,9
256,8
391,3
444,4
133,4
279,2
394,7
176,6
250,7
326,8
250,4
245,6
368,7
2,1
120,8
107,4
116,6
72,8
424,4
138,2
76,6
52,8
213,6
320,4
241,6
239,1
102,1
437,6
208,9
452,3
432,7
114,2
435,7
158,4
103,7
231,4
291,4
345,9
370,1
26,1
312,2
351,8
328,1
60,2
163,1
490,9
228,7
382,9
337,8
274,5
273,1
308,8
91,2
232,1
302,4
249,2
448,6
37,2
230,2
15,5
139,2
115,9
336,4
52,4
287,3
243,6
141,5
453,1
292,9
333,3
120,6
310,9
437,8
377,2
300,7
451,2
207,3
388,7
49,3
370,1
434,7
132,2
278,7
453,9
92,6
104,9
28,1
318,7
487,3
400,8
28,5
337,2
45,3
242,3
398,5
217,2
115,6
298,5
295,1
186,6
15,4
13,3
286,7
424,2
364,9
16,1
161,2
496,3
377,6
100,9
332,7
31,2
38,2
7,8
100,4
258,3
143,8
143,5
266,6
325,2
395,2
177,6
332,8
130,9
260,6
356,5
334,5
183,6
423,6
36,2
274,9
45,8
101,4
146,7
51,3
145,5
351,8
44,3
467,2
140,9
320,8
271,3
369,4
120,9
114,9
218,9
151,7
219,2
61,3
80,4
405,1
59,7
297,9
460,8
449,7
95,4
222,5
279,4
465,8
398,9
226,1
90,5
281,6
184,2
308,8
462,1
391,2
301,6
177,4
213,7
403,5
136,5
372,6
141,2
64,6
479,8
328,3
453,3
430,5
149,4
239,8
430,5
49,1
146,4
89,6
480,6
6,3
455,5
126,7
297,6
384,2
470,8
145,3
352,2
499,1
234,2
160,2
123,2
447,4
58,3
56,3
334,6
288,9
119,2
324,9
88,3
168,7
70,5
239,5
477,5
37,6
279,2
444,7
340,6
476,2
192,2
232,5
433,4
80,6
233,1
217,1
488,2
380,8
99,7
256,5
334,7
380,3
343,7
447,1
402,5
254,5
47,9
152,7
219,4
396,8
451,9
442,7
271,7
367,4
412,8
314,7
43,5
358,1
231,2
57,2
324,3
444,2
346,9
453,8
36,9
256,3
349,4
99,1
416,6
494,6
422,3
62,6
8,4
346,4
428,6
43,1
223,2
170,4
187,3
349,1
88,8
173,8
422,5
375,3
171,7
5,6
264,4
322,3
172,9
349,5
363,9
87,7
60,5
337,4
182,5
59,9
271,4
398,9
161,1
322,6
277,9
161,2
329,4
446,3
86,8
65,2
224,6
68,3
375,9
321,7
32,4
313,1
295,9
363,1
366,9
374,1
260,7
131,3
196,4
77,9
384,8
366,2
219,5
276,9
216,9
135,1
497,4
188,5
214,3
304,9
63,6
51,5
219,1
45,5
468,3
226,3
274,5
270,1
321,3
180,6
124,2
361,7
314,2
174,3
209,2
102,3
430,7
474,4
351,4
166,8
409,6
88,7
348,4
209,7
273,3
15,8
344,5
206,6
223,6
51,4
94,6
276,2
420,5
169,4
145,2
378,2
454,1
219,8
195,4
340,5
258,3
422,1
118,6
252,6
283,8
272,4
408,4
89,8
176,4
427,3
415,1
466,1
307,4
469,9
311,2
196,6
261,8
263,8
375,3
301,8
42,5
478,8
394,4
100,1
134,2
214,4
359,6
93,2
356,2
497,4
175,1
191,3
337,6
290,7
210,8
313,9
463,8
484,9
205,2
91,7
409,7
150,8
352,2
348,1
357,2
326,6
89,5
10,1
94,1
417,7
315,2
471,8
242,6
308,8
381,9
482,9
490,5
339,8
201,4
451,8
103,1
368,1
55,1
493,7
313,7
196,5
288,3
112,3
487,3
184,8
382,5
413,1
458,6
8,6
68,4
147,9
14,1
86,9
178,7
250,5
180,8
2,7
6,9
482,7
396,5
203,4
75,6
230,8
41,9
15,5
137,9
138,1
391,4
393,7
365,9
194,1
275,4
422,6
168,5
166,7
271,5
8,4
208,8
129,7
396,2
69,3
256,6
348,7
21,4
401,2
405,4
40,5
176,1
250,5
136,7
306,1
106,2
290,4
102,7
357,3
117,2
104,2
442,1
246,8
370,8
7,6
2,7
482,5
149,5
168,8
20,2
174,2
16,7
2,3
375,5
204,5
325,9
383,9
60,2
409,3
177,3
251,9
181,8
298,1
31,8
49,6
383,2
71,6
7,1
421,1
383,9
478,4
369,4
403,4
153,9
104,3
329,6
376,1
458,5
161,2
119,3
309,6
89,5
11,7
114,8
133,5
478,6
317,2
44,6
300,4
139,8
96,1
205,1
207,4
47,1
371,8
101,2
360,9
205,8
142,1
214,8
330,7
22,1
140,1
448,3
496,4
389,3
342,5
359,9
469,3
9,3
44,4
364,1
358,6
159,7
206,4
89,6
313,3
86,8
299,1
256,8
137,1
230,4
316,6
363,5
265,2
325,3
455,9
182,6
131,6
286,6
441,6
428,8
241,9
457,7
142,9
59,2
493,1
203,1
189,7
463,9
15,3
137,7
400,8
66,5
476,4
307,5
405,8
430,7
351,2
294,3
360,2
70,3
45,2
335,8
331,8
316,6
301,8
13,7
499,5
258,4
138,4
311,4
141,9
413,1
117,1
418,3
270,4
177,2
219,1
261,1
16,2
353,8
448,2
131,6
171,5
155,5
379,7
284,1
181,4
122,1
255,2
349,3
450,9
215,3
65,7
420,9
76,3
7,1
327,7
63,1
343,3
173,9
132,9
217,3
99,2
94,7
122,5
49,9
260,5
127,3
187,5
279,2
201,7
431,1
488,3
72,6
324,6
460,6
280,5
256,2
242,1
322,9
274,1
163,3
104,7
472,4
106,1
29,9
64,3
461,1
52,2
90,5
245,9
413,8
41,1
342,9
468,1
264,7
218,1
42,1
148,2
388,7
138,5
396,8
97,5
172,2
418,3
447,2
191,5
155,1
459,9
76,4
46,4
295,5
474,6
35,1
134,2
458,8
284,8
288,3
97,2
430,3
328,6
403,3
125,5
117,7
27,4
266,6
420,7
6,3
305,5
200,2
6,4
36,3
418,9
53,3
421,4
442,3
383,8
436,1
25,9
371,6
167,3
146,4
453,2
160,1
268,8
107,2
181,1
95,6
295,2
139,3
244,5
384,4
150,5
322,1
160,5
452,1
285,4
263,2
43,5
316,4
203,9
422,3
193,7
143,3
206,9
4,7
73,4
491,5
154,1
139,7
420,7
110,1
315,5
250,5
4,7
438,2
232,8
11,1
55,2
496,8
193,4
163,3
146,7
15,5
68,6
123,1
201,7
38,5
56,7
241,8
154,2
347,7
393,7
411,9
151,3
386,3
320,3
117,9
486,1
305,6
262,6
459,9
6,2
103,7
184,4
118,8
44,4
39,1
21,1
333,4
233,1
251,1
46,3
23,5
19,8
433,3
18,4
253,4
396,5
338,4
201,3
95,3
436,6
22,8
463,4
248,2
137,8
116,4
142,6
215,5
403,5
280,9
34,3
378,6
245,4
416,7
87,9
424,1
382,6
442,4
54,5
189,6
452,9
352,4
269,8
294,7
24,1
439,1
96,9
41,9
217,6
351,5
32,3
300,9
413,2
314,8
306,1
446,9
409,2
153,5
468,5
279,3
372,5
439,4
250,4
379,7
82,6
11,7
163,2
470,5
425,2
319,7
334,6
133,9
216,8
324,9
361,8
274,3
418,6
355,1
477,5
225,9
356,4
464,5
212,3
469,8
153,4
365,9
84,6
253,2
235,9
209,5
148,3
416,9
203,8
397,9
326,6
319,4
45,8
98,7
494,7
341,2
201,8
316,7
383,7
486,9
412,7
339,3
480,5
161,1
191,9
269,1
275,3
313,7
355,3
472,3
156,6
187,9
400,6
415,5
386,6
367,4
184,2
386,2
68,2
6,6
24,8
313,8
71,2
58,4
24,4
300,3
181,7
298,5
190,5
135,2
281,1
2,7
284,6
318,8
171,4
22,5
485,8
20,5
495,5
493,9
293,7
272,3
358,5
150,1
403,5
56,2
487,7
293,7
59,7
306,6
452,3
396,6
57,9
15,9
486,9
431,7
64,8
498,7
169,4
67,4
348,4
101,8
279,9
477,5
302,5
107,4
355,4
44,5
87,4
126,3
17,4
378,6
86,3
163,5
114,2
10,2
276,8
372,8
431,5
489,6
246,8
417,7
498,6
281,3
422,4
32,9
89,8
82,2
215,3
51,9
7,8
197,3
343,3
390,7
224,6
157,3
171,4
459,6
70,7
498,1
60,4
345,9
47,6
63,9
499,2
406,4
423,3
15,4
259,1
414,8
338,5
429,6
231,7
13,4
371,5
183,6
1,9
216,4
163,6
147,6
245,9
278,6
446,5
483,2
227,7
4,7
269,5
389,4
47,2
174,8
104,1
206,9
304,2
354,4
454,3
163,1
364,1
355,9
436,7
166,1
316,5
456,9
80,1
418,2
146,2
495,1
79,2
202,7
161,3
310,1
418,7
343,5
22,8
476,8
147,5
379,6
168,8
286,1
449,4
277,4
395,2
54,9
400,6
255,4
258,2
254,3
5,4
438,4
223,6
432,6
383,1
25,6
92,7
319,8
300,8
14,3
50,2
102,4
319,5
420,3
409,1
483,9
282,6
29,2
215,7
334,2
125,6
142,6
344,2
43,9
429,3
225,6
130,6
414,9
378,3
123,9
365,1
276,5
157,9
479,8
20,4
408,4
344,6
202,6
453,7
370,7
353,8
109,5
141,3
391,4
406,9
307,8
423,2
106,4
259,6
413,5
145,3
477,7
302,7
149,1
360,4
111,7
339,9
436,6
70,5
121,4
449,6
105,2
47,6
9,7
447,1
48,4
205,4
188,4
106,6
465,6
463,2
105,3
222,5
449,9
370,8
202,4
219,5
275,6
309,4
198,1
289,2
263,9
284,9
92,2
187,5
189,6
89,8
99,1
313,8
336,4
245,6
80,1
268,2
498,7
285,9
417,2
177,1
182,7
4,5
220,9
307,6
26,7
228,4
46,7
303,6
260,6
460,9
168,6
373,5
127,1
163,2
447,8
194,2
67,4
402,6
50,8
437,3
182,5
330,9
361,7
173,9
264,8
473,5
195,7
368,5
162,4
9,9
57,9
216,2
56,5
150,6
45,1
112,3
28,9
351,9
95,2
431,3
243,7
496,8
238,9
79,5
463,9
150,7
126,7
125,8
165,7
337,2
164,7
316,2
36,9
80,5
221,9
329,8
350,4
369,7
38,5
366,6
269,9
386,6
29,9
99,8
197,4
195,5
427,3
316,2
139,8
141,1
459,1
432,8
403,6
83,7
198,7
461,4
236,5
25,2
323,8
419,1
194,4
240,3
374,9
371,7
463,9
299,4
475,6
361,2
332,1
342,5
499,4
373,2
472,9
238,2
89,2
139,9
116,7
64,3
267,7
81,9
71,2
430,2
87,1
399,7
487,5
180,5
441,4
191,6
287,2
420,8
33,9
92,1
251,2
418,8
194,8
165,7
246,3
9,1
491,3
325,7
408,5
168,7
59,1
47,9
119,2
1,9
429,2
235,7
361,9
206,2
243,5
72,6
171,5
187,8
336,8
381,7
63,7
428,9
217,5
396,5
315,2
205,6
135,6
498,7
117,5
134,3
117,4
353,1
323,4
178,9
293,6
119,1
263,2
48,2
417,1
51,1
256,2
405,6
34,1
225,2
353,5
246,9
438,1
444,5
107,7
41,4
412,2
121,4
194,4
106,4
126,3
256,8
246,7
216,7
335,9
403,6
217,5
499,3
300,1
442,3
167,4
350,3
179,1
185,1
287,8
364,8
57,3
213,6
124,7
299,5
220,2
360,4
427,9
386,8
307,4
197,4
227,2
362,3
332,4
347,3
342,2
27,7
446,7
99,5
392,8
423,5
477,3
33,6
451,1
20,2
276,8
142,8
499,6
459,6
489,3
267,8
496,6
356,7
253,4
227,6
172,1
209,3
52,9
404,2
372,1
308,1
70,5
455,6
473,7
59,9
186,2
267,4
157,4
95,9
447,6
320,9
206,2
181,7
154,7
297,2
422,3
479,8
196,9
90,2
496,3
113,6
82,2
159,7
274,9
170,2
149,9
190,1
458,5
406,8
365,4
277,1
124,9
126,2
390,2
448,6
354,2
432,6
354,5
140,4
217,1
478,3
433,3
316,5
84,4
67,6
107,2
112,3
215,5
382,9
57,7
467,1
264,2
33,9
112,2
18,4
338,6
153,1
489,2
92,4
261,9
351,2
309,5
295,8
66,1
25,5
153,7
160,9
455,3
115,6
133,3
255,1
429,7
219,1
492,5
220,3
10,1
312,5
487,2
157,1
253,3
105,8
485,2
107,9
375,8
229,7
100,2
234,4
484,7
207,4
249,4
44,4
360,3
41,4
408,6
404,4
433,5
327,5
330,5
495,6
237,9
295,4
201,7
147,1
335,9
464,2
27,2
441,3
224,1
107,4
437,1
478,9
109,6
111,6
432,6
276,6
434,3
349,7
118,6
391,3
379,6
288,2
33,4
296,8
376,4
326,5
61,4
422,1
244,9
495,9
461,9
426,8
288,3
6,2
126,5
307,3
461,4
347,9
10,2
478,2
12,3
484,4
457,7
88,7
215,1
127,1
443,8
133,2
256,6
267,1
18,8
222,4
270,7
199,7
309,7
64,3
247,9
420,4
90,7
221,7
11,4
179,1
314,7
34,2
222,8
87,9
345,9
258,5
66,9
308,7
223,3
153,6
413,5
115,1
390,7
371,6
153,3
40,1
275,5
133,5
129,7
185,4
14,1
81,5
492,8
258,3
464,9
147,9
162,5
15,2
441,5
236,3
144,8
287,5
340,2
181,9
444,9
492,9
208,5
111,8
108,2
329,4
221,6
68,1
241,3
442,2
94,1
110,2
423,9
337,1
83,6
378,6
75,3
339,1
290,4
315,5
455,9
140,1
89,7
145,7
296,2
179,4
345,5
429,2
220,3
412,5
297,9
334,2
352,7
452,4
191,4
321,7
406,3
167,2
168,4
402,5
141,5
181,1
343,9
105,3
363,3
259,1
209,6
93,8
81,1
167,4
334,8
21,4
330,7
29,2
257,8
117,8
430,5
152,6
494,7
201,8
400,1
269,6
448,5
83,1
137,2
155,9
412,1
74,8
167,8
324,3
116,8
214,5
89,5
48,2
353,6
170,5
321,6
398,6
152,4
164,1
324,9
389,8
2,2
312,3
185,4
482,7
100,3
174,2
114,2
341,1
67,9
383,1
370,2
239,8
499,1
5,9
226,4
377,7
427,4
9,3
216,4
296,1
348,6
89,5
217,3
152,4
474,6
26,6
238,8
482,7
376,5
59,1
425,8
366,9
383,6
322,3
117,9
74,3
150,3
345,6
297,1
10,5
449,8
181,2
145,5
112,5
221,5
432,3
166,3
272,4
450,7
474,6
473,2
341,6
294,2
379,9
177,1
147,4
51,2
391,2
399,9
343,3
428,3
403,5
347,3
493,2
425,1
430,7
178,6
478,7
231,1
378,8
490,7
314,3
284,3
481,4
223,9
104,2
79,7
400,5
197,1
11,8
132,9
82,8
239,4
84,7
10,2
356,2
329,8
133,5
483,9
374,7
190,3
28,6
188,9
386,7
462,2
315,5
301,3
332,2
53,3
198,7
249,5
129,2
269,3
452,8
157,3
205,5
222,5
82,6
398,9
230,5
21,4
264,8
175,3
48,2
121,4
250,7
362,9
483,1
235,4
147,2
433,6
3,9
392,9
292,2
170,7
201,7
488,2
405,7
104,3
287,8
493,4
316,6
34,8
333,4
328,5
261,5
464,3
189,7
265,6
286,5
307,8
386,9
178,9
356,5
437,4
275,1
317,5
129,6
340,2
245,6
34,4
304,6
311,2
53,6
451,6
302,5
480,5
465,8
134,4
493,8
422,9
193,9
344,3
420,8
222,5
289,7
371,9
18,6
53,9
137,4
482,1
8,3
3,2
345,8
229,8
392,1
155,9
448,2
178,4
121,5
100,9
339,8
15,7
278,7
470,3
133,2
107,5
135,7
335,3
441,6
373,8
478,6
63,5
99,8
182,8
22,1
164,2
287,4
462,5
360,9
20,6
302,9
47,3
100,9
168,3
16,5
77,3
463,7
302,5
306,4
84,2
279,4
417,2
261,5
370,8
65,4
447,3
311,3
379,3
338,1
451,7
193,8
187,3
205,6
139,7
2,3
205,2
93,4
355,1
17,5
248,7
25,6
275,3
36,2
483,1
237,4
120,7
328,6
328,9
144,2
40,5
313,2
391,8
225,4
186,5
22,2
396,1
136,1
225,8
320,9
2,1
16,2
104,1
147,7
1,4
203,2
216,1
337,5
215,8
43,4
353,4
448,5
249,2
34,9
158,1
149,5
26,6
177,8
67,2
123,1
141,7
57,4
105,5
473,5
202,3
310,5
435,5
445,7
146,1
285,9
271,8
73,5
168,9
417,3
407,1
80,9
330,8
38,1
393,1
209,4
165,1
84,9
286,4
224,8
112,2
425,2
11,2
411,2
453,1
2,9
15,1
498,3
69,6
354,4
76,4
334,8
367,5
6,8
15,5
272,6
129,3
119,9
209,7
187,1
96,7
348,8
285,4
301,5
101,1
16,6
146,2
400,9
347,5
135,1
313,2
282,9
361,3
128,3
375,9
94,4
372,3
135,8
188,8
367,2
232,1
448,7
42,8
28,6
402,6
470,9
291,8
33,1
156,5
378,3
337,5
41,7
239,4
170,6
481,1
361,5
241,1
358,9
231,8
94,2
417,7
310,8
2,7
317,8
194,8
18,3
258,3
99,2
264,9
160,5
98,9
184,7
284,8
109,6
341,3
27,3
496,5
150,4
1,2
62,6
99,4
97,8
259,7
467,2
395,3
290,6
385,6
261,8
412,1
111,2
244,9
13,4
415,8
254,1
267,6
265,5
499,4
61,2
495,3
87,4
462,5
380,4
45,4
278,7
224,4
74,9
145,3
70,2
86,9
338,9
337,6
492,6
183,8
375,5
130,2
27,7
400,7
170,9
173,7
493,6
407,8
323,5
337,9
136,5
405,9
401,2
74,5
373,4
411,1
292,2
243,7
197,5
293,4
410,8
105,7
286,7
272,6
365,1
67,9
388,8
96,3
404,1
256,3
158,6
260,3
198,2
471,9
367,2
42,1
155,2
229,5
228,5
273,5
403,7
194,4
490,7
39,3
342,7
365,4
58,5
73,4
383,5
361,3
351,5
393,2
118,4
46,9
306,3
495,4
238,4
11,8
495,4
5,9
328,8
17,3
364,5
498,8
454,4
2,3
460,7
83,6
138,7
472,1
391,1
454,1
237,5
364,4
335,9
350,8
340,6
80,8
275,7
467,5
28,7
263,2
249,5
14,7
397,9
258,2
107,4
459,6
18,3
29,1
471,5
448,7
467,4
146,8
457,2
348,8
28,7
87,1
277,3
165,5
406,1
354,1
102,7
195,6
225,6
101,1
48,8
480,8
370,3
128,9
43,4
472,1
398,1
424,9
415,6
388,3
338,2
242,8
138,3
231,8
222,8
315,5
134,4
311,4
251,3
3,8
459,3
271,1
119,5
340,3
9,6
346,2
289,9
94,2
251,7
381,6
121,5
332,1
255,9
257,4
99,7
136,8
393,5
479,2
121,1
267,6
195,2
212,5
102,5
471,9
482,6
193,9
242,3
76,4
325,8
260,7
299,3
244,4
406,5
252,2
181,6
92,5
166,4
159,7
414,3
158,5
313,2
279,5
445,6
165,8
135,7
402,1
270,2
342,2
477,4
67,1
256,8
271,8
343,5
263,4
165,1
55,9
9,8
322,3
207,2
9,4
177,4
356,4
248,7
41,4
440,1
429,8
2,7
3,3
61,7
460,3
230,4
71,1
11,4
416,8
163,3
7,4
421,8
99,2
33,1
198,8
62,4
107,2
413,5
434,5
95,5
181,7
368,9
15,1
99,4
263,9
240,8
384,9
343,6
273,3
141,6
161,6
61,6
367,9
139,5
28,7
471,4
472,5
174,9
26,9
178,6
120,2
430,3
276,6
16,1
71,1
166,6
158,2
282,9
315,8
494,7
215,2
277,7
343,3
448,2
231,3
87,6
116,6
38,4
447,3
158,4
253,7
345,7
175,2
339,2
439,6
58,6
482,7
304,4
355,2
459,9
152,5
496,6
376,6
123,2
114,1
420,5
368,5
150,9
435,3
250,4
319,1
168,8
214,5
335,7
223,7
294,5
344,4
336,1
330,2
43,4
42,9
305,4
411,2
344,7
402,4
282,8
382,4
327,4
376,6
305,3
6,2
109,4
167,6
440,1
251,3
337,6
259,8
318,2
203,1
413,8
498,9
117,4
325,5
78,6
361,2
344,7
128,6
20,2
365,1
31,4
151,4
313,3
362,4
36,9
150,8
462,5
261,4
205,3
4,8
378,3
399,2
255,9
67,7
196,4
58,7
487,4
439,6
498,2
242,7
370,3
318,1
74,5
306,2
288,6
16,1
424,6
217,1
496,5
160,5
195,7
101,5
20,8
29,3
395,1
106,2
402,6
455,1
3,8
368,7
199,1
370,3
100,1
456,7
334,3
389,9
464,4
244,2
433,7
291,5
451,1
271,9
324,2
255,4
477,2
41,2
428,9
287,7
78,2
116,3
481,8
368,6
123,1
241,5
261,4
121,3
185,9
100,6
316,8
324,9
468,6
188,5
496,4
343,6
68,3
258,2
334,5
70,5
133,3
125,3
495,8
359,6
164,3
157,7
429,7
355,9
140,7
463,9
175,6
230,7
410,1
423,9
76,3
247,2
331,9
276,3
145,3
469,6
38,1
233,1
354,9
255,6
442,6
216,1
188,9
180,7
248,3
479,1
207,3
3,7
131,7
318,1
9,8
186,4
279,7
24,4
441,2
345,5
414,5
393,5
214,9
33,8
91,3
328,8
67,1
211,1
172,6
463,5
408,4
349,4
220,3
251,5
333,4
289,3
25,7
145,1
339,8
96,6
82,4
37,7
19,3
262,7
446,6
391,4
170,4
199,7
456,7
74,6
317,3
472,5
247,5
42,9
43,8
218,3
255,6
28,9
46,6
227,2
477,1
284,1
61,5
471,5
443,1
462,9
65,1
338,6
3,7
443,7
446,9
437,7
221,2
361,2
244,9
119,5
126,4
238,9
309,2
249,8
135,5
107,8
134,1
399,5
374,7
2,9
438,3
5,9
438,8
242,4
462,2
342,5
99,9
121,7
261,5
150,5
333,3
43,8
423,2
222,2
161,5
445,9
31,5
369,7
232,8
478,5
255,8
82,3
374,6
454,7
49,7
108,1
468,5
492,2
284,4
492,1
310,2
251,4
224,2
326,6
234,9
399,8
128,9
397,4
331,2
306,7
164,1
354,6
223,5
444,2
155,3
309,9
477,4
349,3
46,1
62,5
378,9
341,8
187,8
374,3
223,7
336,8
85,5
64,7
213,8
33,9
395,4
350,6
146,2
471,1
72,2
252,3
252,8
55,2
212,5
128,3
240,8
292,4
192,3
292,3
461,8
150,4
226,4
376,5
109,2
430,3
440,9
477,8
181,7
234,7
199,8
451,5
72,7
175,8
262,8
373,8
285,3
64,3
404,5
396,4
296,9
264,4
95,2
79,4
351,6
358,1
187,3
383,4
448,4
357,3
275,5
363,9
398,3
240,4
5,9
384,2
204,5
180,1
414,1
93,9
80,6
247,5
60,4
88,8
144,2
143,4
416,3
403,3
269,1
49,5
264,5
349,7
488,4
54,5
136,1
283,5
162,9
135,4
27,9
30,3
110,2
414,9
188,8
319,7
51,5
88,8
192,6
407,9
116,7
245,1
158,1
37,5
98,7
42,4
462,9
481,2
271,8
36,8
259,8
428,1
145,5
253,7
326,8
405,3
19,9
391,9
170,6
184,4
310,4
326,2
372,8
96,2
340,7
301,5
268,1
144,2
3,6
37,8
318,8
63,3
201,3
151,5
397,3
228,6
213,8
118,1
395,9
165,6
404,7
155,8
448,8
187,5
240,8
208,8
394,4
70,2
327,3
163,2
232,4
8,7
331,9
231,2
118,2
341,1
210,5
40,7
459,9
118,9
415,8
498,4
339,6
341,4
18,1
422,7
190,9
3,4
229,1
448,2
101,6
71,4
31,5
68,4
359,6
123,1
397,9
451,7
205,3
474,5
199,8
481,1
486,6
337,4
347,3
228,8
83,5
73,4
268,3
412,9
31,7
80,8
488,2
444,8
272,6
91,6
353,3
495,6
376,2
32,4
246,5
381,3
236,2
216,9
463,1
160,8
236,6
423,8
198,4
231,4
263,3
186,6
149,1
402,5
120,6
337,2
226,8
356,4
474,5
182,2
294,4
250,7
107,8
274,2
10,4
196,7
426,6
256,9
161,5
6,7
342,6
26,3
332,2
176,5
403,7
160,4
336,8
400,6
179,5
409,3
310,5
417,4
166,6
489,2
156,1
70,9
335,9
270,3
19,1
441,3
108,8
449,1
205,1
461,5
92,7
171,5
75,6
279,9
61,4
264,3
409,9
167,9
186,2
370,7
106,2
350,1
246,9
245,5
38,3
301,8
420,5
430,3
239,8
124,2
347,6
492,2
485,9
203,8
286,9
417,6
345,1
448,8
360,5
11,6
60,8
323,6
432,7
125,6
90,7
404,5
276,1
314,7
194,1
120,7
107,2
187,6
193,8
278,8
118,1
345,6
368,1
417,9
124,5
313,3
351,2
315,2
97,6
365,6
303,9
144,1
432,9
175,1
492,4
433,8
126,7
327,8
438,9
177,8
388,9
417,4
100,4
128,2
497,3
366,5
449,7
99,6
266,3
65,5
295,1
382,4
57,8
34,7
471,7
301,5
477,1
210,1
395,6
281,5
365,8
250,6
295,8
399,6
128,2
370,9
4,2
473,6
306,6
171,5
364,1
33,2
200,8
243,8
270,7
272,9
257,6
6,9
319,6
133,2
471,9
351,7
84,7
244,1
476,7
21,2
390,7
292,7
418,7
44,5
203,1
340,7
303,9
227,9
220,3
215,4
351,9
359,1
478,2
204,6
126,5
499,1
57,9
81,7
434,2
478,4
38,3
200,3
208,1
486,3
495,7
398,5
288,4
23,2
457,3
250,3
313,7
121,5
134,8
375,5
245,5
456,6
487,9
239,3
200,1
478,1
248,5
48,1
213,4
466,4
72,3
95,2
442,7
416,8
393,9
126,2
86,2
39,1
107,6
146,9
134,4
273,5
496,9
359,7
430,1
66,9
20,3
277,7
327,8
179,7
187,1
340,9
392,4
273,3
76,9
301,7
414,5
247,1
191,8
132,4
345,1
223,7
469,1
132,3
59,3
170,4
291,3
267,3
79,2
169,7
150,9
245,9
274,3
182,2
247,6
421,4
76,2
246,6
401,1
172,9
336,3
398,2
404,6
202,8
387,6
11,4
301,8
158,5
95,1
67,1
360,7
483,6
136,9
148,2
431,3
319,6
125,7
138,5
245,1
426,9
212,6
163,5
409,7
193,3
33,6
271,8
143,6
209,4
429,5
74,9
125,7
276,9
183,5
290,2
224,7
452,5
236,7
404,9
459,7
144,4
84,5
103,8
485,2
31,5
322,8
287,3
438,2
151,8
409,7
77,7
320,6
118,2
40,7
185,9
141,8
144,9
131,2
26,3
330,9
443,3
325,3
406,1
401,4
228,6
279,1
87,2
253,6
30,8
33,7
281,7
269,3
377,2
203,9
434,2
157,6
155,8
331,2
92,1
367,8
249,6
78,2
495,4
29,1
341,4
314,6
97,9
461,4
271,3
230,4
493,9
80,9
42,5
112,6
15,7
476,9
413,8
193,6
425,1
92,3
299,2
122,7
72,8
265,1
339,7
172,6
242,7
115,2
266,3
105,1
156,9
210,2
137,5
91,1
80,4
384,9
372,2
286,2
389,2
126,6
53,1
276,3
128,2
403,3
274,5
363,2
97,5
130,3
274,4
13,1
247,1
253,4
437,3
327,9
473,5
138,6
262,6
222,6
111,3
128,3
77,1
466,9
398,4
92,1
33,1
266,4
432,5
64,4
312,6
264,2
135,6
402,1
336,2
497,3
233,3
45,5
314,5
441,8
452,3
36,5
403,9
150,5
260,8
89,4
178,5
179,4
147,6
349,5
204,5
68,6
5,9
394,1
411,4
105,1
255,1
374,5
134,1
265,9
403,6
96,2
322,5
69,5
115,4
66,9
456,4
277,7
405,1
450,6
392,7
353,2
496,7
52,9
477,2
74,5
480,4
465,3
75,8
296,6
420,8
294,7
162,8
67,3
140,1
198,4
453,4
146,2
218,5
30,1
187,8
33,5
226,3
135,9
371,7
31,3
374,1
271,7
363,8
362,2
334,4
249,5
61,5
225,8
407,3
231,9
454,3
464,5
232,4
120,3
138,8
257,3
292,5
320,3
178,6
246,8
341,8
378,7
115,6
61,6
61,2
482,8
367,2
494,4
335,3
203,7
5,3
244,3
439,5
23,9
454,6
64,9
139,3
168,8
493,9
12,8
236,7
380,9
71,2
345,7
86,3
19,6
147,2
106,2
171,5
66,6
404,4
82,4
426,3
97,8
84,4
369,4
294,3
74,2
13,6
165,3
44,7
349,9
439,7
122,9
157,6
96,5
166,9
84,8
403,3
372,7
56,2
294,1
365,1
446,4
383,7
250,9
37,4
157,6
446,3
454,7
85,1
408,8
206,1
372,7
259,2
411,7
403,4
110,2
241,1
384,7
485,9
352,8
209,8
174,5
145,9
145,1
157,6
465,9
136,1
423,6
134,1
373,8
73,3
154,1
425,8
362,2
252,5
283,5
63,1
7,3
79,8
113,3
115,7
100,4
50,8
274,6
237,3
307,5
440,6
49,9
154,4
192,3
90,7
77,4
442,5
74,4
439,4
420,5
48,8
491,5
1,3
93,9
204,9
330,8
372,1
306,6
173,5
266,4
114,1
378,2
296,7
453,4
158,2
400,9
301,6
249,7
416,3
225,8
407,7
228,4
331,3
10,1
245,4
154,3
30,8
405,4
158,8
296,8
461,7
305,6
26,8
203,2
335,1
226,6
384,6
478,8
59,3
68,1
90,7
364,7
17,9
193,5
462,7
358,4
454,1
373,1
165,2
477,2
208,5
374,7
274,9
246,5
459,3
172,4
100,2
47,2
292,4
2,2
304,3
59,2
345,6
432,6
417,1
317,4
252,3
97,1
72,3
15,5
401,3
173,3
207,3
467,6
438,2
305,2
239,7
15,1
7,1
371,6
226,7
310,5
375,8
325,4
246,1
212,5
362,9
403,8
198,6
78,5
285,8
376,1
349,9
448,6
76,4
289,3
429,7
55,7
472,6
403,2
174,2
27,7
3,8
66,1
94,4
453,8
445,9
484,4
339,6
252,8
351,3
300,1
361,5
275,7
444,3
308,7
291,8
229,4
331,5
13,1
344,2
354,9
239,5
317,8
240,7
191,1
482,4
465,4
223,2
59,4
188,3
8,2
77,1
27,9
363,3
180,1
292,2
313,2
292,3
223,8
413,1
70,6
71,8
461,3
146,6
285,3
198,7
479,4
404,1
224,2
357,6
396,9
361,2
188,6
437,2
404,6
313,8
275,4
353,2
454,2
161,6
438,5
438,4
368,7
403,2
155,3
270,5
243,8
122,6
10,9
290,7
73,5
226,3
365,8
206,9
164,7
260,7
468,7
317,1
70,7
243,1
370,4
33,5
327,8
228,8
440,4
224,4
372,4
195,7
283,4
179,9
155,3
478,7
414,5
252,3
246,1
211,9
46,4
166,7
391,2
350,2
154,5
271,9
272,1
437,1
143,5
148,7
271,2
89,9
367,9
425,5
129,7
445,2
256,6
213,8
238,6
68,5
271,5
392,6
374,3
440,1
147,9
399,1
115,1
233,4
403,8
281,4
175,9
72,4
262,4
140,7
46,5
455,2
317,3
20,8
420,9
324,3
236,7
329,3
313,5
415,4
219,6
32,2
94,5
35,2
28,5
265,2
8,9
401,6
71,3
212,1
179,9
420,3
491,3
107,2
205,6
325,8
181,1
80,8
240,3
9,3
292,7
262,2
283,9
277,6
393,7
275,4
45,4
149,5
211,6
131,7
224,4
264,6
166,7
34,9
91,8
8,6
279,8
330,9
263,1
4,5
391,5
414,3
125,7
28,9
190,6
242,8
115,9
43,5
299,8
166,2
226,3
370,4
332,2
482,4
86,7
95,1
79,6
349,3
497,2
127,3
141,8
184,7
284,5
425,8
183,7
17,1
139,5
291,4
263,7
260,2
420,6
13,5
63,7
283,2
124,9
283,7
417,6
67,4
186,6
59,6
181,3
51,9
78,5
35,4
237,8
230,5
8,1
70,7
191,1
88,6
73,8
82,8
355,7
491,3
175,2
60,7
46,6
497,1
200,8
119,3
400,9
343,4
66,3
369,1
407,3
140,1
394,4
423,4
331,6
151,8
373,7
185,6
428,1
19,1
454,4
417,9
65,7
58,9
117,2
363,4
382,9
276,9
439,1
165,2
30,3
309,1
217,4
204,2
226,7
417,5
282,7
172,5
265,9
331,2
59,3
235,1
451,9
399,2
168,4
269,3
326,7
485,8
219,7
481,6
386,1
298,2
126,5
188,7
473,9
281,8
51,3
423,3
487,2
405,2
159,7
198,1
368,2
32,5
211,9
2,7
226,4
43,6
109,5
350,9
422,5
269,9
403,4
80,2
430,8
6,9
348,3
340,1
93,7
373,8
492,4
469,3
335,1
96,7
411,9
478,6
74,7
415,8
144,5
436,1
466,4
230,6
190,9
167,4
129,6
257,5
24,8
24,4
140,5
115,6
441,8
189,9
257,6
436,5
341,6
476,2
144,3
331,5
181,3
102,1
160,2
126,7
262,9
248,6
196,8
221,4
120,9
207,2
181,6
67,4
317,1
33,7
299,1
254,8
18,2
124,5
435,2
354,7
317,1
166,2
32,1
466,5
484,4
400,2
488,6
76,8
110,1
498,8
236,4
110,7
349,9
106,7
32,7
80,4
260,3
67,1
134,2
103,6
185,7
300,2
303,9
113,2
449,7
404,5
192,9
225,5
449,5
69,6
327,2
350,3
254,6
196,6
85,3
418,2
294,8
459,2
271,2
85,5
252,5
379,1
495,2
239,1
223,9
221,1
473,6
340,5
204,6
427,9
380,1
393,4
227,2
205,4
430,2
478,5
49,5
151,2
245,1
391,2
461,3
416,1
385,4
159,5
391,1
31,3
188,1
272,5
429,4
89,7
127,5
483,3
332,6
409,7
169,6
109,9
142,1
438,8
475,5
229,7
245,4
93,7
135,5
22,1
142,5
434,4
402,5
78,8
239,7
317,3
289,4
194,6
43,1
138,7
213,7
215,5
104,3
56,5
214,8
255,4
467,1
377,1
366,4
46,6
65,7
193,6
459,7
88,9
282,5
325,9
285,7
313,1
358,9
363,6
310,3
45,7
148,5
373,3
95,4
247,7
49,8
421,7
249,3
362,1
278,4
487,9
381,7
264,2
13,3
11,9
134,5
386,1
260,8
391,8
196,9
274,9
189,7
230,8
73,9
141,4
378,7
459,4
182,1
492,2
172,6
328,9
472,5
333,1
323,5
274,5
76,6
319,2
194,2
62,7
63,7
312,5
152,7
333,8
116,8
65,2
223,9
244,6
428,3
221,7
166,9
10,1
63,4
366,6
192,7
174,2
386,7
197,3
108,8
335,4
18,4
161,6
278,9
342,6
193,6
262,6
299,2
70,5
82,7
416,4
190,5
424,6
71,5
450,5
418,8
223,4
40,4
377,3
373,3
462,6
489,6
196,5
113,3
148,4
260,1
452,2
16,2
70,9
436,8
182,8
124,4
458,1
204,4
186,8
169,7
100,9
287,5
22,4
38,4
483,5
320,6
265,3
39,5
457,7
59,1
281,1
395,2
321,8
260,9
148,9
247,6
8,4
397,2
197,8
330,9
76,2
382,1
154,4
181,4
188,9
471,8
199,7
444,3
350,8
271,5
343,4
370,4
90,2
332,7
326,9
209,7
409,8
176,3
356,6
402,1
18,4
235,6
283,7
15,8
177,2
421,4
283,3
335,3
285,4
9,5
237,7
216,3
271,1
335,3
26,3
331,1
387,3
321,6
29,9
100,6
452,1
74,1
165,1
464,8
388,6
69,2
170,6
499,1
419,7
109,4
251,1
258,8
461,6
258,2
168,1
288,6
367,2
356,8
222,9
125,7
13,7
24,8
373,2
8,4
182,2
299,4
475,3
356,6
99,3
412,6
311,5
349,9
46,9
237,9
213,5
81,9
237,6
363,6
280,6
150,8
144,6
50,1
75,6
382,5
420,1
215,5
421,5
214,6
384,7
398,7
265,4
416,2
457,5
490,6
434,5
165,6
50,2
448,1
27,6
359,3
297,5
486,1
212,6
345,7
459,8
329,9
238,6
420,2
373,8
454,8
41,4
385,7
403,4
477,6
293,2
109,6
137,4
232,8
83,8
173,5
182,2
79,5
219,4
79,2
169,8
387,4
178,8
448,1
443,9
25,6
283,7
180,5
194,1
444,3
128,1
345,1
6,3
471,2
221,2
212,2
188,8
344,6
181,4
196,5
357,7
61,2
335,5
329,3
454,2
122,2
223,8
160,3
319,6
184,9
182,3
68,8
468,2
177,1
493,9
230,4
57,4
128,7
390,5
468,6
446,2
114,1
80,2
3,5
130,5
288,2
238,3
305,7
30,3
376,4
3,9
82,6
31,6
445,6
227,9
22,9
124,9
80,6
352,7
415,9
458,8
368,9
174,2
209,7
372,6
163,6
203,9
274,7
136,7
443,1
249,5
277,3
332,3
92,4
53,5
61,2
216,6
370,4
473,6
23,4
432,5
67,3
360,3
73,3
154,1
134,3
263,4
238,3
257,2
20,3
445,3
489,9
204,9
238,6
195,3
187,3
348,9
438,3
481,7
128,8
348,9
403,2
155,5
28,8
2,2
36,9
426,3
11,9
290,9
450,2
18,7
316,4
497,1
83,4
98,5
11,5
159,2
478,3
174,5
31,9
99,2
138,5
443,4
247,6
374,9
424,6
57,6
487,6
482,7
293,4
413,7
229,1
491,7
485,7
417,8
38,2
4,9
400,3
369,4
202,5
16,8
369,8
394,9
101,5
441,7
335,2
329,4
180,7
313,5
9,2
440,5
375,8
408,5
271,3
327,6
269,4
38,8
323,9
323,5
497,1
374,3
499,4
78,8
73,3
123,2
130,5
498,1
199,9
67,2
431,7
278,7
95,9
332,9
409,2
232,7
107,4
181,8
340,3
68,9
372,1
460,3
192,3
371,5
135,7
186,2
333,5
305,2
73,9
184,5
306,8
270,5
167,5
206,9
188,7
118,6
32,2
458,8
258,4
433,8
164,7
209,5
12,8
32,6
431,7
365,5
303,4
173,1
401,2
272,3
413,1
237,3
493,6
51,7
466,5
150,7
356,5
440,1
319,6
277,3
313,6
172,5
440,5
145,3
40,9
275,8
352,3
222,4
349,6
208,4
66,3
73,7
311,2
143,1
308,3
249,3
183,7
180,3
30,1
296,2
390,1
104,8
392,4
253,5
455,2
475,6
64,2
455,7
82,5
488,8
445,7
460,3
455,4
352,1
486,4
76,8
191,4
347,6
428,9
230,2
320,1
461,2
96,2
186,3
247,1
191,4
377,1
79,2
467,2
315,2
94,9
176,4
458,7
494,5
329,3
146,5
6,4
406,2
141,4
348,4
146,3
359,1
446,4
481,5
442,1
392,6
456,1
414,5
349,6
140,1
137,9
433,6
227,2
134,8
404,1
346,6
148,9
241,4
235,3
328,9
66,9
9,1
14,4
287,9
91,5
85,6
87,7
430,3
241,4
366,5
40,1
40,6
130,5
441,2
300,5
176,7
189,2
156,8
29,5
386,5
210,9
331,8
214,9
59,3
342,1
101,7
348,2
196,4
131,1
171,6
76,3
426,6
429,4
25,2
171,6
274,6
48,7
494,2
67,3
347,3
238,3
244,4
322,2
281,6
245,9
72,7
391,1
275,4
67,4
352,6
29,7
306,6
315,4
82,6
249,3
118,3
286,2
148,1
29,3
275,8
486,2
224,8
342,2
227,9
118,7
11,3
312,7
189,3
490,3
130,3
456,7
453,4
365,3
494,5
143,3
128,8
38,7
394,7
41,2
45,3
98,7
458,2
275,4
36,9
256,6
69,7
40,6
276,8
38,7
110,6
134,8
496,1
357,7
393,8
476,6
345,3
46,4
244,6
435,7
403,1
162,1
16,3
83,1
355,8
197,8
117,2
295,8
103,8
406,7
486,4
443,4
122,9
145,2
156,4
76,8
260,8
470,3
365,5
332,9
172,4
484,9
99,7
57,3
425,1
141,3
291,6
439,5
247,3
359,8
352,6
182,2
210,2
305,9
315,6
82,7
178,6
435,7
365,5
108,4
27,6
491,5
487,5
127,9
473,2
428,9
94,8
392,3
445,3
348,6
388,8
162,2
208,5
379,8
486,1
331,1
141,7
201,9
123,9
71,3
17,2
384,2
259,2
90,4
40,6
239,2
373,3
425,8
459,2
171,5
61,9
340,3
246,8
220,2
141,2
240,5
123,1
246,3
453,8
52,8
203,4
10,5
275,5
71,3
289,5
348,9
486,9
273,1
51,8
76,3
272,8
404,7
422,7
75,3
131,3
267,2
68,7
459,1
465,3
338,5
267,5
165,4
43,6
11,3
58,3
170,6
351,4
125,2
221,8
423,4
279,7
415,4
373,1
55,5
61,4
54,5
112,2
428,3
378,1
52,1
188,8
324,3
308,8
163,7
446,1
115,7
34,6
301,3
149,5
491,2
296,4
1,3
24,9
444,8
449,5
459,2
37,8
476,4
151,9
318,4
423,5
282,9
67,8
323,7
316,4
298,3
31,5
165,1
334,9
492,2
471,1
25,6
214,4
374,5
333,5
238,8
264,8
229,6
33,4
233,5
360,8
224,3
301,9
72,8
430,5
96,3
445,2
402,4
223,5
177,6
163,3
166,7
62,2
289,7
178,4
377,8
300,3
372,7
173,2
203,5
450,5
317,4
22,8
383,5
349,5
273,8
112,1
270,5
316,2
3,7
377,5
74,9
69,8
66,7
387,9
351,9
145,7
28,3
415,5
277,5
478,4
50,6
78,3
116,1
114,8
182,2
410,6
268,3
25,2
382,1
11,3
401,9
212,5
304,7
447,3
334,7
82,5
334,6
378,2
95,1
315,7
111,9
96,1
230,9
11,6
46,5
362,1
355,2
314,5
172,3
400,2
17,5
180,6
413,3
285,1
98,6
164,4
481,7
89,4
420,3
202,5
1,7
290,2
191,9
371,9
29,4
362,4
85,1
221,3
143,4
115,7
447,8
150,3
475,6
293,3
476,1
355,3
157,6
61,9
256,9
95,9
282,8
186,1
283,6
32,8
414,3
377,8
467,5
329,1
459,9
130,6
12,6
378,9
467,8
368,5
283,8
13,3
208,2
294,2
111,1
182,8
292,7
430,1
341,2
17,5
58,7
470,7
288,2
209,1
141,5
133,1
114,5
16,5
452,1
286,6
100,3
477,6
221,1
455,4
366,4
89,7
465,1
103,1
235,4
256,1
165,3
59,1
320,8
200,8
95,3
383,9
322,3
5,5
104,8
117,4
316,5
94,4
226,2
413,3
188,6
308,3
291,3
129,3
17,1
285,8
261,9
76,5
172,4
212,6
433,4
479,9
215,6
38,3
164,7
101,6
249,2
463,8
468,7
77,1
8,9
314,7
131,4
283,4
152,6
107,8
27,2
299,8
329,2
290,6
398,7
285,9
257,8
233,8
185,4
449,6
91,3
441,9
409,6
303,4
278,1
2,9
471,6
123,2
297,7
174,7
392,9
437,5
231,8
395,7
480,2
390,1
30,5
25,3
452,5
280,3
235,1
167,6
302,8
496,3
75,7
277,3
285,6
275,3
494,3
163,5
471,7
334,6
292,9
358,9
392,7
136,3
49,9
370,9
458,9
163,3
249,4
466,9
456,4
403,6
286,5
489,4
196,9
324,2
71,1
204,6
241,8
220,5
114,9
285,8
7,6
324,2
271,4
177,9
321,8
60,1
32,7
16,5
55,8
169,2
240,1
177,7
462,8
461,2
81,3
499,7
227,2
414,7
371,4
311,7
194,4
385,9
119,4
441,5
135,9
299,8
54,8
209,2
443,8
482,9
462,6
449,5
325,2
166,5
354,1
401,3
119,3
386,2
425,2
324,2
224,1
85,4
136,2
223,8
493,9
422,5
13,5
39,1
65,6
316,5
366,3
243,8
490,5
311,9
22,8
37,9
428,6
468,2
5,9
15,4
491,3
26,1
44,1
13,1
151,4
24,4
483,9
315,8
263,2
238,8
211,6
113,1
125,8
199,8
253,5
63,6
490,5
227,2
179,9
310,7
20,9
377,5
271,9
394,8
272,2
66,6
265,8
203,6
431,3
199,4
64,3
183,5
434,1
134,8
133,3
20,8
221,4
492,1
270,4
339,6
349,6
385,3
164,1
250,3
220,3
220,2
309,2
152,4
87,1
2,2
94,4
239,9
297,2
380,6
410,9
421,7
386,1
200,9
129,1
346,3
176,6
277,1
337,9
290,2
337,4
243,8
190,6
320,8
56,9
264,9
328,9
367,3
437,1
4,7
322,1
267,9
485,8
395,1
142,3
54,4
461,6
348,1
225,7
136,5
66,4
167,1
60,2
10,2
356,9
124,5
496,1
103,6
110,9
119,3
432,8
301,7
226,8
380,6
248,5
390,8
428,5
46,3
260,4
250,1
339,4
31,1
374,6
189,4
160,5
67,5
28,2
444,2
331,7
271,9
452,4
96,5
126,4
31,2
240,4
176,1
40,1
412,7
203,7
491,1
174,8
144,8
317,8
426,9
85,2
151,7
199,1
166,2
341,5
200,2
246,2
233,2
266,6
8,1
192,6
169,3
78,3
32,7
498,7
428,1
129,8
19,3
57,1
193,8
313,7
331,2
243,3
297,8
103,9
443,2
249,7
216,3
190,2
105,7
180,5
449,6
106,6
171,4
94,3
69,4
149,7
270,2
158,9
463,7
254,1
383,1
50,8
288,8
56,6
218,7
167,1
23,1
234,8
70,2
309,7
229,2
311,2
471,5
142,9
77,5
339,9
410,5
239,7
220,7
84,6
322,3
331,2
446,6
355,6
19,4
249,3
99,9
61,4
377,3
205,6
441,9
35,1
322,6
347,9
102,7
264,1
422,7
182,8
299,1
390,9
77,9
351,1
336,9
132,4
19,8
434,1
91,4
97,7
467,2
15,6
67,3
248,3
451,3
5,5
133,6
208,5
201,2
353,9
262,3
370,6
79,4
81,4
382,4
493,1
60,9
308,2
87,2
247,7
201,9
384,3
315,1
342,9
149,5
428,2
351,3
5,1
407,4
162,6
187,6
13,9
255,3
247,9
149,8
474,5
416,1
79,8
432,2
289,1
478,4
43,9
266,7
84,7
4,8
109,5
228,7
176,1
403,7
252,8
258,1
338,5
330,8
446,5
350,7
233,6
269,5
352,9
31,2
1,6
30,8
428,7
18,4
267,1
398,5
198,4
227,8
307,1
135,6
265,6
351,7
347,8
87,5
461,6
182,4
399,1
378,1
361,6
429,8
288,7
436,6
441,8
287,6
118,7
482,5
249,3
41,3
216,3
180,3
11,4
75,5
218,7
57,4
12,4
229,8
153,2
391,1
27,3
166,1
419,4
193,3
162,4
115,4
111,4
405,6
155,8
102,3
223,8
497,6
182,1
50,8
298,8
452,5
350,9
152,8
255,5
327,4
459,2
69,1
453,9
332,1
150,5
271,2
216,6
46,3
371,3
144,8
187,5
441,9
85,7
52,8
388,2
56,4
405,4
385,1
8,3
422,7
48,6
175,1
13,6
492,7
230,5
321,9
191,8
221,4
288,8
332,7
159,8
400,7
9,2
437,6
479,7
273,7
212,8
166,1
15,4
347,5
175,2
209,5
293,1
172,7
255,8
437,4
476,4
303,3
299,5
347,1
258,7
417,4
487,1
372,4
31,7
419,8
358,6
23,9
214,5
24,4
180,3
305,8
359,6
312,7
472,2
127,2
77,8
402,4
180,5
302,8
198,4
85,3
345,3
327,1
467,3
97,7
346,4
174,2
1,7
118,5
208,9
152,9
55,1
409,7
58,5
203,8
230,1
2,7
100,1
269,9
185,9
348,3
154,5
463,9
406,3
150,6
417,4
241,3
251,8
211,4
10,2
253,3
346,3
216,8
179,3
324,3
279,9
456,4
154,4
63,7
46,3
305,1
11,9
49,4
48,2
237,4
323,5
319,9
6,3
52,4
74,3
362,4
226,3
17,8
242,9
271,4
463,6
301,6
362,5
320,2
120,8
142,3
337,8
84,6
83,4
450,3
214,5
431,8
44,5
388,3
426,7
217,1
320,4
403,9
192,3
262,1
335,5
251,3
304,2
293,8
447,7
179,6
27,6
61,6
314,8
323,8
53,3
361,9
234,6
99,9
176,4
121,5
225,8
89,4
451,8
204,2
492,6
397,5
20,2
486,8
374,5
482,6
45,2
172,5
73,5
24,1
138,1
420,5
79,2
141,1
76,3
311,2
454,2
398,5
176,3
36,8
257,7
318,7
451,9
135,7
213,5
188,2
197,1
238,9
91,1
9,9
416,6
224,6
194,3
485,9
316,5
38,8
58,9
310,6
248,4
463,2
192,3
302,3
485,2
263,3
477,4
188,8
195,5
31,4
140,8
187,4
279,8
331,3
489,3
463,4
411,1
201,6
493,2
259,4
248,4
75,7
122,8
438,4
229,2
364,2
191,3
412,6
421,9
293,8
357,8
103,1
98,6
469,8
277,2
202,7
477,4
478,1
100,4
277,7
356,7
77,8
355,8
425,5
484,6
43,1
203,4
351,7
436,9
268,9
25,3
164,3
287,1
445,9
208,4
32,6
476,9
464,9
257,8
405,6
281,9
255,2
289,2
172,4
26,2
352,6
81,9
275,8
122,6
146,1
166,4
101,7
447,4
221,8
365,4
371,3
234,7
197,8
491,2
316,5
284,1
247,5
129,6
210,1
173,1
190,5
141,5
345,8
135,1
212,6
223,6
8,2
210,3
431,1
157,1
231,6
212,4
235,9
226,5
445,4
303,4
413,7
72,5
184,3
253,9
153,1
199,3
318,5
353,3
429,3
163,6
376,2
122,4
435,6
320,3
426,8
173,9
166,9
475,8
17,6
327,4
290,7
398,9
411,6
191,3
478,9
398,9
335,2
333,8
407,2
199,5
406,3
283,1
3,9
379,9
201,8
228,4
242,8
190,8
253,8
278,4
273,7
17,7
414,7
26,1
362,6
38,4
468,4
452,6
396,9
480,5
402,8
303,8
248,4
392,9
254,1
48,3
106,2
224,7
254,4
388,3
471,3
353,6
33,5
420,3
76,2
462,5
78,4
98,6
218,5
181,2
223,8
446,9
359,8
341,2
211,5
47,6
14,1
371,8
345,9
261,6
285,6
387,9
157,5
388,4
64,9
499,1
90,8
280,9
370,2
96,5
259,3
298,2
402,7
252,2
345,3
329,4
140,4
420,8
26,8
95,1
16,2
149,1
489,2
1,2
376,5
139,4
310,1
3,3
43,8
417,6
157,1
9,2
176,6
366,9
226,7
185,1
113,7
459,3
291,5
273,6
217,8
407,4
445,6
161,8
136,8
487,4
415,5
486,9
232,1
204,6
33,3
1,8
266,9
88,2
486,1
366,8
157,6
308,5
400,8
111,7
327,8
222,8
238,5
68,3
423,4
336,5
103,2
147,6
484,8
353,8
109,9
195,8
106,3
272,3
495,2
471,5
325,5
59,4
245,6
367,6
359,5
121,5
489,2
3,5
362,9
161,4
31,5
39,2
349,9
471,1
225,4
2,6
273,7
323,2
458,3
370,7
380,3
90,3
33,5
143,4
191,6
98,3
261,3
483,7
263,4
30,1
169,5
321,6
437,7
48,8
482,2
33,3
373,4
222,7
432,1
91,8
377,6
109,5
372,2
368,3
380,8
129,2
219,5
69,1
285,1
90,7
324,5
472,7
131,9
206,5
455,1
415,9
10,5
172,1
444,7
214,4
187,8
118,8
284,2
337,9
181,2
109,4
16,6
380,7
125,1
212,5
111,8
362,8
24,9
352,2
251,2
444,5
496,2
313,8
489,2
303,1
475,9
462,1
342,7
417,3
461,6
35,1
371,3
37,1
86,3
472,7
87,9
213,5
335,7
383,8
382,8
336,3
465,6
308,9
382,9
209,4
192,9
405,8
119,1
273,9
177,2
73,6
253,7
54,7
427,6
219,7
410,6
413,9
360,4
97,6
163,2
286,1
10,6
291,3
318,1
312,4
253,9
330,9
333,7
493,2
370,4
167,2
356,2
111,1
340,1
179,6
206,4
496,9
25,6
442,8
256,2
15,8
445,6
199,3
421,3
175,9
214,6
84,4
67,9
379,4
228,1
34,6
419,2
202,9
392,6
316,3
304,3
475,9
408,6
230,6
309,8
75,9
211,8
130,2
335,6
497,3
484,6
407,7
271,8
138,1
122,2
231,6
83,1
328,1
166,6
320,4
440,5
103,2
456,6
58,6
379,7
138,4
333,6
424,9
460,4
271,1
385,2
201,2
287,2
223,5
46,3
429,3
381,1
486,6
299,6
248,2
71,7
263,7
296,8
373,5
309,3
329,2
266,5
405,2
162,2
343,9
428,1
106,3
135,5
306,1
376,7
362,6
309,1
366,3
356,1
402,2
398,3
300,3
477,4
455,3
253,7
127,1
218,6
16,5
186,3
98,2
151,5
325,7
279,4
4,3
380,5
360,8
114,6
195,3
455,6
5,8
404,3
192,9
162,7
188,6
10,4
218,7
470,4
366,1
133,5
230,3
53,5
52,6
121,7
152,5
350,6
476,9
217,8
408,6
88,6
247,5
79,4
224,9
178,5
450,1
129,4
285,5
90,1
402,3
343,5
213,5
90,6
389,5
52,7
257,2
476,9
99,6
448,3
51,9
161,9
55,2
381,9
207,2
384,3
458,7
458,7
9,8
142,9
160,6
438,2
137,1
330,7
64,1
192,4
364,5
375,1
437,4
14,4
124,5
371,2
86,7
208,9
235,7
469,7
13,3
7,3
391,7
101,5
391,8
271,2
382,9
83,3
320,4
77,2
306,9
227,9
493,3
296,5
95,2
85,3
172,2
331,7
32,9
493,9
210,3
150,5
434,9
441,3
485,1
432,5
227,3
448,2
486,7
462,5
30,6
259,2
58,6
145,9
172,8
191,5
460,2
147,9
420,3
153,7
273,7
254,2
120,1
493,3
206,4
488,4
77,1
184,8
187,3
480,5
222,2
22,5
144,6
120,3
212,8
195,8
491,4
353,4
224,1
153,9
212,5
141,9
313,9
16,9
118,1
207,9
273,7
102,3
286,9
410,5
105,4
115,6
295,4
453,3
81,1
202,3
443,7
441,5
209,6
217,9
256,7
223,3
392,1
255,3
441,5
287,7
91,6
299,7
489,9
300,2
179,4
153,1
334,9
135,8
120,7
127,3
149,4
121,3
465,2
32,9
449,7
133,3
448,6
145,5
111,9
142,5
327,5
448,7
290,2
204,4
171,8
33,9
47,2
8,6
445,7
380,6
73,2
258,4
116,1
296,6
186,1
142,6
316,7
20,8
401,4
283,7
450,4
260,2
449,3
59,7
382,8
307,6
191,5
433,6
91,6
167,4
409,1
195,8
346,1
356,9
338,6
32,4
472,2
130,3
406,5
112,6
192,9
83,5
213,5
475,9
279,4
119,3
476,7
173,1
252,9
466,7
367,9
95,4
228,5
310,5
146,8
437,7
485,3
485,7
36,4
442,9
3,9
250,7
379,6
421,5
434,1
246,8
107,9
429,2
86,4
74,4
116,6
160,7
330,6
462,6
424,1
149,5
378,8
395,9
56,2
390,8
447,3
257,2
62,9
397,6
311,9
449,1
76,7
490,2
242,1
60,3
107,9
256,4
157,1
54,9
362,1
7,1
236,2
141,7
245,6
311,9
415,2
219,4
445,8
53,6
350,8
224,8
183,5
490,3
379,7
269,6
81,5
402,2
279,1
131,8
162,8
373,4
205,2
366,5
13,7
93,6
113,9
175,3
116,7
72,3
498,9
401,5
314,8
273,4
277,2
225,1
476,7
42,3
320,7
490,4
217,2
276,7
424,8
90,7
335,4
438,8
163,8
179,9
458,1
339,8
315,6
149,8
124,7
493,6
95,5
82,7
435,9
133,6
14,5
24,4
80,2
406,4
336,9
180,3
100,3
211,8
232,6
62,2
66,5
177,5
121,2
28,4
362,9
231,6
193,9
169,2
418,8
240,1
446,7
301,8
482,5
407,6
371,1
385,2
63,5
323,7
138,9
110,5
401,7
327,5
78,2
251,1
212,3
69,3
77,5
187,8
42,6
371,8
213,7
400,4
271,5
307,2
351,2
328,9
163,9
218,9
300,2
466,2
226,9
