idPelicula,idGuionista
399,263
420,434
143,472
443,462
250,284
204,281
344,408
265,359
397,485
86,274
234,361
56,21
480,270
278,257
17,364
344,490
122,390
119,126
381,432
444,330
288,143
460,489
105,420
137,334
244,55
71,67
162,338
178,73
492,112
404,119
423,192
144,243
202,175
7,13
122,445
38,307
203,183
232,260
428,434
84,161
113,413
396,423
117,222
402,18
340,369
418,423
63,48
166,282
389,195
10,220
156,312
232,362
296,2
325,493
139,8
89,421
88,152
452,269
19,25
60,44
357,235
197,90
25,162
156,478
18,43
436,150
325,192
259,419
390,10
248,318
454,16
178,112
351,292
287,455
423,456
423,121
47,342
485,184
206,171
349,341
1,138
133,151
383,85
128,108
209,458
311,467
145,242
215,206
246,415
138,434
263,396
327,395
96,154
332,161
387,97
485,246
131,170
128,327
87,463
360,424
294,140
40,4
410,189
41,468
131,5
187,3
259,424
232,268
301,295
333,334
290,155
67,91
39,436
227,101
451,223
77,166
7,367
117,101
388,486
314,85
469,270
10,117
401,170
296,103
141,278
131,200
464,421
242,200
487,88
322,418
461,151
333,447
115,449
205,473
141,10
287,27
116,306
246,179
498,3
25,172
225,84
280,136
122,9
368,226
450,420
172,441
343,301
278,473
260,374
373,331
374,23
474,354
434,23
126,240
329,281
454,498
476,172
489,63
245,111
241,253
223,116
87,173
154,194
194,193
420,413
490,37
49,61
63,138
108,311
72,157
101,163
371,124
416,208
445,268
160,232
373,426
42,238
62,165
25,200
440,47
70,66
29,249
85,356
62,23
445,483
320,405
129,491
128,272
443,351
125,237
448,104
384,187
74,351
64,454
39,133
460,336
203,385
234,432
271,406
485,368
468,278
16,372
432,382
59,285
382,322
74,364
209,48
12,288
67,366
221,150
234,484
26,373
231,29
492,256
372,22
79,88
351,23
45,453
424,237
326,252
444,277
223,58
359,497
471,429
159,195
40,449
83,259
340,122
294,357
180,353
312,339
360,423
212,73
442,331
393,17
360,64
385,84
484,436
279,342
484,97
274,172
309,260
91,124
390,109
446,377
161,270
116,11
352,186
319,436
261,261
409,407
468,497
466,475
51,446
41,151
480,413
153,269
196,443
455,169
293,375
161,246
329,272
35,260
432,491
458,370
96,494
68,150
20,399
291,292
272,384
328,171
440,51
194,22
305,485
326,404
4,341
346,437
166,319
225,214
477,497
478,150
135,477
441,264
212,58
262,243
108,175
103,255
277,263
152,99
25,417
25,25
127,126
363,94
393,255
56,55
497,264
448,370
240,442
433,122
90,188
354,51
182,73
345,275
49,252
215,266
239,283
10,493
121,245
185,372
400,36
406,185
482,333
362,345
352,96
134,352
126,348
83,142
53,471
191,118
388,453
53,288
461,165
12,343
223,106
155,187
287,238
399,4
134,94
125,264
172,425
374,5
440,274
152,100
365,60
232,243
195,53
458,253
487,332
349,381
314,297
429,169
367,482
444,187
484,106
310,308
349,81
488,49
381,462
143,438
165,192
165,185
261,16
253,148
358,108
293,214
33,438
444,232
157,229
222,399
233,324
316,464
74,232
490,105
94,153
8,37
475,116
76,32
480,51
162,105
482,249
206,272
472,93
256,212
421,16
186,122
21,494
271,220
39,192
244,309
187,183
243,224
304,491
295,226
444,32
238,265
18,22
104,448
305,375
336,354
474,455
464,246
221,359
61,487
424,79
492,264
45,286
89,430
184,37
133,215
403,425
129,71
408,131
79,235
342,91
273,244
295,4
424,3
373,399
367,427
379,218
40,236
467,376
58,194
193,263
156,122
19,264
208,234
405,98
72,156
289,201
66,137
360,223
355,315
377,258
346,117
445,377
409,465
192,371
231,464
19,144
68,153
291,381
456,319
205,204
214,184
186,373
110,313
413,11
97,232
273,454
55,215
179,336
473,215
130,206
412,255
431,489
166,433
253,272
428,443
64,499
335,340
428,219
318,420
326,452
70,125
482,208
241,278
94,473
415,360
265,169
32,444
456,45
34,412
376,48
194,65
325,383
33,442
249,441
227,92
260,2
81,284
29,167
38,212
107,117
134,57
409,362
454,393
282,3
258,209
238,33
11,409
440,373
50,220
323,55
84,217
1,357
245,483
382,367
112,378
369,162
13,42
190,143
338,466
225,234
472,409
362,183
459,420
122,132
177,383
192,443
395,355
370,70
465,47
330,74
443,297
34,194
386,254
303,311
23,151
170,346
188,369
106,194
307,196
428,337
453,13
466,304
19,354
142,318
172,181
283,218
327,407
74,438
403,392
429,238
144,31
92,442
488,107
270,236
27,287
64,59
353,84
470,40
80,121
391,236
266,476
395,16
215,26
151,390
388,350
151,464
364,258
85,162
80,461
462,440
414,463
67,219
457,445
490,152
304,27
116,106
127,61
185,306
240,107
129,484
128,449
311,293
66,116
408,56
471,17
307,40
311,445
422,103
225,292
41,219
470,273
452,100
418,234
352,8
276,231
385,449
20,354
229,105
363,202
430,90
334,452
75,294
106,491
162,412
49,287
398,73
19,394
125,165
368,316
490,452
89,203
317,341
128,338
274,58
237,389
428,493
346,266
66,445
473,167
237,446
483,227
337,310
492,134
7,124
351,471
299,349
458,321
198,455
458,325
168,422
48,183
410,396
464,405
445,287
104,273
361,196
50,439
181,20
234,259
334,344
221,151
266,402
343,343
97,324
265,12
368,473
75,289
370,245
143,279
316,405
2,200
99,409
407,166
98,497
65,281
411,169
199,188
327,298
397,44
194,413
265,132
167,347
252,370
25,164
98,215
346,48
466,363
1,468
93,209
444,428
286,497
177,103
189,291
470,35
297,469
72,291
392,167
46,80
108,383
449,240
101,286
259,345
79,361
340,138
145,246
332,57
3,262
282,311
425,203
398,16
301,105
120,8
412,131
407,47
450,115
314,193
7,410
458,398
435,472
499,223
13,173
59,46
111,101
73,248
189,41
227,364
258,245
491,311
307,346
284,492
106,85
315,454
25,170
232,146
484,175
348,463
346,165
397,420
139,127
443,203
455,172
393,233
426,148
25,426
476,238
45,269
353,388
212,223
489,130
289,13
365,124
42,415
378,18
251,217
283,407
302,458
173,212
201,54
167,157
151,133
190,4
68,366
257,118
380,50
76,306
332,160
203,230
450,220
121,386
288,470
470,362
477,179
283,347
303,197
334,77
150,77
397,9
179,459
59,192
113,306
285,469
159,169
356,273
213,401
22,199
293,249
205,121
483,74
279,48
267,55
132,270
497,100
288,335
294,34
179,203
347,496
209,355
434,26
469,328
247,489
102,46
424,42
33,176
13,317
494,111
495,168
225,231
341,235
444,450
208,363
50,80
401,221
414,184
184,355
45,6
302,297
158,292
406,30
413,101
397,300
354,390
273,490
62,262
268,437
58,260
43,446
88,70
245,288
182,437
78,380
134,146
263,363
468,176
464,4
44,185
241,254
8,154
296,34
198,127
491,197
254,142
14,88
281,310
362,350
267,13
439,167
18,213
303,274
84,437
392,189
83,438
88,344
307,5
234,265
476,278
441,234
291,90
286,241
369,370
452,136
460,37
446,430
153,278
468,331
146,470
205,319
2,149
203,219
386,132
362,51
255,65
499,108
14,264
346,392
385,392
64,229
451,386
291,50
287,297
110,352
337,370
393,7
432,395
64,278
1,427
435,48
180,398
215,141
81,330
276,317
283,484
482,202
357,82
321,203
44,201
233,274
313,325
430,187
330,404
109,343
495,83
382,47
223,464
352,51
17,477
182,208
304,441
79,268
280,216
35,114
141,127
402,369
77,189
480,286
200,390
154,24
319,485
449,318
478,291
43,462
62,62
467,104
333,153
75,354
45,353
278,118
90,15
110,226
480,128
475,384
458,448
199,66
136,193
408,251
15,411
65,243
126,389
488,12
329,465
69,405
43,143
224,488
454,1
323,287
62,2
310,183
474,212
145,299
99,105
116,486
470,312
214,16
230,69
411,54
29,309
467,216
392,412
105,449
264,171
364,338
239,496
11,441
213,76
231,224
249,444
29,450
238,316
170,105
470,113
329,435
388,410
357,81
467,196
56,382
487,25
498,130
134,112
493,293
393,344
341,491
273,440
41,403
43,324
123,150
20,346
165,252
363,291
207,195
325,60
306,79
276,43
23,276
118,182
50,496
179,316
262,86
483,133
334,377
104,388
326,474
454,211
341,253
85,189
25,41
489,291
54,262
6,474
133,87
103,279
413,200
436,465
2,494
365,49
176,83
9,256
443,215
274,92
390,393
403,198
373,31
476,324
196,430
255,423
92,187
364,255
28,96
11,357
161,311
378,431
395,248
38,192
255,263
433,306
88,216
321,416
96,468
389,291
96,358
416,334
398,68
64,53
251,212
55,322
92,306
208,369
286,31
360,413
98,53
480,385
396,201
341,55
278,60
181,471
214,81
169,487
406,426
63,318
279,81
159,352
381,449
177,298
415,272
357,266
377,163
53,315
241,79
6,171
79,272
145,150
283,199
483,229
115,426
301,74
418,380
90,94
271,129
193,427
157,55
292,78
142,156
126,207
433,25
151,253
208,161
338,174
65,369
177,94
385,91
230,44
278,389
277,264
215,129
299,214
143,200
395,213
216,199
282,50
99,498
355,339
341,104
445,183
165,146
206,120
479,251
445,137
3,118
246,141
494,116
448,403
45,366
236,401
251,122
338,222
339,77
48,490
492,331
297,145
253,140
204,410
119,394
60,405
11,141
327,352
438,231
337,134
347,294
380,69
426,205
425,264
32,173
173,194
175,20
305,132
194,234
195,67
446,270
246,412
412,99
52,439
262,310
198,99
218,250
278,244
27,155
253,329
318,73
227,129
341,208
57,8
486,286
44,24
197,51
112,236
352,340
331,212
429,292
278,224
348,335
482,389
335,381
492,477
157,169
343,108
359,160
188,361
222,76
444,372
288,336
110,213
34,124
481,287
291,60
112,452
44,217
202,305
360,446
400,326
180,364
306,482
494,360
314,1
242,273
255,18
486,121
478,420
390,310
98,446
383,50
179,125
313,25
108,416
117,131
309,259
130,180
23,228
223,345
136,322
257,314
476,366
240,383
297,277
458,169
472,142
311,49
338,312
174,110
266,416
242,47
194,20
117,342
200,438
357,62
375,216
189,242
56,237
288,276
480,401
34,151
29,51
2,474
216,230
73,167
399,141
106,356
397,74
431,357
43,404
150,343
265,207
151,38
419,189
436,13
207,269
365,76
478,334
72,145
263,143
147,161
312,279
38,183
479,320
14,57
283,475
163,489
214,271
256,190
2,312
362,142
425,497
306,396
11,162
326,473
273,71
45,91
81,176
404,477
213,123
354,248
315,193
185,127
20,412
75,360
188,323
312,192
50,190
28,61
324,385
110,265
176,261
38,395
135,317
332,293
174,30
463,203
136,279
386,206
281,300
454,260
85,155
191,66
290,426
25,441
124,72
421,249
284,389
10,2
154,4
74,412
46,234
210,371
232,378
53,321
185,11
46,228
364,310
75,74
14,401
238,482
148,295
292,75
182,164
19,64
487,247
50,154
452,165
403,292
25,131
300,32
40,318
484,359
365,222
190,479
194,259
259,51
463,8
78,437
435,367
314,483
499,313
305,410
124,28
146,312
43,414
263,188
388,118
313,428
56,82
302,455
163,31
156,448
442,240
235,230
488,365
91,67
96,146
344,236
343,259
433,341
330,272
464,471
482,127
129,233
210,24
186,13
253,385
160,363
75,19
96,432
92,227
230,86
334,488
107,414
254,3
82,413
310,15
65,67
421,245
68,104
256,27
234,20
42,482
389,240
390,105
199,176
104,301
146,52
203,60
480,136
272,372
273,245
92,188
459,400
57,98
482,476
175,11
369,195
342,207
5,364
280,17
400,324
136,482
411,209
184,12
365,73
284,469
254,264
391,125
197,233
128,105
174,451
69,100
415,252
323,258
337,393
323,423
335,230
328,451
457,173
439,262
410,275
279,436
66,186
304,469
237,295
377,236
9,95
114,455
328,189
313,349
212,209
407,426
1,32
63,97
114,61
110,321
117,64
451,154
477,338
489,57
433,112
338,66
458,41
493,241
349,396
326,373
187,308
453,275
121,267
225,413
276,428
10,458
415,197
51,171
175,474
186,178
411,178
94,407
248,181
223,328
376,44
419,312
152,35
345,323
111,381
303,239
357,50
392,75
319,293
369,37
9,122
462,163
350,35
262,291
142,250
217,225
210,195
201,432
433,121
216,228
123,412
169,206
394,136
180,210
308,353
356,446
373,69
47,363
485,471
241,125
279,426
422,290
373,473
459,178
341,341
142,133
53,477
93,222
244,83
293,356
331,45
283,265
99,221
277,497
493,447
401,420
252,168
478,1
493,200
192,153
236,225
390,141
289,215
261,103
234,131
468,58
427,268
137,155
71,96
217,356
463,28
221,444
245,275
234,190
432,90
421,352
9,371
311,213
47,264
160,408
380,309
25,176
367,264
250,262
27,311
214,324
331,390
300,276
180,241
145,471
187,149
357,44
93,17
425,374
337,289
84,24
311,150
466,194
280,31
304,292
411,84
363,259
152,216
202,208
190,420
428,42
9,48
222,72
304,279
140,186
391,445
213,98
11,36
25,329
352,229
415,190
459,444
437,47
234,295
248,385
429,358
499,404
443,94
3,99
373,91
139,433
242,296
490,173
418,152
197,491
447,208
49,480
110,472
244,470
269,149
275,279
29,499
360,327
392,142
128,110
163,194
212,479
248,98
212,211
156,96
348,383
140,82
31,495
149,401
442,487
122,186
347,110
49,409
473,236
239,241
389,222
61,346
76,26
221,425
417,385
214,294
411,152
72,432
75,178
21,259
71,25
47,221
55,46
88,140
490,475
166,352
7,64
412,136
223,2
354,90
158,15
199,323
292,431
476,26
323,299
97,453
3,277
34,266
72,81
139,168
305,93
258,112
327,220
258,122
459,303
174,253
372,457
197,287
224,279
148,256
80,122
60,392
277,151
241,180
121,481
372,267
92,42
30,226
495,338
75,192
172,486
205,433
394,491
37,46
34,154
442,20
441,92
377,169
216,84
372,258
354,285
131,251
262,496
95,280
237,486
369,55
404,433
400,498
234,415
240,393
123,33
351,78
259,213
254,165
116,165
18,172
64,66
399,225
28,497
286,189
380,4
319,181
101,178
419,188
13,146
26,108
96,342
302,311
370,274
362,484
134,406
122,88
102,262
447,353
2,270
135,142
18,69
73,73
157,21
76,191
39,359
338,144
193,498
368,365
83,72
53,57
178,241
346,23
376,412
186,420
35,367
163,381
360,350
175,47
286,391
412,345
449,93
161,203
373,346
390,365
108,88
258,405
373,159
211,311
390,369
357,467
438,381
349,52
371,193
205,457
107,427
76,237
336,13
16,464
101,140
380,168
59,256
275,152
37,469
459,421
75,362
252,345
449,439
296,321
295,77
318,13
394,243
133,248
455,378
478,440
442,133
441,453
365,110
287,163
380,496
444,392
216,130
380,52
293,326
494,20
127,131
139,303
373,49
299,160
181,4
254,232
360,242
463,389
109,188
59,490
317,223
476,209
26,37
255,271
155,54
169,187
460,43
143,476
311,28
347,385
85,476
204,344
230,317
258,276
491,250
240,230
346,28
277,400
456,268
38,343
68,17
18,332
332,168
372,222
456,195
302,467
376,41
300,483
299,483
447,185
439,301
114,149
388,447
384,324
309,160
481,93
71,62
290,246
388,480
377,406
181,483
7,335
226,51
244,452
93,299
228,41
455,300
168,364
407,316
75,383
142,495
227,208
201,264
186,212
98,90
268,105
169,224
40,320
309,240
166,37
409,107
267,144
415,399
37,129
348,413
302,294
30,255
418,361
242,107
63,276
240,3
263,24
381,497
104,314
455,333
487,299
424,377
195,99
438,382
70,172
495,186
380,341
156,342
493,499
41,210
8,78
166,86
322,408
451,328
261,288
200,62
370,405
217,423
493,219
357,28
205,497
7,268
23,439
149,87
243,51
274,315
322,330
369,131
64,467
115,228
191,34
93,127
344,56
135,106
34,346
395,288
73,196
139,45
96,313
408,408
51,149
310,179
242,103
51,216
77,328
483,392
214,393
88,220
485,85
171,314
306,330
102,82
182,471
320,286
490,424
307,478
498,163
439,292
345,298
195,486
423,467
292,286
393,270
2,137
434,379
213,34
282,51
39,90
244,304
52,464
253,368
133,317
479,231
376,274
125,102
156,30
107,487
171,98
247,350
64,11
436,160
437,431
455,161
385,356
66,371
362,452
22,373
249,314
144,27
43,159
407,271
135,188
161,135
261,382
34,64
283,195
287,159
361,441
467,343
188,298
314,357
392,26
85,34
454,147
192,62
364,401
69,203
214,114
205,287
116,179
386,257
188,327
9,412
134,495
369,456
323,375
98,472
167,325
101,472
12,156
42,163
369,41
427,449
199,150
352,239
358,207
263,83
280,292
31,9
89,293
356,34
296,409
306,110
449,212
170,30
172,381
312,128
314,35
474,200
277,453
161,354
207,290
96,450
37,231
170,26
362,24
447,304
324,219
176,108
129,95
467,93
209,74
81,465
366,129
187,104
294,161
362,439
281,29
299,129
196,349
20,103
88,5
69,127
473,485
374,462
219,398
251,22
433,149
40,235
474,391
293,42
264,231
198,194
214,112
482,164
452,64
8,267
121,351
283,267
231,192
155,400
414,469
398,386
426,229
66,350
438,204
208,308
483,425
291,494
375,421
218,83
211,486
190,350
316,429
430,326
158,333
247,468
173,245
155,451
343,324
233,163
100,457
321,214
211,447
446,443
52,346
436,376
56,326
225,313
25,327
367,179
13,359
291,335
300,306
15,14
418,73
1,304
207,322
90,440
312,340
38,405
51,224
62,479
222,229
332,30
129,164
270,31
197,149
154,255
219,49
129,219
331,306
229,156
15,352
483,72
143,325
112,164
84,473
320,240
71,493
149,13
105,405
154,118
2,227
45,10
157,328
194,253
406,129
496,339
179,147
422,361
89,262
187,289
195,183
237,392
475,445
485,232
137,462
23,169
288,458
189,156
118,32
484,230
171,37
326,190
391,31
148,118
465,8
133,53
308,122
114,228
403,299
234,219
495,295
336,38
143,167
277,487
108,169
433,484
240,132
477,458
192,422
386,157
355,451
111,368
378,357
306,28
281,336
213,301
298,172
199,348
51,277
387,259
43,100
231,255
52,277
411,11
58,123
264,157
23,431
339,260
413,469
149,214
119,185
307,21
140,106
188,488
140,84
204,72
346,372
30,133
127,120
484,170
313,10
234,202
172,65
20,75
404,60
329,110
20,341
297,245
162,484
145,387
491,239
296,49
255,67
488,315
283,106
497,86
7,202
232,74
215,381
93,58
146,87
304,386
353,334
7,473
379,402
372,165
43,308
374,288
22,213
260,164
467,406
418,420
439,166
419,482
267,46
382,239
187,499
377,69
1,152
70,133
437,291
269,182
105,78
268,490
359,11
31,449
168,77
118,262
225,468
319,272
113,245
232,15
134,55
480,179
227,167
391,411
383,174
463,132
104,45
184,87
420,55
389,368
152,145
173,334
300,470
117,170
146,85
16,41
246,233
370,309
30,21
281,257
203,39
192,217
211,292
418,10
235,48
68,221
226,105
368,42
137,171
425,110
248,427
354,346
245,207
487,161
332,345
436,362
272,152
287,438
350,452
329,40
463,269
455,400
34,441
4,22
447,236
189,42
147,111
335,77
482,59
366,13
491,247
330,114
311,79
79,66
22,246
162,294
114,389
478,124
99,300
12,6
47,368
43,53
112,5
314,37
226,436
327,115
383,381
1,430
106,64
404,197
145,251
57,14
365,499
474,475
444,456
476,179
486,376
318,137
383,347
326,142
453,279
456,220
254,325
487,380
456,109
68,174
174,379
37,374
183,40
326,415
213,407
129,207
97,54
149,152
233,278
277,231
282,84
434,140
311,180
359,378
478,465
414,278
387,106
61,134
46,357
367,77
346,223
435,199
366,109
213,395
395,256
363,294
101,314
405,295
444,152
311,235
258,482
58,156
46,121
65,252
119,157
101,423
197,203
251,495
30,339
155,155
316,85
68,483
244,67
414,9
346,167
126,181
166,206
433,462
249,336
270,478
174,106
119,437
404,113
53,180
224,424
135,151
198,61
136,46
483,79
438,192
455,317
286,458
347,226
245,467
428,382
255,179
210,331
17,299
3,307
446,439
434,50
306,227
395,183
332,13
404,133
58,12
96,201
186,384
323,174
221,399
301,21
239,252
154,469
304,463
413,328
405,403
352,240
71,361
141,213
171,450
113,384
17,468
208,96
267,69
113,291
324,44
349,255
462,304
305,496
194,213
241,198
87,51
58,285
178,345
315,436
399,423
306,395
55,295
300,140
474,465
163,301
341,364
197,299
126,474
212,322
338,142
234,373
20,208
47,343
383,398
399,343
192,339
139,305
472,286
327,62
52,18
51,156
464,260
405,30
135,320
22,280
34,80
418,485
114,139
6,351
186,66
114,439
20,426
36,36
192,111
486,395
58,9
357,147
498,278
251,174
415,156
372,143
79,269
449,43
91,202
467,219
145,213
344,304
72,217
245,428
329,225
376,219
366,114
105,71
421,244
324,411
138,465
231,159
348,5
266,468
42,73
12,301
405,88
307,452
177,99
106,153
492,70
164,237
381,109
113,374
280,103
61,477
71,346
267,175
159,438
27,334
37,158
43,188
243,165
437,241
176,82
3,163
152,166
420,358
328,178
464,114
316,412
89,163
498,38
166,22
172,254
275,149
309,367
293,436
307,160
225,339
63,35
269,385
5,277
60,417
139,397
133,292
463,328
126,280
165,215
261,231
14,114
191,98
348,195
322,117
192,303
172,417
302,19
101,386
90,365
260,70
78,243
446,182
238,216
115,40
294,199
68,414
354,443
445,54
290,69
98,381
346,102
81,212
17,460
298,165
3,45
18,209
140,13
210,20
293,69
375,48
341,402
250,310
96,181
167,239
94,155
303,362
100,246
133,376
35,364
404,441
159,57
18,251
259,436
400,284
43,73
244,134
424,394
99,396
72,497
279,358
397,392
94,459
428,329
39,243
97,282
481,72
369,472
137,59
392,380
494,164
252,364
55,289
145,124
218,68
22,37
115,308
487,117
202,367
100,170
310,292
159,40
310,166
331,383
432,212
171,491
248,249
127,291
100,418
107,263
111,182
481,483
285,379
297,42
52,159
299,259
299,310
199,303
412,479
305,164
89,278
143,4
339,17
437,173
193,352
126,425
211,42
367,445
124,430
148,34
209,486
98,445
364,326
231,278
97,473
89,140
136,269
272,340
99,216
248,140
478,219
3,395
153,321
213,243
482,307
72,343
6,7
99,228
203,207
75,476
6,413
245,434
55,14
318,387
382,139
168,204
253,158
139,301
194,241
336,462
403,64
460,460
359,438
271,219
33,273
168,354
284,109
453,405
449,375
86,460
233,15
162,452
346,2
110,482
178,72
119,493
222,60
422,499
310,127
145,491
257,404
482,361
176,202
52,30
105,246
443,464
217,308
414,157
124,30
468,470
485,111
302,9
406,196
152,86
58,247
166,385
117,33
418,367
87,287
188,98
16,480
403,481
379,376
391,262
412,470
498,470
433,309
96,255
434,355
447,38
170,88
370,296
427,16
70,469
73,222
465,251
366,31
404,117
49,120
391,387
313,489
446,42
379,334
15,117
223,192
187,27
94,427
105,423
410,183
181,81
25,277
48,367
324,132
332,361
93,432
120,468
65,69
238,292
5,309
152,451
36,332
338,195
417,82
130,133
443,78
427,70
224,259
379,159
124,182
127,263
303,297
322,111
344,341
60,320
458,10
169,82
376,142
160,488
475,28
487,349
92,370
474,139
52,292
36,169
95,217
416,411
99,214
151,257
395,200
80,195
96,47
365,178
444,335
35,240
58,112
467,329
32,276
34,496
177,453
213,469
355,340
39,291
379,132
361,130
241,494
298,376
66,313
360,96
73,382
351,466
404,59
162,388
438,205
139,213
246,176
267,80
339,356
238,72
1,149
377,166
245,475
218,28
479,15
451,329
498,245
362,461
303,343
297,171
292,232
156,172
52,251
254,16
28,252
280,484
380,371
404,159
69,494
96,364
273,378
431,220
68,106
109,333
321,179
417,226
452,447
132,253
426,28
454,24
234,241
67,334
207,116
420,297
230,488
180,488
235,437
196,382
180,420
298,50
49,136
351,245
42,330
471,474
34,147
355,24
444,220
74,252
96,237
440,147
446,100
195,409
233,280
36,349
80,387
61,288
447,414
167,67
136,143
398,19
150,400
408,179
264,246
385,302
482,334
101,365
357,479
430,405
468,248
190,363
370,243
186,229
55,350
148,312
191,189
83,458
207,166
386,425
310,345
243,438
441,75
29,80
239,146
294,233
42,279
233,203
271,277
469,414
162,2
14,375
412,33
245,86
376,1
271,454
344,230
308,54
94,482
401,313
269,187
435,200
334,39
394,108
418,290
296,48
455,257
189,94
349,6
477,258
306,302
352,132
357,344
200,90
36,78
314,210
286,70
76,282
70,450
104,450
172,182
209,269
159,227
171,91
300,247
495,61
491,108
443,133
227,451
139,449
8,409
78,149
77,66
406,418
182,404
88,407
163,78
392,435
222,311
458,53
302,86
312,26
156,416
351,200
399,150
426,137
124,191
394,36
33,447
190,206
275,139
46,67
468,67
167,8
301,232
27,118
323,8
432,107
126,294
379,89
271,36
76,264
104,20
124,346
464,253
379,406
351,89
302,204
145,330
178,259
396,356
146,485
451,73
345,102
380,444
129,47
326,4
400,162
212,467
381,73
452,215
305,464
262,108
280,181
243,161
229,322
90,211
166,468
437,442
243,445
236,298
458,28
319,366
329,367
56,89
394,414
498,331
227,391
425,64
186,378
260,7
423,11
211,356
454,240
169,407
375,262
275,141
341,139
163,35
193,404
201,178
27,161
153,386
400,33
468,383
226,50
9,305
487,94
329,10
129,271
95,479
66,414
14,461
259,435
441,34
167,489
48,354
249,294
82,95
323,131
422,434
438,354
185,360
193,243
39,319
15,38
8,230
348,172
4,284
352,218
221,480
340,157
430,232
181,69
213,284
402,65
190,370
445,479
3,370
195,110
177,227
316,73
256,213
413,326
233,37
468,201
4,93
13,482
269,340
37,239
306,24
470,348
396,173
134,269
68,376
284,239
175,113
211,488
52,160
231,316
332,95
45,450
496,359
439,39
237,442
342,219
396,189
253,256
94,209
304,230
409,257
97,61
13,340
406,444
98,374
177,351
368,99
77,240
444,176
371,396
464,411
82,26
257,125
312,187
443,333
325,408
323,135
189,51
197,141
471,42
15,209
352,188
77,119
144,265
289,334
149,400
489,20
51,142
311,76
292,6
295,491
426,362
189,126
139,72
291,210
229,67
143,306
319,447
455,188
159,58
231,48
270,76
132,473
407,80
192,312
283,263
121,373
10,30
118,325
144,244
139,447
435,292
229,477
238,454
202,239
414,292
177,426
456,337
288,50
121,447
295,268
258,267
48,38
414,450
127,39
324,314
76,362
356,212
490,114
497,193
25,313
308,88
473,83
214,120
384,170
460,49
293,336
156,243
188,108
184,417
167,482
146,239
105,462
338,255
41,360
148,12
307,99
279,181
5,77
86,310
92,427
229,193
104,374
184,130
404,23
240,181
42,56
344,340
178,292
214,337
299,104
490,87
428,471
189,77
420,261
18,241
85,190
498,200
162,226
385,149
162,210
197,430
266,456
53,319
393,382
171,233
67,313
243,499
283,493
480,41
33,26
307,407
30,452
343,318
191,156
216,373
110,382
488,265
283,13
23,336
159,436
89,55
416,285
241,412
21,39
124,234
351,150
437,312
413,46
446,308
25,250
91,452
50,431
432,485
260,451
376,92
224,447
305,374
266,405
416,274
400,400
253,401
146,333
80,444
34,364
391,179
413,128
265,419
279,464
192,475
471,57
367,161
14,175
471,2
294,400
423,184
432,251
329,111
58,216
116,393
224,326
336,231
188,341
328,385
40,460
260,95
148,421
398,450
115,422
134,454
35,183
348,387
108,412
367,331
79,219
276,61
345,127
278,5
287,254
108,266
230,301
322,85
254,26
46,407
432,359
384,144
254,368
186,407
433,375
155,90
32,230
230,46
356,455
48,57
91,376
211,210
75,467
481,154
8,223
283,461
229,118
431,4
410,14
271,418
356,215
462,59
371,200
336,101
496,323
222,37
85,165
197,151
42,395
176,51
342,489
399,84
386,346
40,145
344,41
150,286
227,240
155,77
463,140
455,406
237,225
75,54
480,14
453,380
126,84
434,176
30,17
99,329
63,272
452,213
316,380
29,466
473,1
165,165
299,40
55,93
496,271
85,96
386,39
280,463
237,310
336,368
121,420
52,194
421,2
142,456
1,83
422,307
314,98
295,20
163,36
392,382
332,201
386,63
137,290
418,251
37,213
98,407
116,419
141,152
125,380
71,64
164,225
238,299
363,111
245,236
390,188
407,158
208,303
99,424
409,355
164,242
249,320
219,353
221,303
411,402
446,452
90,267
268,123
418,406
96,17
467,365
118,487
471,428
274,247
459,183
384,90
402,295
126,236
436,298
9,51
367,90
94,59
123,306
375,487
348,189
454,80
137,423
197,185
374,407
119,99
108,358
75,340
44,479
304,18
146,264
385,471
451,452
35,119
143,42
453,89
427,210
472,68
128,355
424,202
248,89
179,293
301,252
374,28
53,419
443,137
310,147
309,153
444,411
413,179
434,238
32,352
6,432
145,495
124,405
314,356
5,446
197,113
108,97
492,371
353,274
1,448
402,440
278,394
287,187
183,455
10,462
393,377
496,430
497,59
221,236
292,61
175,276
383,371
497,328
15,381
234,90
126,365
155,174
481,133
417,415
343,386
180,124
311,375
28,409
268,64
52,320
95,89
47,121
392,74
319,74
63,58
179,422
299,473
402,487
464,279
85,36
108,137
172,413
346,120
481,477
331,37
304,157
57,280
185,67
73,187
141,11
275,33
222,170
219,98
143,263
459,210
150,307
196,380
366,139
409,5
294,218
421,421
386,243
14,101
375,32
301,167
451,470
58,169
292,454
308,159
457,102
39,51
292,347
341,169
342,427
325,338
294,469
101,87
115,240
384,397
457,64
156,343
489,83
207,473
144,455
243,466
104,307
143,475
142,222
299,441
484,460
444,344
108,490
30,398
277,321
345,283
401,107
401,201
22,209
233,356
181,87
442,27
451,140
201,390
102,341
489,1
256,287
242,263
344,160
242,225
320,370
23,484
108,415
249,278
15,179
144,466
425,348
386,124
36,19
383,308
105,422
222,172
482,63
152,340
454,22
123,383
466,375
466,358
407,124
155,246
156,318
211,237
246,407
165,272
440,479
83,119
400,407
34,247
329,298
105,24
248,436
97,364
448,347
45,288
142,3
406,4
414,416
275,388
495,256
398,344
237,499
200,410
312,97
194,480
249,491
27,153
178,376
452,440
458,71
18,425
172,460
264,172
300,280
362,438
389,89
202,217
450,69
290,281
63,116
397,397
15,454
24,137
464,23
417,37
410,92
338,120
176,118
438,407
270,275
364,482
109,75
60,305
415,148
452,203
404,160
345,149
426,245
291,470
35,402
112,172
95,338
481,156
85,116
117,393
12,67
26,475
115,110
366,228
157,92
106,266
139,298
212,441
199,75
116,48
150,230
267,427
310,499
114,243
154,21
117,470
11,207
382,65
161,202
105,249
247,29
191,119
314,142
206,410
339,132
225,3
66,164
266,164
67,22
276,243
426,464
94,278
210,392
125,144
425,33
117,9
444,128
431,230
448,391
362,219
165,205
213,488
16,106
171,497
15,398
160,387
108,110
480,373
213,208
88,499
409,82
29,125
385,263
267,367
187,309
237,10
422,423
76,99
223,320
164,115
24,355
340,410
392,135
298,363
493,479
356,438
431,452
11,484
341,331
396,35
65,477
186,364
395,247
5,7
448,194
334,226
432,73
455,355
7,94
298,111
277,384
11,307
420,432
72,460
148,411
194,40
383,195
280,212
338,13
268,263
435,246
211,11
46,335
449,101
453,202
478,185
440,393
238,459
138,85
455,61
260,168
264,136
392,270
378,217
187,403
360,344
461,270
9,169
473,89
270,145
107,105
393,353
358,356
406,388
409,46
414,279
179,168
272,172
232,261
290,298
8,169
467,208
224,7
79,343
64,322
291,480
248,222
90,369
411,407
365,398
270,423
173,463
325,94
170,422
172,304
215,161
37,492
252,495
225,151
50,15
43,185
179,174
30,156
469,78
219,383
225,340
81,5
23,239
213,343
459,3
392,188
157,42
218,288
76,200
193,41
285,232
325,348
187,399
19,18
53,197
272,417
300,251
404,479
158,107
416,393
217,270
290,362
78,254
471,137
70,391
339,388
441,394
306,336
167,488
152,404
173,52
279,126
281,9
444,223
174,485
21,8
47,294
114,258
152,1
204,144
210,379
170,35
370,495
321,461
275,195
171,173
499,178
259,282
477,288
467,47
349,47
253,151
149,163
449,307
476,361
50,487
219,483
210,87
107,12
12,394
34,133
220,403
471,238
103,377
55,246
431,1
308,417
45,281
20,313
97,207
170,367
260,306
293,134
247,71
270,69
300,448
297,392
233,171
338,179
174,356
497,348
444,126
474,462
11,436
276,205
359,228
165,118
170,315
447,366
449,53
17,283
259,359
253,200
160,68
428,328
60,24
425,488
335,9
96,378
110,33
299,5
422,452
14,35
100,499
12,175
152,243
317,24
485,479
83,38
272,201
481,45
496,458
65,403
255,130
214,359
226,247
416,114
382,384
296,460
472,58
74,122
1,243
107,305
177,235
441,66
32,348
85,472
30,127
485,83
157,106
76,390
397,288
107,398
108,460
47,103
90,220
398,141
8,317
115,261
428,232
99,272
29,392
243,496
141,482
484,12
125,277
374,297
198,217
289,97
221,113
45,380
184,387
90,403
400,43
225,316
436,185
10,337
9,46
7,263
425,483
382,144
279,439
63,221
119,228
68,192
262,292
358,482
218,254
157,453
63,72
432,58
93,444
451,361
246,307
8,232
123,472
3,181
318,12
393,148
310,484
432,188
316,64
468,425
363,67
442,12
261,396
45,220
220,227
251,49
206,105
237,454
225,211
381,223
444,166
102,32
246,305
147,81
11,33
206,179
70,63
340,206
442,358
252,445
235,304
390,487
34,301
3,311
164,427
83,350
203,498
59,41
398,460
13,207
54,394
125,361
200,346
337,34
231,140
51,266
29,119
391,299
9,328
297,215
463,67
416,101
278,387
339,26
221,67
140,104
335,280
274,244
265,376
252,21
487,182
353,20
217,276
16,116
356,164
435,117
304,428
78,491
125,400
415,493
284,199
391,206
47,272
205,200
20,318
251,148
437,270
355,203
72,62
415,137
308,497
126,41
150,25
209,89
337,263
317,291
402,373
182,252
166,345
442,349
255,431
396,24
49,489
264,358
491,94
354,303
6,336
282,498
476,364
24,107
353,81
208,198
370,303
197,403
494,49
144,279
210,90
389,490
457,261
40,499
226,178
420,205
141,301
187,484
305,363
86,170
15,232
275,489
384,153
389,4
139,133
281,360
481,342
400,168
468,236
454,178
454,245
494,425
301,377
485,371
122,309
215,36
230,84
396,441
380,21
3,399
167,247
219,30
33,307
268,389
222,447
403,128
13,362
232,54
369,143
152,156
432,472
142,180
60,136
273,255
448,229
480,131
57,179
38,266
16,144
24,311
381,193
98,108
332,172
487,50
179,82
146,17
22,230
424,125
485,112
311,456
25,49
341,179
271,313
298,439
364,175
462,493
263,138
276,75
263,443
102,113
459,155
21,122
304,451
485,493
109,171
258,288
95,28
7,66
422,2
207,128
264,240
59,322
343,191
413,167
60,25
406,138
176,471
185,496
484,378
387,365
113,92
332,110
322,359
401,461
200,113
194,346
483,126
413,382
318,61
283,404
41,101
101,495
192,93
147,335
264,359
297,454
214,418
446,88
164,215
250,302
421,192
330,410
435,313
95,216
58,394
414,111
322,451
292,309
96,81
396,105
340,118
135,186
445,290
247,263
349,79
348,30
140,442
442,301
169,111
414,145
284,12
191,131
393,253
102,59
380,195
211,367
213,306
186,169
295,384
71,15
451,421
97,44
13,26
157,136
200,181
26,380
337,260
394,156
484,440
96,9
351,4
301,211
404,213
87,386
259,170
247,496
264,491
151,296
337,100
131,358
499,379
496,66
85,1
352,259
444,304
213,53
425,65
124,321
55,75
248,42
227,312
39,386
328,298
460,443
477,97
336,403
294,341
456,218
467,39
29,288
488,7
438,327
365,171
166,10
124,63
241,136
331,254
289,89
4,154
62,75
12,212
423,494
132,212
187,430
26,171
252,425
474,259
456,197
167,305
182,438
60,477
233,38
21,186
57,119
219,259
265,64
69,364
372,446
221,88
201,359
92,22
494,429
167,364
456,256
242,197
261,417
461,367
16,142
50,195
87,118
449,202
241,490
476,252
222,298
454,438
1,296
485,102
47,49
44,228
375,450
340,263
54,409
390,275
441,113
143,19
69,218
112,113
482,349
146,32
49,231
164,199
113,427
383,32
390,243
68,298
389,411
331,155
322,207
314,106
52,419
285,308
428,134
92,121
218,60
107,17
308,174
166,260
322,268
103,30
22,183
104,114
292,12
29,389
433,269
181,400
152,25
290,160
382,275
397,475
61,215
354,75
227,232
286,206
95,314
323,376
122,369
357,8
171,110
171,476
429,235
112,215
374,406
365,302
139,288
250,154
211,146
418,486
25,319
408,120
359,354
176,418
61,406
161,429
311,277
314,419
69,162
276,28
475,420
317,37
428,322
287,88
127,272
249,14
267,153
479,215
291,114
410,281
422,20
26,162
168,51
66,136
480,220
413,73
447,97
431,173
84,222
62,432
310,293
84,201
475,291
492,208
151,55
278,114
241,444
230,181
268,57
155,353
60,369
207,246
103,484
226,416
496,15
225,486
79,56
364,259
325,378
337,352
415,328
390,60
464,269
308,17
417,15
393,442
432,192
252,334
296,20
154,33
478,96
371,233
117,176
171,17
323,325
224,24
185,257
491,72
52,119
260,377
309,420
346,79
158,67
351,169
257,104
55,292
154,177
407,496
75,419
160,70
234,418
392,283
407,26
66,270
346,184
190,103
466,130
409,47
202,5
137,425
59,121
195,490
487,114
401,285
157,204
179,40
359,346
315,402
389,443
321,51
209,31
295,140
54,51
44,210
387,93
64,267
268,70
11,189
245,112
410,231
246,68
46,210
52,250
438,105
151,85
452,1
262,10
60,404
157,234
373,267
209,362
176,8
276,312
146,142
145,193
360,319
356,275
136,45
21,56
238,100
56,138
363,366
70,58
169,311
478,309
47,2
226,289
225,363
374,303
268,434
217,158
253,467
448,342
465,260
362,277
260,139
293,347
105,442
47,355
372,220
421,286
208,5
185,149
118,481
33,344
81,341
364,480
201,279
295,382
105,232
81,184
114,126
125,158
329,308
80,418
449,284
222,412
464,247
350,413
4,72
175,83
382,431
383,404
128,248
313,294
257,19
7,221
128,209
1,97
215,393
159,288
23,370
21,301
447,330
409,246
460,363
294,271
67,193
364,417
181,169
262,180
82,129
256,62
260,397
100,351
495,225
346,461
409,45
72,445
37,98
199,77
476,406
358,115
135,164
60,118
162,100
320,447
338,350
39,318
8,408
311,195
211,383
255,32
318,368
429,23
184,448
483,460
394,393
364,21
222,266
1,329
109,110
85,73
254,227
210,48
289,138
152,87
84,189
362,493
266,67
303,258
54,299
22,292
58,181
189,64
59,97
325,457
430,46
25,465
59,440
346,119
64,254
159,178
344,397
140,386
443,468
212,271
250,369
10,54
27,240
426,309
443,355
452,373
156,499
471,411
389,51
181,349
69,374
307,314
474,69
313,259
74,274
264,319
407,468
288,334
288,36
226,432
104,368
161,9
273,226
331,52
391,399
410,197
388,32
26,498
426,296
254,123
49,314
446,315
490,407
10,444
257,95
304,361
71,84
496,190
146,270
390,61
476,269
156,314
334,204
419,394
255,439
476,482
415,475
332,175
349,192
446,333
468,24
499,333
303,336
456,58
365,391
15,283
453,431
340,25
482,340
490,430
164,25
254,406
420,175
494,30
248,291
347,52
269,133
89,268
462,43
208,82
248,142
442,147
296,65
119,28
158,323
201,56
64,20
381,414
129,60
324,294
394,220
401,331
354,370
76,141
107,492
462,17
489,178
267,250
489,125
193,338
401,166
402,198
29,481
474,278
410,46
156,396
129,346
455,174
127,445
187,416
39,369
2,363
494,266
187,438
349,292
122,427
68,361
475,469
101,15
328,337
307,487
282,476
90,196
355,60
118,24
9,70
365,313
122,370
387,161
185,401
225,45
111,361
197,424
432,125
147,31
90,133
42,182
395,201
65,83
483,110
438,276
423,421
384,188
293,348
436,122
71,279
195,399
426,38
108,236
17,215
276,198
172,446
451,262
29,314
475,417
467,91
70,206
338,180
478,424
287,77
229,59
191,321
262,266
397,120
414,70
199,92
466,290
183,62
98,276
291,49
22,434
479,81
103,24
35,28
492,164
437,407
423,393
357,328
90,12
309,28
333,371
432,255
221,475
307,498
447,396
20,112
407,218
338,106
404,414
201,328
353,349
353,111
80,235
487,77
431,411
281,64
41,80
257,171
373,111
142,302
236,484
98,467
289,476
56,86
118,299
368,375
107,110
147,18
269,102
128,289
186,9
334,474
230,304
269,14
196,416
484,166
246,451
89,210
284,252
264,16
452,354
139,481
41,486
383,460
54,303
372,139
97,449
162,88
490,309
99,480
306,128
209,347
369,376
404,496
326,145
475,23
110,432
295,464
306,416
383,5
374,315
357,269
365,100
405,469
388,441
478,9
347,476
17,252
491,11
71,5
378,378
127,227
161,302
479,480
133,158
197,432
142,390
423,22
206,422
106,205
260,473
115,389
467,286
111,238
262,228
499,259
389,210
49,72
128,193
208,69
276,31
172,58
338,166
497,317
401,301
456,167
221,284
106,428
130,153
414,65
95,298
301,483
487,464
70,32
147,123
55,426
124,44
432,323
44,439
451,325
131,473
62,146
295,483
162,188
461,68
73,356
353,477
145,379
354,97
483,89
38,38
220,346
488,270
39,125
272,253
405,233
442,86
76,197
280,25
255,151
49,452
463,103
471,289
83,158
25,38
330,318
135,16
20,144
340,382
184,436
2,320
83,167
461,448
360,22
88,99
156,436
202,237
180,417
39,206
191,80
366,39
160,309
253,313
187,375
408,353
81,454
280,151
90,55
315,4
89,479
205,423
131,211
355,261
471,493
412,112
473,458
260,319
288,419
455,482
453,103
306,362
97,285
344,357
459,187
209,404
193,332
200,196
379,122
471,404
67,99
357,68
118,405
266,365
37,72
392,360
284,236
112,267
165,418
30,54
245,227
447,357
322,313
461,89
388,442
163,255
41,34
189,81
492,335
348,499
193,342
437,468
222,357
470,194
102,119
367,453
170,390
18,151
147,140
88,469
28,345
98,209
32,82
104,259
128,311
387,174
42,237
255,275
464,102
339,171
458,296
475,103
369,265
282,475
399,91
9,341
498,376
468,392
117,146
180,459
387,34
324,481
135,291
134,107
482,122
491,493
35,44
353,25
495,264
349,312
406,453
351,398
147,256
343,54
390,222
444,319
368,346
352,468
378,224
149,483
342,70
485,28
26,30
60,286
231,169
455,391
460,181
183,273
319,277
319,332
235,16
70,445
465,369
459,440
85,102
2,41
15,321
426,496
325,327
83,288
491,264
379,355
468,355
243,210
355,345
131,275
457,49
454,362
309,94
263,439
148,170
265,199
248,159
281,469
333,65
242,434
351,308
252,96
472,464
346,44
105,121
59,357
494,462
488,241
172,61
225,242
137,17
9,117
336,339
367,403
103,262
207,438
59,255
56,142
382,36
235,426
51,46
180,79
444,368
93,361
355,2
305,194
237,296
62,190
445,403
249,376
53,431
272,151
329,393
286,201
455,269
212,36
235,248
35,358
37,183
433,147
318,310
498,337
381,383
75,483
34,332
307,291
408,232
159,114
299,270
325,83
43,464
81,300
159,443
143,415
417,48
8,456
253,457
194,368
293,499
331,48
344,172
37,309
335,261
404,440
166,12
163,472
33,396
298,392
91,271
117,275
221,85
145,396
63,200
70,189
78,1
81,294
404,171
310,281
88,473
201,32
436,374
169,270
214,416
208,23
318,283
50,472
77,336
381,63
399,108
95,10
411,131
210,419
131,231
82,215
129,256
317,314
208,388
381,113
15,192
497,213
118,26
25,285
356,28
450,400
99,297
303,218
375,440
476,158
419,246
118,386
354,192
220,281
381,332
178,33
130,143
374,369
281,444
445,360
110,384
309,403
177,251
227,466
282,288
292,376
169,357
204,245
350,494
211,431
429,227
272,450
258,22
283,107
425,44
476,492
66,79
333,329
327,432
328,182
93,314
404,320
242,130
304,449
292,489
383,292
4,106
454,252
359,297
22,442
451,414
274,403
349,242
107,62
390,197
40,387
464,20
41,269
21,394
227,30
14,86
97,194
476,281
24,438
208,33
397,473
285,487
300,393
206,480
328,185
205,342
457,76
398,278
132,76
177,386
241,148
58,171
484,345
69,134
319,232
105,353
462,310
406,256
54,155
461,185
350,315
48,283
265,337
346,366
406,260
328,381
359,214
238,465
397,310
102,144
177,317
343,243
371,26
223,48
274,422
169,321
472,37
390,159
362,115
180,267
106,162
429,139
445,412
72,78
170,357
459,20
397,437
309,228
343,353
399,170
399,325
120,194
99,10
77,444
174,387
50,75
328,143
183,386
193,26
225,408
300,489
4,115
175,426
94,251
336,383
351,180
497,280
360,124
465,337
329,437
174,441
332,362
117,95
487,268
238,267
35,192
168,58
254,477
379,67
236,286
440,59
41,435
357,46
401,400
57,175
186,303
143,168
89,13
105,56
207,10
201,426
244,220
44,464
345,349
53,115
34,205
354,191
131,328
273,297
176,157
495,60
295,465
278,200
20,438
184,9
137,49
88,346
422,459
59,367
224,52
97,448
451,29
286,303
444,23
361,131
458,196
172,414
484,209
384,270
243,100
152,303
452,333
55,122
473,73
1,278
264,428
379,3
299,373
298,353
371,408
457,424
301,284
309,467
142,191
201,138
346,199
5,365
448,481
155,389
335,344
305,303
195,112
66,393
360,384
238,451
163,171
76,375
332,72
460,189
62,296
482,265
382,326
187,23
455,210
220,454
340,247
9,494
147,395
429,257
386,285
37,255
321,59
340,448
378,380
212,29
103,346
45,445
231,328
104,222
413,129
201,120
62,56
4,19
326,8
112,404
29,95
426,92
123,106
430,310
20,476
26,95
6,30
349,1
269,432
182,325
135,123
205,291
278,467
418,371
174,484
354,442
134,16
438,258
410,222
426,121
115,335
495,320
236,119
33,55
333,436
492,252
183,122
128,51
56,163
449,222
300,415
180,243
140,35
310,218
471,114
222,140
412,241
415,487
297,117
134,380
455,420
137,260
336,466
482,220
497,85
248,370
82,168
297,160
94,82
84,150
91,259
407,6
94,183
411,184
140,14
139,373
279,459
251,402
233,96
337,152
424,414
226,158
479,325
200,10
394,176
90,194
21,16
266,221
56,320
150,354
275,304
64,463
309,84
78,101
1,186
345,472
240,26
306,106
367,47
159,468
459,453
93,297
167,58
322,18
69,220
166,201
178,398
295,385
233,348
242,256
393,368
431,98
465,246
438,143
452,167
346,471
112,302
452,38
244,166
88,236
110,173
30,212
38,73
178,491
379,199
308,235
65,5
230,128
149,335
415,68
76,163
331,416
212,289
276,355
118,219
306,109
201,119
383,82
63,81
410,479
243,58
275,200
276,278
167,442
6,404
268,374
326,472
108,317
349,330
455,86
340,49
443,316
69,116
252,402
281,430
155,87
350,279
254,69
75,104
288,241
35,31
349,84
375,427
26,180
380,103
362,1
475,371
52,442
378,245
14,58
491,348
377,439
137,206
105,87
146,143
110,307
255,284
368,130
194,93
204,430
330,243
30,499
40,111
326,280
334,335
419,361
36,346
13,463
406,288
387,246
336,336
446,284
332,266
132,324
63,179
169,483
44,138
389,191
66,447
122,222
119,57
200,247
183,328
286,7
320,489
164,81
398,461
237,52
369,224
284,206
407,443
470,130
337,37
65,486
251,364
276,386
415,354
292,411
235,84
37,459
163,467
221,449
394,282
276,194
229,88
226,381
477,282
178,176
162,110
181,337
11,376
351,90
438,211
156,426
120,424
142,233
131,483
491,154
264,106
179,143
14,287
23,69
273,272
55,343
55,363
77,351
213,41
315,78
416,488
354,402
359,273
419,369
98,199
128,352
206,407
58,11
216,436
120,283
23,456
218,334
248,383
207,104
11,295
443,87
468,382
434,12
323,209
164,357
370,175
456,19
330,53
107,170
5,58
477,20
36,343
301,489
214,439
314,238
195,396
324,323
157,394
418,495
302,81
402,265
111,297
48,120
394,54
24,330
20,484
257,355
369,285
25,265
409,203
301,485
104,360
378,452
240,141
303,53
162,262
365,475
371,96
236,287
53,330
329,261
181,9
188,276
399,317
152,476
365,450
407,477
177,202
299,175
210,354
307,105
398,380
456,163
264,70
168,239
113,56
405,193
353,269
243,113
248,275
28,206
176,46
174,179
138,277
287,435
164,110
92,62
243,310
360,162
139,290
88,358
237,480
6,400
111,108
107,472
197,35
275,471
7,130
97,160
298,67
158,251
167,441
240,390
184,102
17,279
424,117
2,260
161,381
481,155
475,166
29,220
493,135
12,258
461,94
17,486
364,348
227,457
417,260
218,12
190,29
387,113
407,92
16,332
265,387
132,436
122,17
40,275
43,42
23,103
145,462
391,227
167,44
294,28
265,358
494,92
271,288
13,5
14,360
38,173
27,306
24,321
70,289
169,66
342,425
239,209
72,230
55,411
94,148
484,411
251,56
39,443
110,197
243,95
235,425
341,326
313,497
318,346
254,367
441,41
194,265
453,73
408,78
324,248
81,77
222,305
477,49
483,31
196,46
310,358
317,361
47,31
245,259
223,301
326,219
20,437
255,152
429,360
141,153
122,288
468,172
160,11
120,465
110,209
277,127
240,296
58,138
126,342
427,219
421,231
186,473
106,257
177,311
194,66
66,31
415,204
323,433
47,433
47,283
334,200
5,257
124,481
55,183
401,427
434,9
135,481
354,131
487,422
101,295
8,4
348,386
71,354
180,200
327,101
232,161
466,412
356,40
354,162
290,58
484,24
451,341
189,386
186,39
449,281
299,289
295,14
322,335
48,221
265,448
222,294
381,235
372,422
243,357
272,491
217,428
324,447
425,228
383,315
147,258
419,170
46,250
95,184
167,400
22,120
348,492
407,294
262,294
357,112
263,119
101,39
114,224
161,438
498,351
384,386
19,206
262,440
305,27
238,401
301,55
397,113
60,355
210,134
27,87
360,476
226,253
143,173
360,354
495,311
198,446
459,136
44,491
295,229
484,189
292,442
256,226
449,488
303,52
193,112
155,475
416,468
308,171
326,39
223,223
66,103
21,410
130,344
495,169
362,468
151,361
51,291
138,362
310,429
179,278
161,493
347,12
4,225
447,374
193,86
243,422
92,96
482,473
492,176
371,356
326,64
237,226
343,292
266,91
97,317
493,345
495,134
51,170
169,498
328,123
170,16
37,115
411,70
71,280
283,259
18,208
231,487
186,233
352,116
425,175
245,297
90,225
469,240
141,221
161,316
262,394
122,425
461,186
426,465
327,259
121,41
387,156
380,321
380,282
15,322
273,382
309,296
373,377
357,57
320,257
150,81
267,148
436,172
73,82
254,118
369,23
267,107
37,354
139,66
294,435
406,89
20,319
305,426
443,349
64,217
87,400
391,485
14,423
366,377
140,205
363,105
227,344
371,138
81,467
473,87
305,50
141,82
486,427
23,256
347,256
39,115
344,86
433,417
197,410
314,393
204,412
151,24
434,8
402,234
322,190
336,338
420,310
170,449
174,96
184,14
247,355
228,331
330,137
200,351
206,371
409,254
68,452
227,412
451,74
386,449
3,185
161,274
316,29
68,124
88,265
424,141
111,55
157,383
189,52
126,83
482,102
377,140
31,226
176,499
196,313
336,334
435,338
288,214
373,38
422,331
163,69
102,292
212,452
411,96
340,126
97,216
31,390
201,73
392,4
243,395
4,235
11,10
322,170
70,459
415,424
140,103
343,114
396,82
357,197
173,252
435,133
257,495
426,230
175,65
45,241
219,364
460,406
136,103
39,3
473,138
122,326
360,379
188,118
328,205
114,65
70,199
63,134
121,202
385,172
430,256
189,351
466,236
447,314
371,69
452,33
78,140
422,477
117,3
97,53
166,366
490,35
379,210
128,324
180,470
367,237
285,299
168,373
319,146
315,107
369,298
73,420
372,133
320,381
124,99
387,29
120,459
258,249
128,264
87,480
255,12
297,35
307,168
401,293
343,35
344,421
212,433
22,279
59,316
29,368
413,329
497,304
42,215
2,463
151,72
16,395
467,452
190,261
315,170
129,32
146,170
115,173
93,148
119,496
224,355
308,388
493,198
476,460
184,7
458,79
165,88
436,121
282,390
423,294
458,264
248,464
246,82
486,164
77,471
456,38
328,356
456,376
278,425
45,54
13,230
103,362
251,413
185,474
316,441
15,155
319,292
352,337
483,258
460,395
231,434
159,270
314,369
93,457
405,348
6,338
182,487
43,131
220,336
336,104
23,80
442,273
170,407
335,483
273,404
407,390
372,205
382,486
126,226
217,67
394,366
12,454
79,278
247,335
278,148
157,286
261,93
385,20
68,308
327,305
346,350
309,203
117,474
465,129
83,71
437,11
436,438
451,71
135,82
197,158
286,384
196,97
333,211
407,181
5,316
459,369
143,174
497,217
133,74
332,316
375,469
319,147
68,260
62,494
90,309
232,53
313,5
152,208
100,48
120,495
140,75
475,413
305,147
216,243
379,444
142,224
396,154
468,449
483,170
107,262
412,24
119,371
275,69
252,451
6,352
438,452
357,279
355,376
329,310
20,265
160,418
84,329
487,424
350,165
190,222
438,88
114,190
415,6
96,307
126,151
157,358
457,223
379,255
381,250
259,331
402,439
267,269
305,300
185,90
430,286
458,181
346,324
230,305
111,48
499,127
455,25
430,473
316,301
145,75
391,416
201,70
442,305
435,80
71,323
377,462
49,141
70,392
468,490
50,57
204,490
401,305
81,228
472,149
84,185
12,395
164,236
353,135
332,186
446,404
328,12
284,167
497,250
331,141
279,242
16,137
331,438
97,255
183,229
33,386
344,353
134,159
196,305
258,312
74,134
467,221
488,449
244,152
437,61
142,202
216,291
357,152
405,311
86,206
288,360
195,312
41,216
29,431
389,229
362,436
239,260
496,4
87,367
188,196
195,419
415,245
82,173
447,472
248,245
28,116
84,160
487,63
369,156
428,58
355,235
156,46
357,150
369,410
259,432
339,487
469,371
248,262
184,235
453,406
37,418
332,179
234,313
187,68
96,282
256,88
252,123
209,417
73,354
142,365
69,7
337,385
420,444
389,242
429,27
192,144
471,285
61,136
475,195
428,421
431,157
470,487
358,80
22,276
279,143
145,67
157,364
182,433
316,141
253,356
457,204
490,150
414,54
390,40
273,292
223,490
389,114
389,179
119,6
231,256
107,453
297,15
285,25
268,280
481,102
237,7
174,68
72,174
455,191
84,211
163,42
401,457
252,110
273,327
57,405
417,175
151,366
128,7
403,180
18,45
204,441
238,306
498,87
365,144
255,244
77,212
213,28
401,110
262,458
458,409
32,107
272,31
339,343
449,185
408,328
192,465
97,441
128,381
267,106
352,22
423,328
461,208
419,203
427,183
231,367
379,198
184,65
26,216
108,319
43,373
280,29
1,355
56,213
9,116
273,215
4,137
300,321
117,104
388,165
433,177
322,265
47,461
452,182
58,259
424,383
127,239
214,7
294,292
433,472
75,250
463,238
384,244
218,481
461,346
121,158
95,271
68,407
274,151
291,267
396,126
80,70
424,465
271,21
94,306
485,150
223,210
171,192
88,243
49,20
1,390
244,177
301,228
200,220
7,46
249,8
56,479
398,134
172,429
470,318
401,140
322,457
163,277
98,270
488,274
141,337
21,395
251,187
157,104
218,498
489,217
499,377
468,83
55,55
63,22
324,274
205,141
318,284
138,156
297,395
112,414
379,65
11,188
50,461
240,477
379,448
232,85
408,462
143,145
416,481
371,380
223,123
410,278
273,9
463,334
320,13
473,323
97,442
62,81
491,481
381,297
186,274
357,270
459,489
287,317
165,305
248,242
228,377
399,262
185,229
203,131
190,234
355,17
381,6
265,106
450,478
8,101
5,483
434,75
298,406
395,65
318,330
424,23
458,273
297,264
227,257
85,239
170,458
207,122
334,102
100,184
85,333
36,344
172,273
332,279
10,473
470,459
258,50
70,270
288,421
122,357
161,165
484,60
359,64
246,200
386,352
110,289
427,314
252,390
245,256
458,184
302,285
212,85
65,423
146,40
357,439
453,125
78,303
497,102
201,78
395,305
209,363
249,427
419,426
412,23
71,407
172,491
432,495
36,433
465,393
178,467
117,177
405,182
33,324
304,236
312,24
84,282
14,390
247,248
165,465
273,111
314,251
425,217
37,113
335,57
286,142
282,254
251,162
469,198
91,221
144,404
74,452
9,263
324,387
220,415
442,25
72,383
419,41
210,293
477,180
297,459
137,215
114,41
50,235
469,249
253,2
436,312
395,131
405,254
65,453
65,406
396,199
165,6
100,359
42,313
45,147
470,177
448,136
442,176
244,420
126,431
440,149
435,299
36,303
282,60
2,342
234,490
119,374
58,416
455,448
76,480
174,325
90,11
216,238
260,236
299,317
180,12
84,27
483,65
209,118
378,412
254,482
249,66
327,443
149,149
198,459
257,345
308,478
319,5
140,318
394,270
397,24
130,373
277,187
193,494
84,432
55,449
153,303
331,420
454,268
209,346
247,287
8,91
286,284
167,11
399,69
258,369
8,54
342,475
487,68
363,140
267,315
277,456
402,137
316,363
445,423
336,405
323,339
318,421
346,171
392,399
404,53
374,268
84,355
117,399
464,305
317,350
458,459
17,375
54,186
248,243
1,34
267,485
318,274
178,50
406,135
154,96
436,425
204,178
256,36
54,82
268,388
49,152
235,128
124,268
157,174
316,456
107,460
188,411
376,375
451,69
392,287
379,314
260,92
420,296
262,392
208,13
120,319
364,339
127,172
425,272
72,414
336,213
446,342
307,212
242,29
105,73
325,406
161,299
319,238
55,442
436,364
80,8
365,194
270,455
293,446
167,307
424,475
170,201
177,61
168,231
205,140
37,444
335,175
257,188
444,13
206,158
188,381
86,491
35,108
272,442
222,382
314,203
15,369
362,423
8,239
37,88
196,252
110,52
297,229
275,81
346,67
6,53
85,95
55,302
439,310
274,274
140,458
51,257
390,299
434,60
437,167
336,218
103,227
128,4
64,453
385,72
302,396
198,340
311,342
367,147
259,242
164,214
130,354
263,131
30,137
286,178
437,208
11,405
256,372
230,432
158,384
301,50
93,333
474,251
158,200
196,208
383,395
424,63
219,122
32,341
452,471
477,268
14,480
241,54
142,219
489,389
43,261
152,9
271,342
272,377
177,455
205,201
24,362
39,78
16,186
126,48
39,263
29,263
222,136
284,316
390,223
396,164
277,354
210,409
219,301
156,55
232,114
427,310
12,447
74,187
47,227
139,155
376,135
323,334
41,235
380,230
206,477
453,99
73,493
291,179
213,124
482,101
262,213
475,90
125,351
416,37
362,251
394,442
437,466
186,94
346,481
179,9
85,454
184,474
77,191
280,161
389,142
354,304
13,372
284,433
363,368
120,434
430,178
354,31
203,222
465,318
133,66
261,363
116,349
383,311
381,182
481,205
100,262
336,142
226,166
361,464
271,421
458,350
163,337
392,379
414,205
88,456
146,238
202,152
487,100
219,214
449,324
207,9
23,244
157,252
58,445
21,110
158,20
478,308
213,411
267,209
2,499
55,318
239,399
347,347
179,14
437,181
24,60
436,142
313,359
24,124
416,479
487,470
221,43
46,149
97,200
370,454
242,180
475,108
236,222
163,205
187,301
119,195
149,118
19,434
259,220
214,280
479,83
340,305
498,280
124,60
124,393
99,75
414,434
227,402
243,214
493,399
96,10
435,134
98,46
200,279
307,242
290,178
240,454
9,463
427,223
351,435
193,209
172,410
100,198
73,410
146,379
419,418
307,129
364,192
18,125
233,269
232,276
97,113
212,417
152,220
176,26
235,383
153,410
421,116
432,454
277,66
58,24
154,119
88,389
213,387
257,97
206,384
116,328
309,490
388,68
376,14
453,26
90,386
312,272
217,189
76,165
111,409
466,386
63,212
345,63
200,187
354,461
271,495
231,7
26,296
25,431
469,10
110,319
256,412
366,24
393,469
168,319
139,68
29,223
51,272
178,466
275,35
322,255
389,86
211,464
254,104
42,240
78,453
396,379
101,282
487,385
23,430
311,37
235,228
346,244
276,166
202,389
297,408
9,11
298,482
375,179
403,170
485,413
431,8
408,118
296,282
18,143
311,152
180,433
394,293
186,299
61,146
281,28
397,158
83,194
376,319
204,332
203,167
58,490
367,209
96,452
331,317
163,138
211,314
61,490
84,202
401,332
84,75
254,458
160,130
472,209
489,152
410,233
140,346
176,169
249,374
195,225
219,477
319,48
332,254
406,321
421,76
242,293
442,414
54,498
54,212
449,226
252,488
422,70
83,103
263,389
35,220
220,90
351,316
271,12
247,436
310,434
141,66
7,385
411,268
464,94
54,213
70,484
218,49
50,336
208,205
412,7
430,4
157,340
41,136
307,442
358,404
491,486
149,431
356,433
235,464
61,410
440,489
478,216
21,430
388,393
281,323
498,51
9,340
317,181
313,55
227,133
461,113
119,416
201,282
444,95
166,95
237,88
472,311
422,83
50,175
28,68
251,434
483,208
363,112
498,464
435,235
5,223
6,116
451,103
373,449
171,321
441,233
359,446
100,455
208,302
75,390
414,409
350,480
24,190
407,58
426,258
317,425
48,470
373,66
144,458
48,23
327,460
65,449
228,412
338,275
89,313
305,341
304,462
225,13
357,258
94,288
250,9
350,83
411,382
23,145
288,257
328,26
185,230
134,270
310,96
353,333
374,331
62,168
486,140
112,418
294,471
341,464
73,460
28,335
348,207
363,497
57,103
294,335
164,487
404,406
57,323
405,1
475,32
249,60
332,120
344,68
109,248
265,87
481,335
13,411
22,197
134,179
474,184
273,487
249,205
78,184
235,220
355,97
471,75
449,66
450,434
71,118
341,470
356,32
18,134
474,363
206,413
462,465
250,228
200,237
327,81
467,20
429,264
472,350
220,147
402,266
461,497
499,152
208,47
293,465
23,493
59,134
97,184
105,273
463,223
4,28
410,452
330,257
85,205
205,182
13,101
242,110
345,29
278,307
50,210
458,364
33,478
401,472
479,356
115,153
184,392
366,394
40,197
44,380
485,46
488,252
499,356
91,41
12,37
45,327
187,122
196,312
408,230
244,370
297,86
200,394
172,370
242,493
179,362
207,443
101,180
187,134
130,139
172,120
78,311
462,359
499,308
225,107
221,153
176,413
420,231
314,398
381,389
69,327
99,394
453,391
364,41
338,217
61,59
423,390
471,116
6,381
101,172
400,291
129,443
255,351
419,230
272,233
105,186
439,273
304,352
4,346
301,313
200,33
455,245
19,238
180,195
228,26
260,122
370,178
266,99
456,480
105,60
198,279
434,155
202,352
460,499
93,197
220,463
339,59
156,132
53,191
62,348
81,209
48,276
298,398
397,29
341,35
452,120
250,341
291,173
293,66
231,138
208,343
168,22
137,143
376,277
455,256
418,432
466,338
251,261
164,358
492,285
204,423
359,180
296,379
63,2
450,97
75,23
499,485
54,443
368,149
234,345
342,375
360,363
344,477
274,153
135,127
401,452
297,333
330,420
58,286
337,56
294,260
53,350
68,444
384,226
223,176
8,432
489,445
334,427
331,284
340,489
154,262
406,53
481,369
300,143
189,140
186,249
361,310
300,256
155,44
113,102
110,201
268,285
14,389
469,106
353,110
206,55
312,338
31,273
366,366
253,251
352,249
158,128
132,48
487,389
106,438
97,272
10,364
356,313
166,210
201,104
161,317
242,194
283,294
423,166
262,24
425,224
221,51
294,21
461,413
271,304
429,43
392,371
385,496
43,130
404,313
317,384
365,266
19,117
476,4
300,336
98,386
40,216
144,247
467,186
86,467
62,71
325,14
402,223
313,18
109,38
204,221
399,305
412,229
410,385
150,468
346,404
214,168
401,91
36,444
334,478
419,90
338,32
128,310
95,451
338,105
468,360
209,98
2,75
86,278
82,397
366,215
13,222
456,97
172,475
315,401
55,263
207,297
264,302
474,481
53,281
31,71
257,164
234,77
134,477
28,284
354,163
280,461
367,200
460,14
344,97
63,421
293,285
171,109
5,139
476,232
412,423
443,499
24,273
448,451
418,444
396,248
309,43
282,142
148,343
408,368
29,289
161,420
39,113
474,155
207,179
140,487
367,94
23,307
195,286
336,107
123,274
396,266
118,424
299,374
308,476
310,329
320,142
420,245
435,369
446,104
364,306
469,352
412,181
195,383
299,474
295,68
99,371
337,456
350,101
474,396
383,77
156,257
474,261
109,225
152,149
146,269
389,216
454,78
163,336
49,338
319,363
155,405
68,284
475,315
195,129
57,479
92,180
360,227
139,302
404,373
235,20
330,108
70,200
423,293
442,466
36,301
373,428
397,85
322,480
103,109
131,383
449,40
418,404
155,201
396,375
177,285
153,97
75,196
460,330
53,487
333,465
315,316
408,397
289,465
203,18
28,481
189,14
118,397
172,408
428,121
6,20
258,279
235,18
306,89
338,411
475,169
138,152
433,21
127,323
456,460
413,391
441,174
218,435
15,401
291,222
498,343
489,79
378,39
271,73
433,210
276,476
497,262
24,119
22,80
149,406
221,487
31,464
19,85
206,72
31,312
448,4
347,335
284,125
136,64
64,351
353,167
85,326
470,102
47,42
160,328
275,25
187,466
145,73
189,66
165,458
30,370
117,449
138,157
298,287
57,144
140,147
121,473
384,243
289,155
130,491
304,419
44,498
497,403
445,351
1,135
275,148
365,257
92,220
364,135
242,249
269,138
69,402
453,34
358,458
271,393
243,132
177,385
74,145
220,480
190,432
101,265
421,435
482,295
17,308
67,176
56,486
9,325
392,303
306,162
46,119
462,416
130,72
170,7
375,197
189,46
100,88
98,271
35,227
126,233
13,279
141,363
395,49
79,257
16,250
311,381
400,268
176,427
313,287
289,217
419,336
238,15
140,357
354,55
426,122
113,367
143,323
208,470
162,131
394,96
357,315
399,342
390,482
472,225
6,312
8,253
278,412
432,77
35,427
169,183
322,439
378,307
87,275
184,43
378,154
73,299
88,288
323,370
168,398
7,65
128,395
54,436
34,132
246,29
281,275
252,75
380,448
252,343
167,333
301,435
15,116
25,406
438,357
304,91
265,157
398,216
428,316
193,299
112,463
32,16
254,470
369,435
274,344
372,155
22,236
311,332
108,104
152,401
86,410
151,167
214,366
30,458
212,17
435,243
151,319
242,175
367,499
203,356
424,269
174,410
432,67
279,117
403,369
246,327
244,217
122,129
446,325
125,417
80,123
274,144
236,268
216,363
194,188
243,320
230,6
409,243
95,215
128,242
113,169
441,355
259,299
16,266
201,154
141,361
476,288
155,200
280,448
5,291
310,242
427,91
310,184
194,470
35,386
158,185
100,52
112,74
336,14
81,180
28,222
336,449
408,282
141,204
492,294
402,124
260,147
53,44
4,250
450,425
389,275
63,142
237,114
393,446
391,172
193,45
432,451
416,136
123,484
454,472
345,478
300,305
225,66
43,320
229,481
374,8
31,100
406,451
195,47
296,63
471,29
273,107
169,342
266,176
9,495
494,419
370,294
257,494
227,142
162,26
326,428
432,457
475,164
44,245
303,12
430,411
258,446
317,120
268,499
282,336
199,163
57,244
104,205
104,242
152,439
316,88
69,433
481,87
363,370
67,270
185,68
132,202
271,356
312,57
261,32
401,151
293,402
243,47
300,149
15,122
308,367
319,359
353,78
128,102
483,222
405,72
444,4
239,263
253,1
102,413
252,67
216,11
146,28
452,432
159,431
421,473
127,45
412,331
16,131
11,475
284,71
112,92
339,204
277,221
314,229
292,203
123,295
156,100
163,160
351,233
21,480
288,218
474,63
288,1
36,473
238,184
354,175
234,336
197,263
203,223
107,452
498,277
263,29
257,228
355,61
49,493
113,473
352,167
261,158
54,338
279,152
168,474
336,322
289,420
177,224
329,107
295,200
455,234
234,235
203,12
410,44
195,329
204,134
206,375
137,10
79,132
481,53
330,334
266,450
294,240
249,477
180,413
153,199
370,484
161,219
480,233
379,201
191,48
30,157
181,23
131,130
177,316
463,273
368,124
241,100
405,148
422,403
96,457
266,435
315,82
470,89
212,86
320,78
125,53
240,468
282,257
424,185
227,216
190,282
368,378
269,423
456,326
239,308
163,460
352,70
332,357
371,383
210,22
346,77
14,402
277,330
113,383
303,445
252,376
261,220
269,320
335,411
276,326
405,240
168,233
353,199
117,461
154,26
208,451
393,293
206,208
219,481
212,204
243,337
199,213
201,489
416,371
379,242
80,303
111,126
10,344
88,424
66,275
346,496
272,26
163,386
225,381
428,79
460,408
443,366
464,195
151,93
212,481
63,7
29,464
5,345
400,243
73,480
344,95
405,488
65,497
377,240
63,78
133,222
83,282
437,321
143,439
26,360
333,225
306,185
153,470
357,285
31,294
266,394
273,26
57,71
225,383
479,8
451,130
69,219
331,118
98,459
196,373
315,184
152,78
216,418
215,438
459,127
368,172
276,441
127,23
425,484
382,488
132,350
272,421
263,337
255,192
87,86
280,109
380,209
256,468
7,127
252,298
476,71
119,43
492,483
125,385
396,307
38,389
498,89
111,362
268,424
76,356
470,398
281,165
172,167
467,27
248,479
98,144
239,127
348,164
45,292
178,192
487,394
228,419
297,298
26,307
139,469
435,408
155,151
287,336
1,292
490,103
90,89
467,454
177,169
127,401
264,233
459,352
74,325
479,187
362,383
448,9
64,372
493,107
345,475
496,253
81,432
282,326
388,491
20,20
330,132
287,412
200,479
289,62
360,216
195,3
7,384
388,67
227,252
301,467
228,398
78,266
22,91
402,388
349,71
228,180
158,74
169,388
208,217
452,423
170,95
205,95
402,444
247,108
177,436
205,448
300,60
158,278
24,476
94,399
371,322
295,467
300,410
275,84
245,450
408,129
288,103
290,137
148,162
22,173
428,416
178,223
229,54
309,385
13,35
491,450
327,148
259,446
118,21
326,405
42,224
42,191
18,386
145,155
231,404
35,393
399,490
57,454
199,54
276,11
225,122
80,225
422,113
75,379
362,138
191,346
495,384
437,132
312,190
466,74
72,118
45,262
404,426
364,253
154,419
95,232
42,468
16,259
317,285
57,469
439,5
77,118
308,4
41,25
446,116
1,327
344,405
465,286
331,188
167,24
50,107
132,116
291,438
65,97
336,78
312,408
394,438
116,233
310,448
33,427
259,225
91,207
81,30
77,436
243,230
227,335
251,422
182,19
204,172
302,275
434,158
249,379
312,298
86,375
255,42
173,423
128,127
263,387
90,2
225,222
54,194
241,118
211,111
94,276
447,336
350,95
107,142
255,488
461,207
163,297
357,76
116,302
214,384
230,218
279,478
334,151
281,388
438,12
388,120
113,4
496,336
274,209
370,317
265,377
151,328
462,55
306,119
153,319
265,166
472,423
13,485
106,43
320,323
228,404
266,58
137,120
469,369
192,473
194,426
363,92
406,146
45,200
361,267
74,276
76,92
281,65
101,350
297,301
436,105
195,385
494,461
100,105
414,75
24,77
208,488
451,363
110,418
212,395
214,483
425,414
301,35
410,52
2,155
472,480
460,453
183,332
492,220
471,188
138,353
175,415
177,252
361,301
344,204
285,198
272,488
141,28
82,269
133,108
422,264
255,7
159,36
293,416
388,363
490,106
75,209
45,416
200,64
448,88
459,397
71,258
257,497
36,258
311,294
24,247
160,347
235,330
187,111
323,219
273,482
224,445
195,173
466,415
328,482
408,65
397,354
438,58
136,157
461,454
233,197
17,377
59,175
116,433
25,248
302,90
464,30
304,92
270,18
120,17
382,339
384,434
208,30
333,331
394,203
487,428
80,19
255,19
295,218
94,449
187,264
173,318
194,178
295,425
398,251
25,455
116,110
112,217
245,39
105,300
35,98
209,225
352,428
145,342
457,429
112,450
315,443
286,136
54,353
225,254
28,275
256,495
184,216
340,365
441,434
141,324
265,175
209,207
34,197
105,207
465,483
361,268
58,43
479,472
108,206
354,116
104,415
372,410
105,129
349,368
254,486
53,229
296,417
452,149
317,397
211,206
433,414
192,260
116,99
273,192
92,438
215,107
371,126
19,342
220,149
105,298
46,165
105,394
136,119
59,335
406,63
143,130
186,22
235,240
27,149
55,301
376,139
315,285
148,42
245,419
455,411
32,74
367,406
187,358
453,210
266,315
38,380
341,36
431,55
39,95
115,355
355,211
323,242
463,106
360,182
267,114
104,97
219,412
356,232
255,105
408,336
247,329
166,169
90,124
99,103
458,128
364,447
196,278
138,475
340,430
490,337
300,197
477,408
237,350
250,349
462,316
394,436
445,187
394,335
205,81
4,24
406,130
381,365
408,115
2,145
420,140
126,478
159,393
232,411
166,34
393,326
498,399
390,451
389,473
110,365
446,119
262,383
208,51
151,412
21,408
127,457
21,227
433,3
242,147
183,308
442,14
106,287
452,319
146,364
29,351
129,315
97,268
465,213
287,385
494,194
35,72
476,409
182,474
137,397
476,201
414,176
291,341
101,219
263,169
458,3
321,352
80,147
463,344
43,307
133,60
322,16
292,304
7,123
208,317
172,442
321,245
225,423
345,422
309,104
47,263
236,153
359,156
337,27
84,251
113,412
397,421
152,209
342,325
218,427
378,407
128,418
283,340
238,24
330,113
26,480
489,223
226,372
383,42
449,170
32,179
128,265
380,219
106,329
59,368
35,165
184,94
497,376
497,95
20,492
261,236
67,234
453,233
106,366
427,243
207,315
241,135
178,469
224,367
195,213
259,382
218,77
31,146
137,284
7,401
498,485
292,135
432,112
2,302
396,435
203,374
363,79
237,299
50,91
100,329
269,362
301,361
37,257
299,361
183,205
391,63
418,85
43,302
257,129
56,7
56,348
486,449
335,263
63,82
45,161
329,84
326,308
453,139
54,329
79,262
467,174
347,232
335,64
136,253
228,100
304,109
195,495
167,449
237,3
188,453
261,395
421,113
459,142
202,90
130,297
106,312
383,228
251,68
195,134
101,289
105,438
252,152
398,78
398,483
195,378
183,309
251,97
53,454
139,158
88,188
263,434
85,282
11,396
372,49
111,115
210,149
218,164
478,206
98,420
205,203
135,158
395,485
128,330
144,316
107,9
454,148
128,354
15,111
228,99
241,166
26,460
427,200
348,399
15,91
91,360
174,375
281,83
55,310
54,48
311,351
293,244
429,183
184,337
455,353
57,361
372,132
489,166
37,465
71,79
343,17
237,186
456,483
384,125
273,437
261,302
53,87
339,147
224,310
20,295
22,144
230,103
404,52
344,270
311,490
262,186
205,358
346,136
401,378
216,325
70,4
432,306
250,112
193,383
69,157
70,314
492,273
130,15
110,367
423,243
496,490
45,78
104,53
413,415
377,385
464,438
120,191
412,40
245,424
160,248
204,266
245,466
198,449
473,79
178,304
158,352
416,77
19,267
497,341
90,13
143,320
469,37
16,70
138,269
96,208
3,217
232,421
243,296
159,433
47,308
22,113
286,446
248,24
161,233
324,45
450,15
406,201
130,299
208,170
283,412
200,118
144,298
301,85
245,250
404,196
333,401
144,146
260,490
116,163
28,267
419,427
113,67
353,235
46,182
178,16
453,61
66,1
132,227
470,92
268,398
6,409
216,89
64,17
403,220
322,82
70,449
259,85
347,263
145,444
108,229
418,298
340,347
263,301
474,424
437,193
235,295
116,164
453,118
390,270
408,385
105,86
470,181
228,221
74,471
27,173
382,169
87,490
480,433
198,464
332,76
356,109
463,369
255,486
211,40
404,124
414,456
498,10
224,316
19,459
163,145
361,396
472,258
327,266
496,133
221,141
391,392
105,280
274,352
71,499
289,276
499,296
490,240
77,472
324,449
123,434
345,185
105,413
173,178
74,195
281,282
408,167
115,4
468,447
142,140
256,5
436,301
111,154
158,195
322,177
472,417
356,451
177,269
66,44
471,311
74,405
294,132
310,284
210,92
79,214
235,130
262,271
358,313
124,431
91,9
435,103
211,285
478,307
402,480
380,466
491,97
202,295
454,461
151,344
482,29
181,391
436,243
28,227
292,259
476,320
419,167
150,195
205,118
405,188
484,75
318,54
419,366
450,113
425,415
167,288
63,75
94,350
475,329
149,161
215,96
239,324
372,471
161,164
198,142
318,201
324,371
204,241
434,349
364,249
123,438
339,236
60,163
403,74
369,12
312,421
344,214
497,237
461,429
275,482
107,68
106,495
208,148
409,334
468,468
192,335
65,391
27,457
387,12
228,482
372,459
107,171
462,424
210,324
445,146
366,311
309,209
85,292
71,172
83,235
277,72
66,169
13,229
264,352
134,320
208,246
450,216
455,167
357,426
172,371
157,497
408,225
83,48
271,374
323,498
167,187
385,414
371,485
136,83
277,53
126,73
369,86
330,473
371,161
375,290
440,132
244,116
417,30
263,386
1,446
89,101
313,42
358,181
442,275
436,96
148,440
369,200
137,208
272,264
287,359
296,58
207,19
168,68
83,423
261,435
296,183
41,248
444,429
227,491
423,30
436,436
71,155
32,32
69,419
398,140
153,365
421,384
466,242
449,309
123,355
464,309
134,473
411,207
17,483
365,251
186,199
251,292
390,72
140,51
72,225
448,328
302,359
387,42
427,496
147,17
45,391
417,319
20,90
287,106
180,421
391,36
459,362
164,297
28,89
282,389
487,189
2,407
412,56
410,86
222,488
149,269
261,208
177,197
68,358
304,378
132,110
393,352
26,123
133,360
145,323
357,209
427,335
266,287
225,2
486,47
86,63
238,37
405,377
427,288
425,79
471,378
168,81
219,358
364,22
153,339
211,142
391,7
400,439
490,80
423,126
319,178
40,298
375,10
163,6
270,5
404,385
55,277
110,185
342,173
25,29
325,426
336,72
290,84
310,471
462,292
22,200
26,319
255,33
196,447
400,269
356,400
294,376
362,171
474,353
161,52
4,376
13,374
13,324
497,268
7,405
170,239
339,57
341,123
148,211
326,206
117,250
127,425
1,54
458,477
305,171
56,423
224,31
248,45
389,338
170,101
214,251
363,431
374,441
483,410
31,177
499,295
21,205
428,470
353,406
96,12
349,129
227,431
198,369
174,351
485,80
268,405
205,268
180,194
290,293
376,436
341,330
462,418
200,69
473,472
260,282
232,419
499,407
152,420
273,334
401,320
66,476
110,456
141,368
234,184
173,388
402,478
209,175
256,424
249,23
306,29
337,43
319,445
125,135
440,465
159,63
177,13
46,263
112,467
442,186
289,232
178,208
374,490
493,205
166,325
122,214
449,347
438,313
329,251
7,181
239,470
388,314
271,451
386,72
263,22
438,271
426,123
130,32
246,471
222,232
188,200
436,269
254,496
267,6
120,313
388,137
130,187
468,221
474,9
349,328
431,455
285,451
228,357
294,83
203,140
39,9
80,140
84,324
274,154
125,8
233,306
29,145
351,331
109,151
374,308
2,378
95,486
125,5
300,284
194,314
76,324
278,462
114,127
354,323
261,179
112,358
217,489
350,69
40,375
360,296
403,316
398,470
282,13
59,205
309,261
366,452
110,205
428,473
114,166
96,100
206,437
18,106
397,265
152,183
352,207
259,130
44,386
100,83
67,492
180,258
481,298
185,1
434,182
125,60
71,154
385,283
215,461
306,11
201,128
416,441
434,208
362,274
165,301
131,73
60,324
439,127
333,314
440,262
28,3
252,416
340,207
435,87
124,244
56,454
32,29
217,246
169,88
148,75
463,281
261,444
493,432
312,283
26,346
322,20
260,358
444,402
454,226
284,174
493,230
471,345
227,309
190,180
54,397
374,78
377,403
469,409
266,270
246,217
336,124
442,404
332,305
384,319
322,7
181,445
420,223
166,374
14,400
264,143
139,19
387,133
95,277
230,26
392,438
487,105
368,236
105,1
467,268
17,121
217,310
205,266
469,318
152,6
474,258
82,354
177,149
77,31
8,436
108,410
445,59
271,218
217,97
214,375
38,221
241,83
311,463
464,444
207,54
1,251
38,15
156,189
167,32
156,235
388,119
14,162
270,484
18,81
55,138
151,162
443,226
375,485
378,270
319,225
73,343
339,117
317,151
369,271
313,366
258,100
411,286
348,153
17,113
98,404
448,364
153,415
80,5
297,496
71,46
419,118
114,423
219,436
456,40
385,186
454,250
357,486
398,291
356,398
320,153
113,372
317,421
189,297
300,310
284,274
267,17
238,25
389,162
185,179
315,260
324,417
483,95
183,245
241,207
309,212
119,441
491,177
42,411
316,245
164,250
412,256
351,337
399,293
499,334
162,275
491,275
476,28
165,327
383,215
311,385
423,124
396,359
135,173
347,7
294,348
173,169
382,200
87,3
107,310
374,32
355,248
388,277
307,489
310,160
388,27
23,389
49,394
155,145
213,463
317,376
68,247
419,196
74,201
314,266
173,407
127,475
175,159
56,301
453,116
186,287
346,304
417,259
374,497
109,461
302,30
217,480
414,227
351,174
440,317
484,322
411,205
346,53
44,18
422,245
204,18
73,284
398,203
109,460
254,184
198,50
311,111
79,323
325,128
186,34
66,337
173,485
306,62
213,381
471,407
181,129
375,288
363,192
270,140
93,224
196,320
412,376
320,61
499,1
301,388
32,430
144,56
491,233
402,191
340,256
458,31
92,406
419,442
465,81
63,213
215,100
23,18
24,139
7,159
231,102
11,485
119,153
148,309
81,134
376,387
421,81
32,295
78,95
493,84
351,327
266,465
335,34
338,250
251,300
48,462
41,484
82,394
282,255
371,39
144,233
241,17
381,79
37,171
472,391
181,357
392,269
261,115
401,141
49,335
399,356
281,192
83,239
24,265
255,365
228,450
230,113
258,498
194,276
452,106
292,306
233,29
206,83
269,442
53,388
281,94
294,462
238,383
125,119
380,145
270,413
416,54
126,343
202,266
448,303
42,299
16,120
452,29
178,5
146,110
434,397
242,461
285,475
170,356
309,88
291,450
61,454
229,189
266,399
66,122
150,308
373,210
320,22
199,224
279,238
260,314
254,277
70,170
176,37
126,303
93,108
385,292
460,254
175,348
247,337
277,210
439,52
279,275
227,291
330,103
475,498
365,120
423,241
374,459
377,376
25,478
441,167
113,444
91,179
449,455
344,143
215,29
494,434
149,275
291,215
232,384
306,296
264,316
52,177
463,228
145,10
238,133
354,209
410,108
291,123
362,291
382,123
159,30
311,36
440,226
295,82
67,218
163,247
175,234
6,283
245,53
38,368
202,118
42,494
275,493
102,353
103,476
84,356
402,129
34,47
186,17
4,469
394,355
25,279
185,291
99,238
465,33
147,300
287,352
491,181
181,277
296,403
305,429
72,45
174,243
120,481
487,342
295,421
10,183
182,78
299,31
155,99
204,161
109,233
467,90
446,398
373,421
154,79
226,103
487,351
112,136
251,444
464,361
55,118
28,473
10,394
135,450
407,464
323,166
123,184
366,443
69,3
248,346
484,350
405,297
87,357
418,468
169,198
368,2
488,40
348,182
300,307
313,232
141,448
422,333
324,186
203,468
220,383
241,266
173,26
159,364
86,157
321,164
248,489
74,279
336,236
470,91
390,37
129,198
199,447
464,16
208,282
358,161
153,215
221,345
379,90
196,413
170,93
431,158
337,187
27,250
411,431
394,342
482,315
462,195
132,63
255,140
293,496
320,326
32,142
76,135
453,339
79,447
56,162
198,303
452,49
201,295
39,476
6,342
1,7
406,203
136,339
489,184
53,468
92,32
435,424
183,194
229,349
316,115
68,395
169,32
11,220
116,193
16,297
145,153
216,391
79,375
16,209
15,160
210,73
98,182
116,223
352,121
113,380
110,244
284,370
378,127
303,29
89,142
331,247
474,176
13,478
187,60
427,319
28,285
119,142
144,37
434,243
312,99
291,487
392,19
316,32
122,68
244,293
362,99
268,42
24,30
23,36
397,364
71,332
219,215
427,382
348,218
57,434
110,386
10,208
328,389
130,357
436,244
123,280
298,151
305,479
265,438
455,498
151,51
438,359
220,250
126,354
294,172
66,475
102,221
254,49
168,363
408,57
90,393
216,370
189,305
8,314
408,248
167,12
235,457
297,239
119,355
281,352
255,432
149,223
117,207
17,226
97,98
420,306
388,408
433,211
172,150
79,9
160,170
423,47
192,163
395,38
346,118
280,357
70,433
491,243
256,434
187,330
454,361
459,475
282,20
229,96
419,57
218,53
5,119
435,92
480,69
428,100
299,197
179,396
460,251
235,5
180,292
307,463
282,492
473,369
226,224
192,157
462,193
19,270
65,271
53,178
449,239
441,299
377,77
432,83
60,212
258,139
295,397
217,83
337,200
482,318
192,94
57,207
4,35
223,458
7,210
168,101
421,368
76,357
418,236
91,156
45,358
322,73
410,426
459,112
405,258
244,162
263,147
384,354
251,305
24,176
417,251
237,473
128,236
1,78
489,168
132,264
16,413
363,86
244,341
418,338
323,439
329,118
359,2
26,86
144,215
60,433
499,147
382,237
237,239
194,493
218,154
395,75
380,201
143,374
152,181
409,307
416,386
495,373
85,466
488,26
299,161
421,408
321,48
397,484
84,210
380,210
446,2
337,190
156,286
476,80
289,114
97,186
363,300
165,105
164,255
450,223
282,101
158,190
336,361
479,279
158,163
411,111
440,383
115,425
139,140
422,73
78,41
36,49
42,254
154,446
30,237
287,17
111,345
386,97
134,403
89,37
389,279
69,209
451,43
369,172
312,394
487,455
304,20
132,418
248,189
22,314
13,97
494,221
233,75
379,169
425,273
374,85
111,469
80,31
