idPersonaje;idGrupo
20;3
76;8
9;2
67;5
88;6
40;6
94;6
81;6
11;8
30;1
92;9
12;6
67;3
43;8
78;3
51;4
91;4
34;7
29;8
33;1
95;4
62;6
77;9
28;1
114;5
84;7
80;7
83;6
82;5
112;7
20;1
50;6
108;4
52;3
21;4
64;9
32;2
107;5
104;7
108;8
30;8
49;8
69;7
87;7
5;7
45;2
87;3
60;4
102;1
90;7
3;5
85;4
17;8
35;7
84;4
60;1
106;2
14;3
51;5
111;1
93;9
23;2
49;6
65;6
10;4
74;4
72;3
103;8
11;3
61;7
15;5
16;6
52;1
62;1
90;8
75;1
99;1
21;2
104;3
66;6
109;8
70;9
39;7
114;8
35;2
61;3
3;8
63;6
50;7
11;1
7;3
69;4
60;8
78;3
20;7
5;5
91;3
80;5
91;9
54;5
60;6
109;6
90;5
40;5
24;3
57;8
48;6
22;5
22;3
96;6
31;2
89;4
72;5
31;2
55;8
73;3
84;2
45;9
70;1
89;4
80;4
103;6
60;9
49;5
99;4
2;8
36;8
99;8
83;7
5;4
20;5
66;2
5;6
66;3
63;1
38;2
89;3
89;9
110;9
27;2
61;8
45;4
46;5
97;3
5;9
78;2
65;2
68;7
64;6
26;1
7;3
91;7
110;4
100;7
59;5
46;4
53;3
30;1
2;5
27;9
69;4
84;5
40;4
32;8
64;2
12;5
87;5
108;1
61;6
105;4
45;6
100;1
55;1
67;7
32;2
46;6
98;7
70;3
64;9
38;2
85;2
23;6
91;7
98;8
60;7
34;2
50;8
84;9
38;5
58;8
87;9
94;7
36;2
20;8
81;7
13;2
97;6
43;4
17;5
53;6
76;3
107;6
87;1
63;3
104;7
38;7
72;9
77;6
108;6
111;3
24;5
102;5
29;7
82;7
11;9
110;5
80;9
38;2
94;2
52;6
111;7
56;2
37;4
40;1
91;8
68;1
14;4
66;6
33;8
65;7
13;2
59;4
33;5
57;5
106;8
11;7
90;4
61;5
12;3
112;4
20;6
86;3
93;2
73;6
90;5
109;4
9;6
113;6
3;3
52;4
84;2
21;9
111;7
62;4
61;7
17;4
92;4
59;6
71;2
80;5
5;1
67;3
35;1
69;9
63;3
101;8
33;2
102;2
19;2
14;3
43;7
54;8
34;6
84;3
40;3
101;4
55;3
98;2
100;4
88;2
46;6
59;9
46;8
92;6
106;6
7;2
20;7
8;4
11;8
8;7
55;8
64;5
110;9
7;4
39;8
72;1
91;1
63;6
19;9
15;7
76;1
88;6
16;8
61;3
50;4
88;2
36;5
81;8
40;2
25;3
15;7
63;4
57;7
29;6
58;9
10;2
93;9
49;9
44;7
9;4
87;1
100;4
57;2
38;1
72;2
43;7
75;2
17;5
54;7
40;9
92;2
102;9
24;5
79;8
114;3
21;1
79;6
88;9
44;3
30;2
54;4
82;9
11;4
10;4
70;3
13;1
80;7
50;4
29;5
75;4
76;9
24;6
64;4
65;4
53;1
55;7
15;2
106;2
98;7
2;4
14;9
86;9
42;8
60;7
111;7
2;6
80;7
26;7
58;1
18;9
26;9
108;9
93;8
31;5
27;5
63;9
37;4
111;7
101;2
83;3
48;4
61;4
87;5
63;6
75;9
38;9
19;5
4;5
19;8
78;8
95;8
32;2
31;8
110;8
48;6
8;2
45;5
80;7
14;8
45;6
44;7
87;5
88;2
103;5
52;7
27;9
103;4
84;8
59;4
1;6
104;3
106;6
84;6
26;8
49;2
63;6
78;6
63;1
48;6
84;1
93;2
112;7
95;8
47;8
39;3
29;7
55;7
58;3
72;9
86;1
91;4
88;3
96;1
14;3
107;7
111;4
12;2
89;3
60;4
11;4
57;7
84;4
79;6
72;5
98;7
75;4
104;4
87;3
67;5
20;6
78;4
7;7
41;5
16;7
37;7
11;6
70;9
2;9
73;9
107;4
114;6
34;1
14;8
83;6
4;6
103;4
98;9
45;1
69;1
76;6
99;3
1;6
7;3
75;1
65;5
111;4
3;5
58;7
67;3
102;1
102;9
34;2
52;9
16;8
24;2
103;7
20;8
102;8
44;1
12;6
88;4
92;5
5;8
72;5
112;1
69;1
72;9
19;5
27;8
44;5
58;5
107;6
14;5
57;4
22;4
4;9
83;2
35;8
89;5
54;1
50;1
114;2
26;6
18;1
86;4
35;5
78;3
76;2
105;6
110;3
67;3
10;7
60;1
20;9
114;9
49;4
79;3
98;5
14;3
64;4
60;7
66;2
96;3
92;5
61;6
104;6
7;1
7;3
72;5
43;3
57;9
90;9
80;5
97;2
54;5
71;7
80;4
109;5
67;8
34;8
33;4
62;5
5;8
38;4
39;8
47;7
15;9
66;4
15;9
32;6
112;2
55;1
74;8
81;8
74;9
39;2
65;6
67;8
35;9
7;6
31;5
79;9
73;6
48;8
30;6
105;3
10;5
10;5
37;2
85;7
103;5
54;6
52;8
42;4
111;5
87;8
81;1
114;7
112;8
73;6
110;5
98;1
18;8
111;6
20;8
92;2
56;7
19;5
114;7
65;6
65;7
54;6
114;5
89;3
47;1
95;2
53;4
79;9
52;4
34;4
19;5
54;5
3;4
102;6
71;9
71;5
52;5
15;6
86;8
15;1
15;7
106;3
59;7
39;3
15;5
48;1
92;6
72;1
16;3
32;7
39;8
10;6
92;7
62;9
43;5
37;3
68;8
10;2
109;3
113;6
104;9
97;9
59;6
93;8
55;5
113;8
15;2
110;2
43;5
30;6
5;5
48;6
36;7
7;7
50;9
18;7
49;9
89;6
31;8
13;3
86;1
49;5
44;1
31;8
41;1
37;6
104;1
63;4
73;9
70;8
108;4
53;7
11;1
73;8
91;1
39;3
57;8
54;9
6;8
85;5
92;7
24;6
61;2
23;8
8;1
37;9
30;4
89;9
16;1
10;4
104;6
108;8
32;4
11;1
44;5
48;6
92;6
59;8
12;3
69;3
8;4
72;1
105;6
69;7
63;5
76;5
67;5
77;6
82;8
59;7
68;3
80;9
110;2
5;6
14;9
112;5
74;2
6;1
38;8
11;8
47;4
3;5
102;1
100;2
87;1
64;2
77;5
21;9
101;9
103;7
79;6
85;4
90;4
108;3
49;7
104;7
106;4
101;9
10;4
58;3
101;1
36;4
102;9
76;6
62;7
109;1
38;9
82;9
74;7
67;2
11;7
31;1
88;6
107;5
54;7
71;8
66;2
47;9
85;4
45;6
18;5
7;8
94;5
71;8
14;4
96;1
18;4
56;7
53;4
44;3
78;1
19;4
38;7
29;5
71;7
62;3
2;7
73;9
8;7
79;5
108;3
114;6
28;9
2;1
29;7
53;3
89;2
91;8
65;6
8;1
11;5
108;5
67;3
47;9
21;9
64;7
13;1
111;5
2;5
50;4
12;6
74;6
66;4
5;1
81;4
43;3
85;5
35;4
10;9
70;1
104;7
74;8
28;8
89;6
95;8
78;6
41;4
100;8
8;5
53;5
16;3
107;9
67;4
74;6
104;2
59;3
108;8
17;6
1;4
63;6
80;5
90;3
39;5
15;3
103;6
17;4
51;9
37;3
96;1
59;4
59;8
98;9
98;3
103;4
107;9
112;9
85;7
26;2
1;1
10;4
87;8
112;6
41;9
21;2
26;9
6;8
66;9
97;7
22;7
106;5
102;7
10;2
22;6
40;8
35;5
105;1
32;9
33;7
92;7
77;1
88;3
91;6
47;3
21;9
23;2
3;4
41;1
82;8
91;3
14;5
17;4
110;6
98;2
103;9
18;4
86;6
27;4
47;1
65;1
1;8
48;7
10;4
16;2
49;8
28;1
69;8
78;1
99;7
63;7
51;3
58;4
55;2
70;9
86;5
14;1
15;3
105;9
13;2
70;1
80;6
20;1
109;1
86;5
109;8
37;2
107;2
18;3
52;2
10;3
44;1
31;7
89;5
60;2
56;5
3;8
85;6
6;7
13;9
107;8
6;3
28;2
56;4
70;4
82;3
3;3
28;1
72;2
30;6
101;5
76;5
35;7
78;5
109;1
60;4
102;4
40;4
95;1
36;4
78;7
53;3
85;1
55;2
22;6
92;3
109;5
107;2
96;1
26;5
29;6
35;4
67;2
45;7
21;4
90;2
79;8
110;1
27;6
46;3
87;9
99;4
102;2
16;6
100;1
100;9
77;9
32;6
72;7
88;2
21;7
99;9
21;3
85;8
23;9
47;6
62;3
96;3
56;5
50;7
84;4
22;3
10;9
24;9
33;2
29;9
82;2
19;4
55;8
37;6
64;3
54;2
38;8
58;5
77;2
85;6
55;6
58;7
9;8
84;1
98;8
54;2
41;1
18;1
86;3
2;8
7;6
54;3
32;6
32;1
33;5
64;8
60;7
56;9
27;7
7;4
46;9
54;7
3;1
70;4
74;2
57;9
62;6
3;2
110;3
112;7
30;5
24;6
10;1
72;9
58;2
45;6
59;2
37;9
8;8
114;3
69;4
75;8
97;6
29;9
16;6
14;7
107;2
68;3
30;2
109;8
8;1
21;4
21;8
2;4
89;5
56;6
49;9
12;6
15;3
90;8
82;5
97;7
13;6
112;7
96;7
90;7
66;4
88;7
79;4
111;5
92;8
69;3
97;4
52;4
76;4
75;3
51;9
78;5
80;2
43;7
78;5
92;7
29;3
33;9
85;2
9;1
64;3
32;3
99;4
87;6
44;5
77;4
12;6
62;2
24;6
55;8
17;5
5;9
20;1
24;8
7;4
50;8
99;5
1;4
45;2
33;8
101;9
42;1
36;1
65;9
92;6
61;8
44;6
1;3
113;7
74;5
33;1
58;2
75;2
66;4
51;9
26;8
111;1
17;6
4;1
104;9
4;8
36;9
112;4
27;3
26;3
86;1
43;9
31;6
29;2
18;6
66;8
19;1
46;1
53;3
2;5
52;9
19;7
93;2
57;4
114;4
8;1
43;8
32;6
65;3
64;5
12;8
106;2
113;7
28;3
42;7
15;1
28;8
106;4
104;5
2;8
88;2
96;9
23;7
60;3
71;5
101;3
27;4
74;5
114;2
16;5
102;9
52;4
33;9
73;2
56;1
76;8
84;5
43;5
10;4
2;9
57;7
91;3
24;7
41;4
101;4
111;4
54;8
109;2
73;7
35;8
27;8
104;2
63;6
106;4
107;3
11;8
26;5
35;6
72;6
64;2
30;3
18;1
7;5
21;9
94;5
80;7
85;1
64;8
47;6
90;1
37;7
64;3
57;3
14;9
92;4
34;1
27;1
21;3
5;5
13;2
104;7
86;5
37;2
19;2
5;5
83;4
64;5
99;1
71;6
81;3
114;5
68;7
110;3
54;9
86;7
92;8
101;5
19;9
50;1
64;3
47;3
78;5
38;2
36;7
48;9
64;4
33;3
48;9
100;5
55;5
35;7
63;7
71;3
6;2
20;4
114;3
26;4
69;3
1;9
38;4
32;8
111;4
96;7
72;6
104;1
12;3
71;1
91;7
109;5
100;5
48;6
81;8
33;1
76;6
102;7
71;2
106;1
27;2
104;7
100;3
21;9
82;4
89;8
97;9
51;8
2;1
111;7
16;7
89;2
29;5
95;9
114;4
14;6
94;2
48;8
1;4
63;6
22;7
41;4
98;1
111;4
54;4
113;7
25;1
88;9
69;3
61;4
38;2
102;6
13;8
39;6
2;8
56;1
58;4
65;3
68;4
95;6
74;6
67;2
5;8
79;8
41;6
53;6
24;7
94;5
64;3
21;3
63;7
44;6
113;1
10;3
95;3
18;2
83;6
40;8
25;2
4;9
71;9
84;8
98;5
50;3
58;4
1;8
45;9
32;9
108;2
62;3
101;9
64;9
51;6
88;6
32;7
106;2
82;8
91;6
30;9
95;4
67;7
17;8
53;9
67;3
12;8
52;3
109;5
20;7
75;4
71;9
45;7
29;1
1;4
20;5
107;3
45;1
42;2
59;5
69;9
18;1
91;7
45;2
13;6
17;5
21;8
46;4
56;1
114;7
62;6
5;6
30;3
91;9
86;2
21;9
114;3
13;5
9;2
41;7
104;7
2;6
9;6
80;4
102;1
31;5
80;3
42;8
67;4
72;3
52;8
90;7
111;6
12;4
16;2
56;7
11;2
12;7
77;1
110;4
84;1
59;8
100;9
65;3
30;6
62;5
62;2
32;8
111;3
54;7
84;9
61;7
11;9
101;4
28;9
28;3
92;4
42;4
81;5
27;2
24;1
50;9
22;4
103;2
12;1
25;1
43;3
60;8
31;1
85;9
49;8
93;8
87;7
48;8
66;9
100;7
49;4
10;8
78;5
6;8
60;5
56;2
90;8
47;5
84;1
14;3
61;2
101;5
104;4
47;4
26;7
71;6
92;2
21;7
94;5
34;1
26;5
82;7
30;8
22;2
55;9
21;6
97;7
106;5
45;5
54;4
5;3
76;4
34;9
107;3
100;7
81;5
66;3
110;4
97;2
41;8
6;3
54;6
66;9
56;4
38;4
96;6
112;2
106;9
20;3
84;5
86;8
97;8
97;5
36;8
101;5
100;7
83;7
114;4
60;7
53;7
9;8
5;7
17;5
16;3
21;4
54;8
85;6
24;7
23;5
97;6
113;2
109;2
89;9
18;4
101;1
32;1
2;8
112;3
17;6
15;1
50;1
86;9
63;8
112;5
105;3
46;3
5;9
76;7
41;8
55;7
34;1
91;5
53;2
8;8
25;3
114;3
14;8
50;2
70;7
39;4
104;1
101;6
66;2
19;1
68;3
112;9
41;5
102;3
71;6
84;9
17;2
80;6
27;1
50;7
75;4
16;4
25;1
111;5
82;1
60;4
68;1
41;9
41;8
110;3
45;5
51;7
18;8
89;1
3;1
42;4
77;3
34;3
29;4
56;8
71;2
106;3
103;1
2;8
8;4
47;6
63;5
82;3
3;9
88;2
17;5
42;6
73;4
76;9
97;2
87;4
31;4
107;9
111;5
59;3
14;4
84;1
33;6
98;8
106;3
61;8
105;4
11;2
35;9
51;5
86;6
9;5
65;2
108;3
51;5
72;1
48;4
32;2
64;7
30;6
112;4
24;6
62;5
104;9
15;4
98;9
97;4
53;9
97;8
37;1
78;4
27;2
5;1
27;2
39;9
79;2
88;1
63;5
93;6
42;2
11;6
63;6
84;4
63;7
93;2
3;1
44;8
81;2
52;7
48;1
79;1
35;8
106;7
8;2
76;5
61;4
59;5
14;8
87;4
82;6
35;4
26;8
44;4
45;4
22;8
100;1
74;9
88;9
66;9
3;7
19;6
92;7
85;7
38;6
28;3
99;6
28;9
98;4
10;7
7;3
114;1
44;6
3;8
37;6
98;2
74;2
100;1
37;1
2;4
28;3
58;6
44;8
34;3
48;4
12;9
47;5
104;5
74;5
29;9
43;4
38;9
57;6
45;6
98;3
106;1
62;1
88;3
28;3
92;3
30;3
71;9
14;5
48;4
30;6
25;5
72;8
30;4
89;4
99;7
22;7
63;2
97;5
26;2
76;3
107;3
88;6
18;7
50;7
51;9
45;6
24;9
92;9
19;8
93;5
102;2
6;3
45;6
85;5
99;2
78;3
49;7
64;3
32;3
99;7
104;2
20;2
23;7
77;2
87;2
113;6
77;4
110;5
1;6
81;4
33;7
93;8
19;2
82;2
27;1
74;9
32;8
32;9
7;7
87;2
108;9
4;8
31;4
83;1
15;8
2;4
2;1
45;3
52;1
85;6
85;6
26;3
72;9
12;1
18;3
84;9
73;4
111;7
74;1
113;8
40;5
41;7
81;5
34;4
74;8
16;2
62;4
68;4
55;9
4;6
108;4
2;8
2;9
63;3
69;3
72;6
110;1
26;5
43;5
58;4
71;5
22;1
39;2
81;9
87;3
36;3
31;2
2;6
61;2
32;7
110;1
6;7
22;2
73;8
15;2
83;9
110;9
103;7
75;1
36;9
25;5
34;8
112;7
10;2
108;9
42;9
78;1
54;5
25;9
111;2
5;4
1;2
34;8
26;9
73;1
51;8
65;3
104;4
84;2
9;5
62;5
104;1
43;6
110;2
88;3
89;7
14;7
14;8
2;2
11;7
98;6
75;4
74;5
30;3
4;9
93;8
101;7
102;7
42;9
83;1
27;2
35;1
76;8
110;3
39;9
69;6
35;4
57;4
43;8
74;8
32;6
102;1
22;7
12;4
7;8
31;7
40;8
56;8
24;9
60;1
62;1
58;4
62;5
25;9
67;5
72;7
26;2
6;2
16;2
110;4
107;4
29;1
30;6
82;4
10;8
74;8
68;3
13;8
29;3
83;9
5;8
80;7
92;7
17;6
20;1
83;1
108;7
6;4
65;9
78;7
104;7
104;8
36;6
108;6
50;7
35;4
84;9
77;9
107;6
66;8
43;8
110;2
103;6
11;9
37;1
20;3
91;4
93;2
26;9
30;3
82;8
112;9
74;4
6;2
51;6
15;4
67;2
78;2
71;2
92;7
99;1
49;2
113;4
7;8
70;6
25;8
71;3
71;6
11;9
78;3
82;8
109;7
2;9
82;7
20;6
28;3
113;4
82;9
112;4
79;6
71;1
40;3
39;5
31;7
3;7
68;3
90;1
76;8
47;8
42;8
34;9
64;7
24;4
4;4
63;2
65;3
41;2
41;4
39;9
17;6
94;8
51;6
65;7
15;8
12;4
111;1
81;5
92;3
94;5
53;3
68;2
44;2
60;5
35;1
51;9
1;1
15;7
83;3
82;7
87;2
55;5
57;3
91;3
5;8
22;6
18;7
89;2
38;5
29;3
99;6
24;7
6;6
75;4
47;1
24;5
48;7
110;7
56;8
38;8
9;7
74;9
2;2
109;6
82;3
7;9
14;6
109;1
47;7
5;8
84;9
88;6
28;6
79;4
110;1
63;6
62;2
7;2
94;8
102;5
90;5
12;9
5;7
81;9
27;9
29;4
68;3
87;8
62;9
72;5
65;5
45;6
75;2
92;2
77;8
2;5
92;9
6;6
101;8
32;7
42;2
73;2
4;9
83;9
79;7
74;5
52;3
25;4
6;2
103;8
114;1
96;1
38;7
98;6
7;6
37;2
68;3
62;9
94;5
36;6
75;5
86;5
99;9
109;3
59;5
37;4
102;4
77;1
66;3
98;5
99;4
36;2
109;8
80;4
16;4
2;3
2;5
67;3
81;2
68;6
31;1
19;3
46;9
30;9
106;1
82;3
65;9
46;9
105;4
37;1
83;2
72;8
60;7
48;3
7;5
53;8
34;6
57;1
40;6
23;6
80;6
8;1
81;1
98;1
36;1
58;7
5;1
85;2
50;8
102;3
61;2
63;2
55;9
45;3
26;8
54;9
78;6
22;2
11;7
43;5
37;7
5;6
30;5
16;1
10;3
64;1
86;4
72;7
46;3
83;3
102;8
27;3
112;9
77;6
58;7
20;1
106;1
113;5
77;6
102;9
38;9
82;6
24;6
62;4
57;1
27;5
3;3
36;9
36;3
94;8
98;2
34;4
16;1
108;6
30;4
29;7
9;6
74;9
2;8
83;4
15;2
77;9
5;1
33;2
95;8
70;7
84;6
107;1
67;7
64;5
102;8
17;7
102;8
30;6
106;9
43;6
112;8
18;3
102;8
43;2
111;3
21;2
51;6
12;4
78;8
68;8
83;7
3;9
113;5
14;9
59;3
98;4
78;6
17;4
9;8
80;6
31;8
91;2
63;1
16;3
5;8
39;3
10;3
87;9
55;3
33;3
10;6
103;1
40;2
37;5
97;9
45;3
95;2
73;3
42;7
61;8
8;7
7;1
45;1
40;8
113;3
95;9
44;9
103;1
44;1
19;9
38;6
52;4
68;1
52;6
86;8
112;6
8;6
40;5
98;4
100;9
41;4
66;2
95;1
72;1
44;5
52;3
37;1
106;7
29;4
32;3
13;2
74;1
72;5
11;9
15;9
113;3
97;1
69;1
11;1
105;2
52;1
96;8
102;5
64;5
101;7
92;3
3;1
41;4
90;8
51;8
11;3
32;8
78;7
7;9
25;4
50;5
10;1
11;6
7;3
18;3
91;9
24;6
101;3
104;8
18;1
15;4
106;2
67;2
9;1
12;8
96;6
76;4
85;8
13;7
4;7
3;6
5;6
98;1
83;3
27;7
46;5
10;5
87;6
18;2
33;2
38;4
2;7
89;5
57;6
110;1
7;5
16;2
44;8
58;7
74;2
77;9
23;7
38;6
46;1
53;3
2;2
35;4
107;4
88;1
15;9
3;8
46;7
18;1
65;7
79;8
17;5
36;6
81;8
89;4
1;3
17;1
43;1
98;2
26;6
35;7
15;5
38;3
112;8
17;4
13;4
20;3
72;9
79;5
49;1
2;4
53;3
22;7
78;6
96;9
27;4
66;1
90;1
70;8
40;8
18;6
7;4
88;8
24;2
38;6
94;9
23;6
100;6
20;2
103;2
50;9
54;3
113;8
10;2
57;2
77;2
71;2
39;1
75;4
10;6
4;9
46;3
70;3
107;5
48;1
81;6
45;1
45;8
93;6
24;3
61;2
92;9
25;6
11;1
113;8
95;8
63;5
87;8
10;5
29;4
9;2
43;7
70;9
66;1
53;2
15;5
72;5
17;2
14;7
112;9
53;4
5;4
105;7
99;7
43;8
51;2
55;9
46;3
14;4
82;7
26;2
57;1
55;9
73;7
21;8
32;6
10;3
35;5
85;6
91;9
29;6
112;6
11;7
97;6
71;7
25;2
31;3
112;1
56;3
8;2
27;1
15;1
69;3
88;3
67;4
12;3
77;2
50;8
33;5
87;3
80;5
62;7
35;6
67;7
85;2
64;2
8;3
72;5
34;8
62;4
65;1
15;4
59;9
76;4
65;9
39;2
99;2
105;7
109;5
107;4
75;4
10;8
104;7
20;1
2;8
73;4
37;6
61;5
56;8
18;8
88;7
82;1
29;6
98;7
103;5
41;7
48;8
63;8
59;9
29;7
104;5
85;8
107;6
28;1
48;4
67;9
7;7
66;6
69;8
58;9
22;3
54;4
55;9
11;4
61;5
108;8
65;1
106;6
55;1
28;8
74;5
5;7
22;5
89;1
11;3
84;5
61;6
61;1
21;2
108;4
62;3
2;6
80;5
104;6
3;8
42;2
86;2
36;3
57;4
92;9
39;4
7;2
66;4
10;7
1;9
99;6
97;2
2;1
64;7
75;3
18;5
24;5
73;8
14;2
103;7
20;7
53;2
47;5
32;3
105;6
99;8
73;1
97;8
97;2
19;1
5;3
84;8
31;8
5;1
86;3
17;3
81;3
28;6
19;8
40;8
2;6
21;3
43;4
36;6
36;4
108;3
7;5
30;5
80;1
22;1
94;4
11;3
88;7
83;4
112;9
91;6
67;5
19;5
60;8
91;3
38;9
65;7
65;2
88;6
1;7
26;3
114;5
60;2
45;3
27;4
52;6
69;1
5;2
82;8
47;7
35;5
102;3
17;7
12;6
52;8
52;2
76;1
95;7
92;5
62;3
55;1
82;1
79;1
111;2
8;3
105;4
80;5
67;8
32;9
39;3
71;7
4;9
67;5
95;8
77;4
41;2
44;8
13;6
31;9
42;2
4;2
22;5
101;1
37;1
37;5
99;1
65;6
56;2
62;9
105;5
36;7
45;4
54;9
110;9
22;2
17;9
7;7
102;5
104;6
76;1
101;1
1;3
90;5
32;5
83;7
48;2
47;3
6;9
92;2
105;7
6;2
103;2
17;3
36;2
6;2
57;5
100;6
49;1
109;8
36;2
75;1
11;7
69;7
2;2
110;1
17;1
20;6
108;5
54;3
28;4
94;7
33;3
58;8
25;3
78;3
5;4
34;4
15;3
56;6
105;9
22;6
14;5
44;6
8;2
19;9
87;3
27;9
45;5
75;8
49;6
78;4
98;7
17;4
51;1
85;5
78;8
93;4
7;7
5;8
3;8
105;5
29;4
39;4
111;6
22;3
100;5
98;7
43;6
92;8
79;8
78;3
63;5
74;9
57;9
14;7
106;5
68;3
106;5
11;4
91;9
2;4
1;4
102;8
51;7
78;4
31;8
22;3
49;7
60;3
15;5
7;9
3;8
86;1
96;9
45;5
2;4
36;9
55;6
108;6
2;6
85;1
9;9
104;9
68;4
87;4
79;6
38;3
74;9
68;3
1;6
66;9
87;8
86;3
113;6
31;9
100;7
9;3
87;7
19;8
19;2
79;6
56;1
3;5
39;3
93;9
97;4
81;5
37;7
57;8
11;1
11;9
53;3
16;8
5;5
64;7
51;8
12;6
24;2
78;7
101;5
4;9
29;9
29;2
99;4
52;4
9;7
20;5
38;1
108;5
8;7
9;1
105;9
73;7
85;1
71;9
71;1
18;7
8;4
98;2
35;4
107;3
55;8
74;2
82;8
27;5
13;1
102;5
12;1
11;4
52;8
80;5
33;4
63;6
87;9
11;5
14;5
10;6
63;8
22;5
14;2
79;3
59;9
102;5
73;1
31;7
41;3
14;5
104;6
81;6
69;2
108;4
35;3
100;4
103;4
28;1
58;1
49;1
46;4
66;2
74;3
94;3
58;9
39;8
87;4
84;7
35;2
12;1
25;6
58;8
53;6
20;9
90;3
62;8
80;9
17;1
60;9
74;3
104;9
14;9
26;6
67;4
19;1
97;9
31;6
49;9
77;8
112;5
112;2
104;2
32;9
48;9
90;7
13;9
18;1
81;4
41;1
22;2
59;8
111;5
1;3
3;9
106;2
82;8
74;8
40;2
15;2
28;5
97;8
27;9
4;1
106;8
47;7
97;1
43;3
99;1
40;3
18;6
13;7
26;5
25;4
49;2
43;2
62;3
36;7
50;7
106;4
20;6
85;6
77;8
42;5
11;9
60;7
56;2
30;9
26;1
41;2
69;5
66;7
9;8
63;6
4;6
38;8
11;6
40;2
97;3
37;9
58;4
79;9
30;6
7;9
85;8
74;3
1;5
90;2
106;4
2;4
87;4
93;8
1;7
15;5
46;6
26;8
103;8
107;7
10;5
54;7
63;1
77;1
42;4
29;1
32;9
96;7
58;5
73;2
37;2
15;3
55;9
61;4
106;5
27;2
82;2
97;3
34;4
88;7
109;7
23;8
112;2
113;6
84;1
79;9
82;1
65;4
112;8
44;9
40;1
35;2
24;1
22;4
61;4
10;9
71;6
96;3
16;5
60;5
10;9
106;6
63;5
76;3
21;1
7;3
56;6
60;5
63;6
42;1
41;5
33;3
85;9
74;1
94;1
1;6
85;4
58;4
113;3
19;4
2;7
16;4
87;8
86;8
86;6
94;7
20;1
105;8
104;3
28;1
89;8
76;9
26;1
5;7
49;6
10;3
86;8
41;1
14;1
97;2
92;7
109;3
35;5
2;8
73;7
18;2
47;8
20;5
86;8
45;9
39;2
58;8
71;7
28;6
73;5
20;8
76;8
68;5
85;3
73;8
73;4
22;4
10;1
104;1
48;4
74;5
63;8
58;9
15;3
11;1
52;2
20;4
72;9
112;7
85;9
23;9
70;9
50;3
38;8
59;5
42;7
56;8
58;2
69;6
84;2
28;6
8;2
30;2
91;7
13;4
59;6
60;5
85;6
77;7
17;7
1;8
23;1
11;9
76;9
87;4
37;7
82;3
109;2
93;3
6;2
46;8
2;4
85;6
79;4
55;4
27;7
36;9
86;2
57;3
60;9
111;7
97;3
30;2
3;5
65;7
55;9
113;4
7;1
63;2
27;2
1;8
98;7
85;6
80;1
61;9
95;9
93;4
102;3
107;9
114;7
6;7
73;7
11;7
87;1
24;6
3;6
110;8
73;5
83;4
87;8
30;9
46;9
93;8
92;8
49;6
34;8
57;8
51;1
95;5
109;7
5;5
63;1
8;8
56;7
97;3
114;3
93;4
99;3
44;1
86;5
37;3
74;2
51;7
68;1
40;9
89;9
53;4
93;7
96;4
24;1
60;6
88;3
23;7
45;2
111;7
33;9
8;2
1;7
23;5
39;4
2;9
85;8
25;5
21;5
37;9
40;1
92;6
112;8
66;2
41;2
49;6
104;6
59;2
90;9
68;8
15;2
108;6
21;1
95;3
37;3
89;9
43;1
71;5
16;1
74;9
112;7
78;9
6;4
61;4
70;3
35;9
91;6
90;7
8;8
63;3
14;5
27;6
71;6
68;2
20;6
93;9
72;6
94;6
59;3
31;4
24;3
112;4
72;2
62;4
82;1
70;4
20;7
4;3
49;9
92;7
35;2
111;5
17;5
13;3
15;3
24;9
93;9
4;7
86;8
80;8
106;8
101;1
41;8
33;5
25;3
20;5
95;7
88;9
48;7
32;5
112;1
24;9
11;7
49;7
10;4
27;3
58;6
69;9
33;3
83;5
37;7
91;8
63;9
6;6
84;8
60;7
100;7
6;6
102;3
93;8
53;9
96;2
101;5
85;5
50;2
41;9
61;5
101;7
61;7
101;1
42;4
54;1
54;8
67;9
91;2
59;4
60;4
114;2
15;5
56;5
85;9
63;2
34;5
72;2
47;6
6;4
95;4
33;6
23;2
48;7
14;7
82;7
28;2
106;3
112;1
53;8
56;6
17;8
11;1
35;9
102;3
91;5
64;2
81;5
9;3
3;2
11;3
75;3
61;7
34;6
110;7
107;6
57;8
18;7
20;4
72;1
85;6
108;4
9;5
10;8
5;1
4;2
113;2
58;3
109;2
32;9
79;3
18;5
51;1
85;4
92;7
81;2
19;4
10;2
100;1
73;5
80;6
2;7
41;1
64;9
100;3
75;7
101;5
83;3
44;7
8;3
62;2
59;8
84;4
81;7
114;4
75;1
95;4
16;9
63;7
33;2
15;7
11;6
71;5
80;9
89;5
57;6
11;5
41;8
102;6
29;1
1;5
46;3
15;7
112;9
107;5
94;4
21;2
107;7
62;8
10;9
80;3
85;2
46;7
55;3
50;1
19;6
104;9
11;9
8;8
15;9
31;9
34;6
90;4
57;6
34;1
25;5
104;1
74;2
31;3
22;7
107;1
16;7
103;5
104;1
48;5
38;5
8;9
28;6
99;8
30;5
106;6
61;6
101;2
42;3
21;8
89;1
46;2
10;4
84;1
95;2
47;1
62;3
56;7
20;7
108;5
27;8
2;8
62;4
103;2
35;2
8;6
11;4
7;1
80;4
21;2
7;1
90;5
83;8
106;5
96;7
103;4
104;9
53;2
105;5
66;1
68;4
55;4
59;1
76;3
48;8
42;7
39;5
60;4
31;1
95;6
36;6
91;6
57;2
81;6
46;5
79;5
45;4
1;3
84;6
9;6
46;3
107;1
93;2
16;1
104;3
105;9
49;7
39;3
1;5
91;9
5;6
39;7
45;9
12;2
62;1
13;6
52;3
26;4
82;5
82;2
11;4
34;4
4;2
82;7
74;8
70;3
18;1
49;8
52;2
9;8
87;1
28;3
16;3
68;5
50;1
3;4
63;4
73;4
20;5
32;6
19;5
108;1
63;8
19;8
108;9
9;1
74;2
66;1
87;3
2;2
67;1
106;4
85;9
48;6
41;6
87;8
106;4
12;8
62;1
92;8
25;4
106;4
102;9
13;5
107;4
113;5
75;8
76;8
81;4
79;3
24;8
20;7
84;8
22;5
12;8
62;9
16;4
89;6
11;8
50;9
59;1
105;6
91;5
112;4
77;5
31;6
74;5
24;5
60;7
62;3
110;8
95;2
112;4
13;9
56;5
98;7
66;3
9;2
93;1
39;8
40;3
27;2
1;1
104;3
9;4
95;5
44;5
51;8
99;2
114;8
112;5
20;4
65;1
40;8
37;2
45;8
96;1
2;6
72;4
36;8
72;6
45;5
74;3
33;7
6;6
42;5
18;5
49;2
53;8
53;5
27;4
67;6
72;2
31;6
20;1
28;4
35;2
12;2
25;5
114;7
78;8
56;7
16;9
63;3
63;3
4;7
33;8
27;3
17;2
103;5
101;7
22;3
24;6
50;3
16;8
43;3
69;1
24;7
77;3
5;6
31;7
104;5
101;2
67;3
91;3
17;7
48;4
110;4
93;5
81;3
17;4
14;4
61;1
29;8
42;7
19;3
19;1
85;9
93;2
39;7
60;7
88;9
6;6
93;5
58;3
84;8
9;3
37;5
14;9
90;9
8;7
84;6
108;7
32;4
56;4
38;4
47;3
25;1
49;9
99;7
71;2
96;2
50;4
80;8
46;1
65;9
40;3
7;8
62;3
93;3
90;6
68;7
108;8
78;3
109;7
90;8
27;2
53;8
21;7
54;8
80;1
26;2
71;9
37;5
96;7
112;8
105;9
32;4
31;9
10;8
75;8
83;8
104;6
24;5
32;8
4;7
80;7
75;1
32;4
69;8
50;8
84;5
10;9
8;8
56;7
101;8
93;9
54;9
8;7
68;4
37;9
112;6
92;8
41;5
79;7
80;2
102;4
7;5
27;1
29;3
79;9
100;7
41;8
43;3
58;6
80;9
28;7
99;1
2;8
33;3
66;4
58;7
70;2
56;1
52;2
52;9
26;1
107;5
109;8
100;1
54;7
114;6
69;3
82;5
49;8
22;1
73;9
6;5
8;5
107;3
53;4
87;2
100;3
67;1
25;7
88;5
20;7
58;5
100;9
62;9
61;8
98;3
81;5
57;1
6;4
106;8
44;1
74;3
10;5
17;5
114;3
73;5
17;4
40;8
85;6
96;4
11;5
114;3
53;6
52;8
53;3
112;8
30;9
99;2
14;9
114;7
81;1
60;2
95;7
99;8
59;5
19;2
60;3
55;2
8;2
102;4
10;4
113;1
85;3
49;8
25;8
33;2
30;2
20;8
69;3
15;4
56;5
62;3
58;2
14;1
32;2
34;9
94;2
13;9
57;5
16;9
76;8
32;9
3;7
84;9
3;3
44;7
58;2
82;6
43;3
12;6
109;5
45;9
10;1
28;6
8;1
30;8
25;4
57;2
4;7
46;9
29;8
33;2
84;8
28;7
22;6
7;3
111;5
49;4
65;9
12;1
76;6
81;4
79;1
82;6
62;7
87;3
24;4
100;9
65;8
89;9
29;7
4;5
96;4
53;3
75;7
58;5
24;4
56;7
29;4
99;3
17;1
17;6
27;5
75;9
114;5
70;9
67;5
14;9
63;1
8;6
45;9
101;5
51;3
7;9
77;6
5;2
64;4
28;2
105;5
91;1
9;8
78;2
3;1
88;6
103;7
2;8
114;5
54;2
2;4
16;3
27;4
71;6
105;7
110;1
18;3
28;2
60;7
106;9
77;5
68;4
88;6
70;8
80;8
68;4
81;3
42;3
75;2
82;2
57;6
89;3
32;4
84;5
40;2
82;3
110;8
53;4
10;2
59;5
108;4
38;3
4;4
23;8
111;2
33;9
68;4
102;3
67;4
66;7
84;5
102;6
63;2
14;2
44;5
112;3
84;1
43;2
70;5
83;9
30;6
55;9
29;7
27;8
28;6
103;7
98;8
58;7
19;5
70;6
74;7
77;1
75;2
5;6
112;3
61;7
53;6
108;2
9;9
113;9
20;9
39;9
19;6
114;1
5;1
111;7
99;5
108;9
65;5
51;6
73;2
95;2
22;8
28;7
61;7
66;9
20;2
32;4
60;3
60;6
45;4
111;3
65;2
71;3
47;9
20;2
100;5
85;4
96;9
105;4
113;4
53;1
30;1
55;6
79;3
106;6
1;9
100;5
87;3
33;4
95;1
37;3
15;9
114;2
4;7
23;8
105;1
78;2
90;4
44;1
20;8
34;5
107;9
69;2
45;1
49;5
54;1
37;8
58;6
105;7
91;2
46;2
18;3
39;9
18;8
110;4
40;6
72;8
84;1
29;8
19;4
50;7
63;6
36;4
32;5
41;4
103;5
81;8
112;1
49;9
82;3
23;9
31;8
108;1
110;5
32;9
105;2
59;9
23;9
46;2
11;5
61;8
86;4
41;5
65;1
66;1
2;1
71;4
68;2
64;7
112;1
114;4
35;5
5;8
42;4
9;4
1;8
64;1
5;3
74;6
107;7
32;1
24;7
37;6
73;7
85;8
94;7
97;6
109;7
17;2
86;1
54;8
44;6
73;3
61;5
66;3
34;6
4;7
40;4
6;1
21;1
95;7
73;2
53;1
56;9
13;6
61;9
64;7
103;3
30;4
62;8
83;8
9;7
36;7
105;2
112;7
6;3
102;7
113;8
26;8
92;7
107;1
105;9
18;2
61;5
109;6
21;8
31;4
96;7
42;8
104;6
70;1
52;6
17;3
43;9
94;2
60;1
95;2
26;9
17;4
16;6
45;6
39;9
30;8
41;5
94;8
62;6
61;9
89;8
101;8
81;4
34;1
26;2
53;3
30;4
108;6
56;1
38;4
105;1
32;4
21;9
50;4
74;6
42;2
94;6
61;8
1;3
37;7
102;6
26;9
45;2
93;3
103;3
107;3
53;7
94;5
110;1
4;1
23;7
114;6
71;5
1;6
34;7
49;5
6;7
48;7
59;8
75;4
5;6
77;8
102;3
50;9
29;6
90;1
91;5
47;7
5;8
112;6
45;9
11;3
45;7
98;3
112;9
109;6
23;3
14;7
62;5
72;6
108;7
59;9
100;9
45;6
31;5
15;2
79;7
60;5
6;4
89;3
111;2
111;3
10;7
39;2
60;3
1;9
57;7
42;9
68;8
67;2
101;8
96;9
13;1
5;2
23;8
51;1
95;7
55;3
75;4
77;2
66;2
26;9
32;4
4;6
9;5
42;8
35;3
49;9
109;5
99;1
19;9
43;9
55;8
8;1
45;3
95;7
12;6
37;4
98;7
61;7
109;4
71;6
78;3
29;7
107;7
15;2
105;5
51;5
52;4
77;9
82;9
9;3
40;6
75;1
38;5
92;4
24;5
27;2
96;9
81;4
19;3
30;9
102;1
31;5
42;6
99;5
20;6
66;7
75;4
52;9
80;5
3;7
53;8
69;4
10;3
17;4
5;5
4;7
2;1
79;4
112;4
28;3
8;6
84;6
55;8
94;3
42;3
24;5
56;3
97;6
38;6
17;4
31;7
78;2
14;8
96;8
113;3
70;3
33;2
70;9
56;2
45;3
12;5
34;7
16;3
27;7
65;4
20;3
84;4
50;8
43;9
74;1
50;2
51;3
86;3
61;1
23;1
102;7
50;2
94;5
42;5
69;6
101;6
74;2
102;1
96;8
38;7
19;6
63;3
99;3
86;6
58;4
97;6
65;5
112;3
6;9
18;7
7;8
96;2
55;2
16;7
16;8
60;6
13;1
64;2
14;4
90;8
6;9
89;7
110;5
49;8
2;5
51;7
110;9
34;2
31;9
74;3
46;2
34;6
28;4
26;5
99;2
52;6
37;3
78;1
78;2
7;5
55;5
100;4
69;8
113;4
80;9
80;3
33;1
53;7
85;8
10;1
56;2
15;5
3;6
107;3
100;8
67;4
2;7
16;8
41;1
103;7
99;8
17;8
57;2
14;4
40;6
72;1
30;2
53;5
45;2
96;8
17;6
23;3
9;8
114;1
96;8
3;8
102;6
63;4
85;5
80;7
112;1
53;1
99;7
52;4
99;6
81;3
40;8
22;9
73;2
88;4
96;1
84;5
99;3
43;3
44;7
60;5
69;3
104;2
74;4
96;8
94;1
26;7
79;7
45;3
95;2
10;1
111;8
11;9
39;9
25;4
110;3
16;5
12;7
15;2
57;9
64;6
67;6
90;4
58;9
110;1
52;3
9;1
59;8
33;2
35;3
35;4
85;1
8;2
3;6
64;3
65;8
56;9
99;3
68;7
100;6
65;4
4;7
50;5
61;2
15;8
52;2
73;5
91;8
71;4
69;1
96;1
19;9
55;2
67;5
65;7
87;8
83;1
97;5
60;5
11;7
45;2
93;7
13;8
41;2
44;3
45;8
2;9
50;2
16;2
38;4
110;4
58;8
3;1
98;3
42;3
12;1
1;9
12;1
84;6
4;8
31;7
88;8
107;2
16;8
54;6
37;5
39;9
102;8
45;8
44;9
37;8
70;3
27;4
16;7
111;9
19;5
39;3
77;7
76;7
113;2
19;6
67;1
53;5
64;9
52;8
72;5
75;6
17;8
59;8
101;1
105;2
14;6
4;5
69;4
5;3
35;3
112;5
84;9
37;9
62;2
5;4
57;6
111;2
95;3
109;4
76;8
78;1
42;8
12;9
33;3
82;7
83;8
59;3
51;1
86;6
40;8
46;7
21;3
90;2
112;5
77;7
22;5
32;5
62;8
26;5
108;4
33;9
48;3
74;7
34;8
18;2
77;4
82;6
107;3
33;7
103;6
98;2
87;5
89;3
105;5
85;3
29;4
28;6
109;7
13;3
96;1
12;3
12;3
45;7
84;3
75;6
23;4
94;6
95;3
28;7
106;3
65;2
89;6
77;7
46;3
14;7
2;8
65;2
101;5
110;7
52;3
36;9
62;4
59;5
108;5
59;2
21;5
86;1
34;4
42;3
75;7
100;7
21;5
36;5
102;8
14;9
65;7
15;7
100;5
106;9
114;3
26;9
10;5
82;3
68;2
17;5
110;6
4;3
43;2
7;8
63;1
21;8
102;2
56;4
76;1
44;7
65;1
102;5
91;7
17;5
114;6
103;3
38;9
45;3
15;8
32;7
49;1
91;2
8;3
111;3
104;8
8;2
90;5
21;9
75;5
59;7
21;8
111;8
109;2
100;4
64;5
103;1
62;2
38;5
64;5
106;3
2;7
107;5
55;1
50;9
9;3
97;7
31;6
73;8
50;1
33;8
29;4
88;1
65;9
2;6
45;2
43;2
105;7
72;8
70;7
53;5
58;2
84;9
7;1
29;8
51;6
114;8
1;2
85;2
73;6
33;4
47;3
89;4
96;3
13;6
55;6
23;4
3;6
88;1
16;7
67;7
46;3
79;4
107;4
48;5
81;2
21;8
69;6
89;4
37;9
39;5
1;4
22;6
70;6
66;9
50;6
24;2
93;2
100;8
100;7
86;3
48;1
53;6
43;5
14;1
77;3
16;9
61;1
88;5
69;8
20;7
76;4
2;2
105;4
89;4
55;2
72;5
78;6
86;1
40;4
89;6
4;2
56;6
35;8
41;7
90;5
111;9
84;4
14;3
25;3
41;1
54;7
4;6
86;5
109;3
103;6
46;7
33;8
39;2
72;1
81;6
66;6
70;6
74;2
56;9
17;5
70;7
92;5
105;5
99;4
22;5
76;8
43;7
25;4
97;5
19;2
107;1
79;8
43;1
77;8
18;1
93;8
68;7
32;4
90;5
23;8
14;3
90;5
35;1
33;8
85;1
78;7
14;3
101;2
73;6
25;5
51;1
53;8
57;4
16;4
107;6
75;8
114;7
80;1
27;3
48;8
15;9
52;9
75;7
51;1
83;8
84;6
73;8
40;2
95;1
28;1
67;6
43;4
84;6
25;6
95;8
86;5
48;2
103;7
50;7
38;7
42;9
76;4
39;3
58;8
93;1
29;9
54;5
72;4
1;6
4;4
20;8
48;4
2;7
21;2
84;5
92;4
98;8
57;9
24;4
101;2
66;3
19;6
14;3
61;2
60;1
74;4
77;4
15;6
49;5
102;3
83;6
112;2
44;6
108;5
50;8
62;9
32;9
3;3
37;1
101;2
111;1
100;9
53;4
100;5
36;7
74;4
22;9
18;9
26;4
80;3
76;1
101;8
103;8
110;1
71;3
71;2
105;8
15;6
106;1
28;4
26;7
65;9
88;5
68;7
77;6
69;9
78;8
91;2
65;3
72;7
106;6
30;7
71;8
15;8
46;7
28;7
34;3
78;1
46;8
14;1
34;9
21;1
80;4
85;7
55;9
68;3
66;8
82;6
52;9
60;8
25;1
17;4
54;6
12;7
23;7
93;3
82;9
36;6
24;3
51;2
97;8
26;1
3;7
56;9
104;6
85;4
36;8
24;9
16;4
39;8
25;9
4;2
73;7
98;8
57;4
32;7
36;3
69;6
110;5
55;8
104;4
90;9
15;3
46;1
67;6
55;5
76;3
98;3
97;7
86;8
65;3
11;1
10;2
105;3
40;8
46;3
20;3
102;8
113;4
102;7
52;5
84;5
78;1
88;5
66;4
104;5
64;4
64;1
41;6
43;7
35;5
111;5
11;2
84;2
84;3
15;9
77;5
111;7
107;5
42;1
72;8
11;3
104;5
23;8
62;3
74;7
55;7
80;7
99;9
112;9
55;2
105;9
69;3
52;6
33;9
93;8
61;3
18;7
53;8
40;7
96;9
87;2
87;1
35;5
107;3
35;9
12;7
66;1
79;4
74;8
43;3
4;9
4;6
84;9
28;3
55;3
10;5
12;6
50;6
88;3
90;7
34;2
14;6
106;3
33;9
109;4
75;1
76;4
72;7
94;9
42;6
51;7
59;3
31;6
74;2
52;9
9;8
44;3
19;1
15;6
16;5
62;1
20;8
21;8
70;9
82;8
29;3
25;8
101;2
60;4
80;5
9;2
36;9
49;6
112;1
103;1
77;2
70;8
33;9
26;8
108;8
70;4
72;2
106;8
34;5
21;2
24;9
95;1
3;9
77;7
107;7
93;5
3;7
41;5
67;5
73;7
5;6
26;7
19;3
112;1
22;7
110;4
114;7
102;5
108;6
66;6
106;8
34;8
48;5
13;4
3;5
86;3
102;9
107;2
40;6
89;9
27;6
108;2
39;3
31;3
70;1
36;6
11;1
33;1
98;7
20;9
62;4
37;3
48;6
7;5
98;2
46;8
91;1
99;1
37;8
37;5
50;6
10;7
29;9
80;5
65;1
78;6
86;7
60;2
18;7
83;7
97;8
90;8
112;4
69;4
1;7
91;2
65;7
65;9
1;4
53;8
104;3
37;5
36;3
72;7
63;8
110;8
39;5
84;7
84;9
44;7
28;6
94;1
84;4
108;4
1;8
36;1
17;5
35;3
21;9
102;8
46;8
91;3
10;7
27;2
61;9
3;8
23;7
30;9
85;7
39;9
99;2
64;4
91;9
26;4
38;4
104;8
61;2
107;9
81;7
76;6
73;1
55;5
42;1
29;5
91;3
36;7
112;1
19;6
50;4
98;7
52;4
19;9
4;3
55;8
61;3
72;5
37;4
75;8
16;2
2;1
48;2
62;1
77;2
39;6
98;5
91;7
101;1
28;3
8;7
9;8
103;8
83;6
12;3
94;7
50;2
82;7
84;8
110;4
79;8
75;7
11;4
62;4
99;6
82;1
83;1
89;8
52;5
93;8
49;7
43;5
82;6
44;6
52;3
51;2
108;8
105;5
59;1
64;7
31;2
57;7
57;4
31;9
54;4
68;8
5;9
113;8
104;5
105;5
94;9
88;7
91;8
97;1
6;4
22;9
31;7
13;1
69;8
66;1
63;5
59;3
39;9
18;8
105;3
64;1
68;5
86;8
23;3
54;7
46;5
57;5
112;5
79;4
58;5
88;5
81;1
76;7
68;5
107;1
83;4
45;8
59;9
92;1
7;7
33;2
3;7
46;3
76;3
69;4
83;1
1;5
29;7
10;1
11;9
16;7
51;7
98;8
56;6
46;9
10;8
2;7
28;3
105;9
71;1
90;4
81;7
16;7
33;2
31;5
23;4
108;3
51;1
94;1
65;8
37;4
13;3
25;2
35;1
81;7
17;7
64;8
88;8
108;1
94;3
68;8
107;9
2;5
105;3
104;6
114;6
73;7
102;7
69;8
70;3
102;2
2;9
17;8
109;9
29;6
27;9
64;7
82;5
100;1
83;4
50;3
86;7
101;5
58;7
9;1
14;4
53;6
15;9
99;4
70;4
36;5
5;7
70;4
15;8
81;3
26;5
92;1
98;8
103;4
15;6
22;7
18;3
54;5
59;8
61;2
80;1
74;2
20;4
6;6
114;7
52;3
98;2
70;7
46;1
5;2
101;4
20;3
58;6
107;3
111;8
23;9
72;5
74;1
7;1
98;8
106;2
37;4
32;3
24;4
41;3
93;1
72;4
78;8
114;2
52;8
63;7
25;9
31;1
101;8
94;7
12;5
105;2
70;5
91;8
110;4
36;8
89;8
84;1
96;6
26;7
42;7
5;2
74;7
103;6
28;6
77;1
1;6
94;1
85;7
89;8
67;7
57;4
89;7
55;1
68;2
3;4
4;1
91;4
62;8
2;6
57;5
47;1
46;8
54;5
77;8
74;5
16;8
61;2
36;3
7;7
18;1
23;6
109;3
66;4
54;6
32;8
40;5
97;2
28;5
51;7
65;7
23;8
29;3
95;2
101;4
67;2
94;1
48;5
8;9
84;3
99;1
3;5
25;6
72;2
31;9
30;6
103;1
99;6
9;5
104;8
74;9
58;7
101;2
33;5
52;5
110;6
80;5
12;1
87;1
58;8
32;5
58;8
90;3
92;3
27;5
82;4
64;5
15;8
100;4
101;2
25;3
49;4
112;1
67;5
18;1
96;9
64;6
1;4
17;3
10;8
112;2
95;8
51;3
2;1
25;4
23;7
105;7
89;5
17;6
1;5
76;1
6;1
64;1
2;7
37;3
84;8
67;8
26;8
77;3
70;1
48;9
56;1
1;1
39;5
16;9
60;6
31;7
52;2
44;6
25;6
97;9
114;4
30;7
41;2
74;3
34;7
97;7
66;1
63;2
44;8
15;1
42;8
24;4
86;8
52;5
68;7
1;4
102;2
78;3
56;7
26;9
66;7
52;9
71;9
42;2
39;7
24;8
81;7
113;1
30;7
77;1
28;4
33;5
57;2
14;2
81;2
27;6
82;5
103;3
71;3
57;9
50;6
32;4
37;5
77;1
110;4
88;7
79;4
96;6
57;8
49;5
2;2
112;4
59;2
92;3
12;3
79;1
104;6
43;4
62;1
57;6
25;7
86;2
26;4
53;2
50;7
14;2
63;3
67;2
12;6
12;3
83;5
32;3
78;5
56;4
53;9
87;7
7;2
59;9
83;6
62;7
69;1
48;6
17;3
24;6
28;2
63;2
40;2
78;5
5;9
58;1
4;5
75;8
59;4
6;3
70;4
55;6
114;7
9;6
91;4
97;7
107;3
84;1
17;2
11;1
93;9
20;3
40;1
110;1
55;4
17;8
83;7
9;3
94;3
2;5
59;8
15;8
29;1
91;7
62;7
81;4
32;7
5;5
14;9
103;6
12;6
57;1
100;8
109;6
78;6
88;4
47;5
6;3
100;7
83;3
91;3
90;4
36;7
31;8
32;1
97;5
13;1
16;3
63;4
1;5
9;3
74;9
10;7
107;7
80;2
30;1
29;6
105;7
37;9
2;5
12;7
9;3
17;5
54;8
52;3
33;4
70;1
54;5
40;4
10;2
25;5
111;6
11;9
7;6
53;5
92;7
15;2
72;8
109;2
110;4
74;6
71;3
12;7
16;1
25;7
46;7
96;9
99;6
3;9
63;2
7;7
95;9
17;8
83;5
109;4
44;6
109;6
33;2
106;2
111;9
101;4
59;9
110;9
101;9
110;1
79;5
70;5
84;5
83;1
52;8
93;1
16;4
104;3
54;7
66;8
22;7
32;2
84;4
74;5
55;1
73;2
75;6
20;5
10;1
37;8
31;8
105;2
52;9
102;2
45;3
88;9
17;4
107;5
27;3
108;9
112;8
114;7
60;8
78;2
83;9
102;4
96;7
5;6
76;7
24;4
40;6
114;9
81;1
37;6
53;1
46;8
103;4
38;6
31;7
49;6
109;7
30;7
23;5
82;4
112;1
3;5
32;9
101;2
1;1
102;8
32;3
29;9
18;7
60;4
13;4
4;4
2;5
20;2
40;7
73;3
59;2
97;5
100;3
73;3
27;2
20;7
77;7
11;8
66;9
51;5
100;1
35;2
21;4
5;8
7;8
37;6
31;5
62;3
81;4
45;8
76;1
97;6
83;6
36;7
54;8
44;4
19;7
83;8
49;9
21;2
19;5
11;3
90;7
62;4
16;7
96;6
31;1
50;7
4;6
61;9
69;4
24;6
61;9
62;1
10;4
79;4
13;1
108;6
96;1
23;9
48;4
83;2
39;9
59;5
13;5
83;1
35;1
56;7
6;2
60;1
4;2
37;7
97;6
42;2
90;1
90;9
8;5
39;4
67;8
28;9
16;3
33;2
52;3
105;3
79;3
96;4
27;4
18;7
29;9
5;8
98;8
76;4
97;8
16;7
61;1
30;1
37;6
9;4
5;6
56;5
9;2
52;8
9;8
14;3
82;3
87;7
104;6
61;8
30;9
108;9
19;4
93;3
68;4
107;7
6;3
8;1
109;7
87;1
20;1
97;8
89;5
23;4
11;4
42;7
24;7
53;9
47;2
110;2
28;4
60;5
77;2
92;8
42;9
107;9
10;6
112;6
89;4
112;3
49;3
71;7
13;1
96;9
72;9
42;2
63;3
11;7
108;7
5;5
28;9
97;3
63;3
103;3
66;2
89;9
109;6
105;9
14;2
2;7
13;7
104;9
33;8
66;6
73;5
8;3
47;3
49;2
95;6
23;2
59;9
3;3
84;8
59;3
20;2
7;5
90;5
69;8
9;6
81;3
93;7
100;6
68;5
111;6
79;3
71;8
35;1
114;6
114;5
20;8
46;3
13;2
50;8
81;6
57;2
37;8
102;9
11;9
97;6
6;9
47;1
85;8
114;3
45;5
75;2
78;7
99;2
9;1
44;7
9;1
10;1
3;2
16;2
64;7
38;1
6;1
22;4
95;7
105;8
2;1
30;6
55;4
94;7
93;4
107;7
71;5
89;9
6;1
73;9
28;5
81;2
91;5
56;4
88;5
35;8
7;3
104;5
97;3
63;9
51;2
29;8
95;4
83;2
103;6
2;7
111;5
7;6
91;3
8;2
103;9
73;1
98;4
3;3
95;2
86;1
31;5
69;7
87;6
35;6
55;9
37;7
82;1
36;7
87;2
105;7
87;8
74;6
44;3
73;3
39;4
31;6
59;6
114;3
32;3
44;8
28;9
14;3
11;3
13;7
27;7
74;9
30;9
55;7
88;7
59;1
51;1
67;2
101;2
58;4
84;8
64;3
13;8
97;9
70;5
63;2
78;8
14;4
33;5
12;8
37;9
26;1
92;8
61;3
84;5
94;4
55;7
7;4
27;1
11;2
67;1
69;6
65;3
33;9
95;6
75;4
79;2
96;8
43;9
38;9
114;9
15;3
114;4
96;3
10;8
89;2
55;2
30;1
101;9
67;8
77;1
33;1
53;6
53;1
99;4
58;9
24;8
86;2
81;1
98;7
60;3
108;8
71;1
5;8
38;7
77;5
20;7
39;9
87;4
85;5
63;3
91;9
82;5
75;9
13;4
1;8
47;4
32;3
107;7
95;3
30;2
103;7
54;6
68;5
70;1
40;6
63;2
98;6
98;9
45;5
71;5
106;3
80;6
108;6
27;4
76;4
67;9
80;6
12;4
64;4
39;7
111;1
56;5
7;4
109;3
86;4
10;6
33;4
3;6
60;9
62;8
58;4
13;1
66;5
93;1
66;7
83;3
109;4
64;1
87;5
17;8
91;5
31;4
93;3
67;6
73;3
109;2
10;4
112;4
13;4
86;4
66;7
103;1
30;6
107;9
60;5
106;7
73;3
12;5
101;5
41;8
18;1
84;1
10;7
33;7
28;6
19;3
35;7
47;9
49;1
15;1
58;7
62;2
71;9
49;1
46;7
59;1
18;8
81;1
17;4
111;5
61;5
61;5
3;1
42;6
34;2
90;8
59;6
40;9
52;1
50;6
97;8
54;7
16;5
70;3
4;6
98;8
75;3
72;7
77;5
12;8
93;7
65;8
23;5
94;7
58;4
38;4
90;1
109;2
107;7
57;5
65;6
43;8
70;2
105;8
103;8
108;5
40;2
114;6
28;3
16;7
78;2
75;7
112;4
111;6
42;4
25;5
25;7
58;4
41;7
30;2
3;3
32;4
27;2
8;3
15;7
64;3
29;5
27;5
39;8
104;2
71;8
11;4
111;5
86;5
3;1
57;5
3;8
2;2
32;3
111;8
29;8
88;3
43;8
101;9
25;9
9;1
79;8
51;5
42;9
66;2
84;9
52;6
73;6
36;3
87;8
8;6
83;3
9;2
36;9
70;8
22;3
66;7
100;6
44;1
30;3
7;8
51;1
6;2
50;8
99;1
89;8
89;3
90;8
6;9
53;6
94;5
78;4
42;7
69;4
55;2
47;9
58;5
108;7
7;6
58;4
56;3
97;9
37;6
64;8
82;6
113;2
95;1
94;8
106;8
99;9
1;2
23;1
51;8
67;5
58;6
71;5
102;5
2;6
7;2
68;5
32;9
6;5
10;1
108;4
52;7
46;7
87;4
23;5
84;4
55;4
48;4
5;5
90;8
112;2
38;9
9;9
9;6
62;7
63;5
22;3
112;9
56;3
17;9
11;3
104;8
26;9
101;8
15;4
56;6
48;7
87;6
35;2
109;4
9;2
62;5
38;6
111;9
75;7
60;3
6;7
38;4
77;8
57;1
111;3
101;9
104;6
90;5
70;4
29;7
26;9
87;8
63;7
65;5
78;6
56;1
93;1
107;8
110;3
51;8
27;9
98;4
80;2
5;1
35;8
100;8
40;4
39;2
114;1
100;7
110;3
112;5
102;9
19;9
82;5
12;1
29;6
58;8
96;9
41;2
102;8
57;1
50;2
64;9
105;2
29;1
73;8
103;8
108;5
80;2
49;2
64;1
41;3
62;6
20;5
100;4
20;5
112;3
68;8
99;3
111;2
25;6
91;7
81;8
10;1
23;7
38;4
56;6
85;5
114;3
46;1
66;1
8;2
80;5
75;2
79;9
83;7
92;2
47;9
52;8
14;1
3;3
13;4
38;1
6;2
53;3
96;3
89;8
21;4
106;9
41;4
76;3
65;2
22;9
10;9
89;2
67;9
3;5
110;2
55;2
35;1
28;8
95;2
5;5
19;8
56;8
93;7
13;8
30;5
76;1
29;2
27;6
12;9
26;4
57;3
94;2
15;1
3;5
58;8
73;2
78;1
57;1
97;7
59;5
48;9
17;5
4;7
23;1
73;1
109;9
101;1
56;3
35;6
52;2
40;8
112;1
97;5
7;3
106;7
3;8
113;6
46;4
113;3
56;2
15;3
51;9
9;3
19;1
19;1
69;5
80;3
33;8
75;3
58;5
12;6
104;4
102;8
2;3
55;1
19;1
64;1
27;3
79;3
40;4
105;9
2;2
100;8
108;9
96;1
11;9
17;1
97;6
21;9
97;6
29;5
2;7
64;2
46;6
74;1
44;8
26;1
17;2
94;4
12;3
14;5
83;7
66;8
106;9
85;7
82;1
108;1
67;3
46;5
30;3
3;9
3;4
32;3
108;7
69;6
24;7
53;1
21;9
108;5
85;6
14;5
21;5
26;9
107;3
3;5
67;3
20;6
30;2
78;1
10;3
58;8
104;5
104;3
42;5
99;7
85;6
71;8
65;8
67;5
42;1
95;9
69;6
39;2
38;3
10;1
109;1
75;1
13;4
106;1
63;4
52;1
83;9
112;6
1;5
52;9
17;9
9;9
14;5
72;7
46;3
5;2
101;2
53;6
44;8
28;1
96;1
95;8
85;5
39;8
49;5
96;6
51;6
52;4
77;5
1;5
5;1
17;7
40;1
31;6
95;5
49;1
54;3
70;1
76;2
71;9
58;7
14;9
63;1
44;1
52;4
81;8
107;9
49;5
12;8
5;5
105;9
26;7
109;8
111;3
83;6
8;1
64;1
79;4
60;8
2;1
108;8
100;6
35;5
67;2
63;6
91;8
109;4
90;3
53;2
113;9
45;4
53;7
70;8
46;9
44;9
17;6
23;5
12;7
37;3
49;1
107;7
112;8
18;9
88;5
79;5
50;8
96;7
12;1
89;4
113;6
112;9
70;3
95;2
96;2
113;4
91;5
10;8
51;2
111;7
54;1
66;9
31;4
107;6
108;7
51;1
36;4
38;2
20;2
40;5
111;4
44;3
69;9
83;1
72;4
1;7
5;3
103;2
31;9
109;3
92;1
13;8
94;3
13;8
62;2
33;9
24;7
80;9
19;5
55;1
87;9
39;1
58;6
27;9
33;5
11;2
73;1
98;2
27;2
54;2
78;5
26;4
15;7
40;2
71;7
13;7
66;4
36;7
102;4
88;5
49;2
19;9
85;6
22;2
55;7
75;4
11;1
101;9
11;9
4;4
45;3
98;3
90;9
16;1
88;3
85;7
76;1
56;8
52;3
39;2
66;5
65;7
88;6
78;9
10;8
71;7
54;7
91;3
11;4
31;6
57;2
76;8
113;2
112;4
90;7
98;4
6;3
25;9
95;5
4;1
61;8
65;8
63;5
2;8
110;2
84;9
50;6
101;4
56;6
4;5
107;6
23;1
73;4
89;5
19;8
52;1
13;2
105;1
50;8
103;8
23;6
63;9
76;4
11;5
18;2
53;3
55;6
96;6
85;7
96;5
59;6
103;8
109;1
111;7
57;6
3;1
76;3
77;2
20;4
52;9
85;4
51;8
20;9
32;5
112;9
59;7
59;9
44;6
106;1
35;5
95;6
30;9
74;7
58;5
98;9
37;2
94;7
68;5
37;6
103;9
40;5
27;2
111;2
50;1
90;6
102;4
36;6
78;8
29;3
17;5
17;2
81;7
64;3
107;2
40;3
88;1
64;2
39;4
57;4
3;3
20;5
18;3
103;5
76;8
51;2
84;9
1;3
61;4
42;1
107;2
42;2
85;2
82;1
105;7
92;5
99;3
112;4
100;7
101;9
42;1
96;9
93;4
15;2
80;9
49;7
74;5
20;5
43;4
31;4
113;7
26;7
69;7
97;7
31;1
45;4
55;7
58;8
109;7
10;2
15;7
108;4
47;1
47;2
56;1
18;5
112;9
102;7
51;6
90;8
24;6
76;9
102;5
4;4
109;4
81;4
42;6
12;9
38;7
110;7
36;9
13;2
83;5
24;7
56;3
77;9
15;6
5;5
55;1
4;5
86;9
11;7
39;9
85;1
48;8
56;6
1;3
58;5
47;9
3;1
108;5
32;1
97;3
39;2
52;3
104;2
82;4
64;4
74;9
30;9
49;7
91;3
113;1
46;9
35;9
69;9
109;7
9;8
78;4
52;6
86;3
59;3
70;6
98;3
97;9
57;1
46;7
100;8
93;6
90;2
76;2
102;2
16;8
90;4
57;1
27;8
13;6
112;1
114;4
4;8
26;4
44;1
11;3
98;3
19;2
103;1
92;7
18;4
97;8
79;5
2;2
95;8
109;5
9;7
97;5
1;3
38;4
93;2
57;6
17;4
20;4
55;9
94;6
95;2
114;5
16;6
49;1
114;9
105;1
40;3
2;9
16;7
46;4
39;3
102;6
7;6
57;5
58;6
37;1
33;6
75;2
64;1
33;3
47;8
110;2
58;1
64;2
85;8
40;1
40;8
88;3
58;5
17;6
43;8
68;1
102;9
25;2
4;2
10;1
109;2
59;4
7;8
31;7
52;3
18;9
100;5
14;7
52;2
90;8
78;5
7;7
46;2
11;5
92;8
79;4
30;9
47;8
9;4
52;2
79;7
72;4
10;6
101;8
62;4
78;3
35;9
83;7
94;9
10;1
113;1
27;9
28;6
81;5
32;6
69;2
73;8
44;5
63;5
90;3
20;3
5;4
73;3
61;6
57;9
91;9
60;1
93;9
83;4
54;8
44;2
43;5
70;8
63;2
67;1
29;2
31;7
85;3
1;4
108;1
51;9
1;1
28;2
19;5
41;4
6;3
84;2
59;6
84;7
3;7
8;6
7;1
42;1
29;9
97;7
19;3
62;9
36;6
3;5
90;5
80;7
48;4
10;2
102;3
36;6
39;7
96;1
9;2
30;2
98;8
2;7
84;7
64;2
30;2
33;4
35;4
4;4
112;2
51;4
64;7
112;6
65;6
49;9
14;4
111;5
16;4
22;9
109;6
23;5
43;4
74;1
26;5
48;8
50;2
65;2
12;6
109;3
66;2
55;4
93;7
73;7
103;5
8;6
63;8
18;2
53;4
20;5
48;8
79;5
39;7
71;2
98;1
91;1
59;3
58;4
16;4
25;5
91;2
53;7
82;1
53;8
59;5
73;9
92;2
9;8
3;4
99;3
102;4
65;9
72;4
104;2
74;3
4;9
103;8
99;3
99;4
69;3
11;4
23;9
15;8
72;4
18;7
47;3
68;3
31;7
85;4
75;7
73;4
22;2
72;1
106;8
39;1
28;4
5;4
32;9
34;9
51;6
29;1
5;5
87;7
101;8
20;3
33;9
68;3
63;2
36;2
37;1
84;3
90;6
34;8
26;2
101;1
23;9
91;7
110;1
37;8
11;4
42;1
28;2
104;3
38;6
1;1
9;1
94;3
61;4
89;5
52;9
46;1
73;8
108;1
72;7
28;7
94;8
24;8
53;1
45;4
47;4
25;8
10;8
69;2
54;1
5;9
84;6
44;1
63;8
71;6
47;9
77;6
9;9
93;1
114;3
46;5
44;5
20;7
55;8
87;2
107;7
108;4
41;5
69;7
36;9
18;5
36;3
20;6
19;4
23;7
69;5
75;1
12;8
46;6
11;7
60;6
8;7
106;7
101;2
62;2
90;4
100;8
63;6
78;4
5;2
63;8
114;7
65;7
30;4
101;3
32;7
58;7
3;8
33;5
101;9
75;7
70;2
94;1
75;3
32;6
101;5
66;2
99;5
102;4
101;8
96;7
43;8
26;7
47;8
85;9
5;1
63;1
95;5
75;6
21;2
79;4
93;2
106;4
110;7
41;1
99;4
96;7
77;9
79;1
18;5
31;1
87;6
78;6
72;9
26;3
34;5
39;5
109;7
94;2
30;2
69;6
53;8
2;1
49;1
101;3
10;9
39;9
103;1
101;8
61;9
29;2
65;9
91;6
64;4
107;4
41;2
62;4
34;6
68;2
103;5
98;9
75;2
47;9
88;2
41;2
106;8
53;1
114;5
81;1
75;5
62;7
39;2
3;8
62;4
33;8
86;3
91;8
10;8
17;8
34;7
65;1
107;8
93;2
90;1
102;5
17;2
57;9
60;2
69;9
27;3
55;8
20;9
3;1
63;6
48;7
79;5
76;7
99;9
77;5
92;9
107;4
32;4
34;2
81;9
19;3
66;6
72;9
69;8
41;9
97;8
42;2
3;9
112;7
33;4
90;1
88;3
79;5
46;9
105;4
81;8
32;7
104;4
91;2
78;6
85;8
101;2
53;7
73;8
43;8
27;9
36;2
87;1
73;7
31;3
48;9
91;7
23;3
99;8
43;4
88;9
96;3
85;7
92;8
65;4
58;6
59;5
50;8
51;8
81;5
35;2
8;6
90;4
16;1
57;2
104;1
51;5
77;8
82;9
95;1
80;6
25;7
29;6
109;5
47;5
60;9
45;9
59;7
113;3
114;9
70;9
97;8
18;5
35;2
18;7
88;5
26;4
96;7
93;8
54;4
11;9
42;1
2;7
71;5
37;5
19;2
88;2
75;4
83;5
111;4
93;7
80;1
11;5
40;7
18;9
80;4
41;8
98;7
71;4
28;5
45;5
105;1
40;4
105;7
22;9
42;5
39;5
28;5
36;8
33;7
109;1
88;4
26;9
20;1
60;3
18;1
15;7
99;2
58;9
22;9
32;1
109;1
1;9
101;1
52;2
4;7
90;2
88;5
102;9
102;2
33;8
52;7
38;4
50;6
18;1
55;7
29;7
6;4
81;4
67;3
74;7
88;5
101;3
63;2
93;1
58;9
113;5
88;7
42;3
103;4
78;1
85;4
82;7
73;6
85;9
86;8
69;1
57;4
30;6
8;9
2;7
114;5
73;3
77;5
90;3
64;6
33;7
4;4
20;4
9;7
99;6
105;4
12;2
65;9
16;5
49;4
44;9
18;1
76;6
43;5
47;4
21;4
10;8
84;4
4;2
76;8
57;3
97;4
1;4
43;5
60;3
86;1
30;5
64;5
28;9
78;9
64;7
105;9
63;6
111;9
101;4
23;2
15;3
110;2
36;8
6;3
2;2
82;5
39;9
81;7
43;3
39;4
33;4
48;9
79;7
65;8
85;3
98;9
113;3
15;4
2;5
97;7
13;8
57;4
52;5
92;3
25;6
15;7
34;3
24;2
56;8
67;5
47;1
85;5
57;4
110;2
60;1
6;6
8;8
61;9
92;9
33;8
76;9
86;8
34;9
83;8
108;3
95;3
85;5
31;1
76;2
109;7
85;6
39;8
35;2
25;6
80;9
113;9
76;5
83;5
72;8
111;1
78;8
112;5
63;1
51;1
32;2
55;3
19;6
89;6
45;1
97;9
20;2
113;9
98;7
58;7
114;8
97;1
47;1
9;4
104;9
114;6
96;7
2;8
90;3
86;9
111;8
31;6
72;6
108;8
72;3
64;7
102;5
66;2
74;9
50;7
111;5
67;7
96;3
48;9
114;4
19;6
23;4
58;1
52;8
98;3
55;2
19;7
90;5
100;6
28;7
95;2
8;3
8;3
58;1
96;2
1;5
84;8
49;4
57;4
9;2
104;7
38;4
19;9
91;3
20;2
33;5
80;5
92;6
13;7
101;6
40;2
49;2
40;3
26;2
11;3
49;1
27;4
6;5
12;7
5;7
16;9
2;9
10;1
28;2
89;4
10;7
68;9
84;7
99;4
107;1
92;4
51;2
30;1
99;8
76;6
82;5
76;2
70;3
45;7
10;8
66;4
111;5
66;2
40;8
44;2
41;5
53;5
92;5
7;9
81;6
85;6
42;7
85;9
51;7
104;1
70;9
13;9
58;6
5;9
24;7
73;1
9;5
36;7
11;9
114;7
94;7
16;8
81;9
17;9
27;2
22;9
60;7
3;6
84;5
20;5
114;9
47;4
111;4
1;2
25;8
25;2
97;2
57;9
54;2
35;9
70;9
113;6
114;1
54;3
113;2
69;4
95;4
93;6
29;8
52;6
71;5
32;6
66;3
80;8
88;1
89;6
28;8
38;6
19;8
5;4
107;6
88;6
28;9
66;6
105;7
5;8
41;8
33;6
57;8
21;8
84;2
99;7
89;4
54;3
62;3
67;7
51;7
56;6
54;6
49;6
91;4
53;6
92;2
87;5
41;4
19;9
55;5
62;6
75;7
48;4
6;7
90;7
24;2
21;6
98;5
108;8
26;6
4;4
77;8
68;3
94;2
17;2
8;6
24;4
113;8
88;1
21;2
47;8
31;2
93;8
7;5
62;5
108;6
23;2
44;5
105;1
39;2
25;5
111;1
20;7
52;7
92;5
14;3
62;4
41;9
34;9
94;1
5;5
106;8
17;1
23;8
61;9
24;7
18;5
21;4
33;9
63;6
40;8
26;3
22;1
104;9
98;4
55;6
35;9
59;6
33;7
23;9
101;8
37;8
34;2
8;8
39;5
56;7
53;8
60;5
64;7
80;2
55;7
4;4
101;4
7;7
16;5
30;3
50;7
45;5
86;6
71;7
27;7
14;3
110;4
48;3
37;2
85;3
7;7
40;3
101;2
111;4
82;1
57;6
17;6
35;7
86;6
78;7
4;5
30;8
69;5
15;1
41;1
1;3
57;8
78;9
1;2
25;3
35;7
40;4
45;6
78;7
84;2
26;6
59;2
83;7
9;7
109;5
63;8
70;5
73;5
5;8
109;1
24;7
67;2
29;3
71;9
23;7
96;2
90;4
20;9
2;3
8;7
72;5
80;5
105;6
21;5
87;5
105;6
34;8
94;6
31;7
23;8
87;1
21;9
101;1
86;5
76;2
58;6
32;4
17;7
86;3
40;9
71;3
27;2
29;6
67;2
63;4
25;8
75;9
103;8
64;8
29;6
29;4
114;1
40;2
110;9
98;7
94;6
74;5
108;4
110;9
73;2
47;3
97;4
114;5
27;3
57;1
83;5
37;5
53;4
3;7
59;5
19;9
76;4
43;2
113;2
62;4
3;8
42;5
33;3
24;3
82;3
70;9
78;6
43;2
1;1
48;9
89;3
2;1
36;6
61;8
21;7
45;9
92;3
4;4
34;4
88;7
108;2
37;8
11;2
92;2
95;7
56;6
89;6
64;1
53;2
96;3
10;7
60;8
59;1
99;3
103;3
100;4
21;5
41;4
52;1
110;2
57;2
66;4
90;9
108;5
36;5
9;4
107;4
107;8
87;3
72;1
28;6
69;5
15;6
3;9
83;5
24;3
45;6
3;8
113;1
55;4
79;5
69;3
93;7
3;3
13;9
7;7
54;4
64;4
37;4
67;1
49;8
22;1
94;6
97;5
99;8
113;3
61;8
52;7
98;8
109;5
11;2
93;9
87;8
62;4
1;7
46;4
37;5
36;7
87;9
70;7
62;1
31;4
64;3
104;5
71;3
99;8
106;3
31;1
54;9
71;5
100;2
16;6
102;2
85;1
79;9
71;4
24;7
6;2
30;7
6;7
111;5
66;2
87;7
91;3
35;1
45;4
89;4
102;3
81;8
44;7
106;4
42;6
74;5
59;9
15;7
47;1
96;8
84;1
78;3
54;1
66;2
51;3
68;9
46;3
87;2
36;3
84;8
47;6
81;7
24;8
50;9
25;5
114;2
66;9
13;5
57;2
46;8
35;1
92;9
57;2
32;8
46;2
3;3
8;2
17;7
73;9
75;5
60;8
104;2
82;1
78;4
25;8
104;4
65;9
87;5
41;6
77;2
59;6
23;7
42;3
16;5
64;5
17;4
77;5
42;2
10;6
12;2
49;7
98;3
22;9
108;6
40;1
103;7
42;1
39;8
5;3
51;8
54;9
55;4
33;7
73;9
78;2
66;3
65;5
80;3
31;5
37;4
64;8
68;6
14;8
12;7
18;5
26;7
81;2
2;5
23;4
106;6
23;2
104;2
60;7
110;7
46;9
103;5
65;2
80;9
43;3
32;1
109;4
54;9
87;9
26;3
110;9
1;5
97;6
95;8
41;4
27;9
48;8
32;8
103;9
22;2
91;9
24;8
9;1
49;3
41;6
30;8
40;3
38;8
52;4
16;4
58;1
48;1
98;3
90;9
71;9
40;8
55;1
47;6
1;9
54;9
54;4
42;8
113;6
76;9
10;5
76;9
24;5
78;1
75;3
25;4
109;4
17;7
100;1
111;4
13;4
70;2
37;9
86;8
5;7
73;2
84;1
100;3
84;9
51;7
6;4
7;9
68;1
83;2
77;1
17;2
85;7
102;5
89;8
45;6
18;5
74;9
80;8
33;2
15;4
99;7
105;4
52;2
31;9
62;9
70;1
67;6
15;5
28;7
98;7
2;1
58;3
112;9
96;2
110;1
108;3
22;3
87;9
73;4
87;1
69;1
82;3
62;1
101;5
23;5
34;3
98;7
46;7
71;4
1;2
21;4
114;6
3;2
77;6
23;9
90;9
13;8
54;2
53;7
76;2
52;5
68;6
83;6
84;7
22;3
55;6
13;1
96;5
103;3
16;6
42;6
5;7
104;5
5;3
22;7
10;5
91;8
110;6
28;4
22;8
70;4
66;5
39;9
24;9
75;2
3;4
107;8
28;5
104;7
63;1
26;4
76;4
12;6
15;8
65;2
93;8
73;2
4;8
13;1
29;5
17;5
28;1
7;5
47;1
76;3
55;4
12;5
43;1
7;4
85;4
2;6
113;1
41;7
8;4
98;5
87;1
77;8
54;7
58;7
87;5
32;2
25;2
65;6
112;6
52;8
35;5
56;8
74;8
92;8
93;6
113;7
91;7
76;5
80;5
55;1
3;4
7;2
96;3
56;6
54;8
107;7
4;4
46;2
10;1
73;3
26;4
18;1
65;9
85;3
61;8
76;8
16;1
50;1
100;1
72;1
86;8
99;2
80;6
71;7
98;8
90;4
40;5
30;6
86;7
11;9
86;3
16;8
58;1
106;2
11;1
76;5
59;4
98;2
62;9
58;7
48;3
78;6
25;1
64;1
88;2
53;3
12;7
29;1
98;2
48;3
78;7
69;8
107;1
97;3
61;1
3;2
108;9
63;5
61;2
27;5
76;2
26;9
71;7
82;4
110;5
47;4
70;9
18;7
105;5
96;8
113;9
82;1
56;6
66;2
8;1
24;3
41;6
35;9
109;2
82;3
67;8
72;3
86;2
43;5
104;2
5;1
2;3
102;6
94;9
86;5
84;6
84;6
71;2
38;6
28;4
31;8
98;6
110;3
69;6
72;5
59;2
110;4
106;4
75;5
80;8
84;8
26;1
43;7
46;9
9;8
4;7
107;4
90;8
7;2
101;9
18;8
97;6
85;2
87;6
34;8
114;5
91;3
79;8
71;9
59;5
111;2
20;1
80;3
105;2
75;8
35;1
19;6
3;9
55;2
66;8
7;8
9;8
27;9
52;7
1;8
1;4
38;1
32;9
35;6
75;4
110;5
41;4
108;2
8;8
104;9
1;1
94;6
45;2
70;4
108;7
63;1
10;1
92;3
39;5
98;2
68;8
36;3
70;6
18;1
7;1
51;9
22;2
65;5
23;5
14;5
102;3
82;6
34;2
107;6
17;3
102;6
32;7
53;7
71;4
102;9
101;9
38;7
73;8
85;7
12;6
12;3
21;2
72;8
79;7
40;7
6;2
71;3
38;6
9;3
84;9
19;3
21;5
78;2
5;2
56;1
50;4
58;1
34;3
18;5
99;6
91;5
80;6
4;4
66;5
98;4
5;1
23;3
5;5
100;5
59;4
39;9
66;7
43;2
62;4
60;8
100;1
68;8
22;3
18;6
81;1
42;5
53;3
68;9
8;3
71;2
43;8
53;4
33;3
37;5
78;9
87;6
104;9
22;4
7;2
42;7
114;3
16;5
78;3
99;9
112;5
73;6
83;2
76;8
17;3
96;8
100;1
75;7
66;8
112;2
46;8
69;4
23;2
84;1
66;7
9;3
17;2
66;1
93;7
110;2
4;5
51;2
90;1
79;7
95;9
39;6
84;2
77;3
5;5
61;5
105;8
92;3
59;9
96;7
75;6
3;3
34;3
74;1
14;2
96;5
7;2
46;4
90;1
92;1
54;8
86;7
111;9
108;5
43;9
69;9
53;7
3;2
59;5
19;3
95;5
2;3
88;5
82;9
13;1
84;3
18;5
59;2
113;3
86;5
61;7
47;9
88;7
54;4
28;8
21;1
82;6
19;4
92;5
47;6
80;5
101;8
77;6
71;5
9;8
77;3
31;7
97;6
75;9
36;3
92;5
6;2
18;5
82;9
8;8
12;6
68;2
72;3
61;5
84;3
54;3
47;9
33;8
14;4
98;3
40;1
48;4
22;8
111;7
33;7
77;3
9;7
29;2
99;4
10;3
96;9
47;5
45;2
23;2
64;1
52;8
49;7
112;9
37;7
104;6
109;9
69;6
103;2
72;4
26;5
15;8
88;1
60;6
108;1
5;6
58;6
57;8
71;5
110;5
34;3
68;2
65;1
75;9
10;6
49;1
90;5
23;9
74;3
83;6
95;2
53;1
52;2
49;8
103;1
105;8
3;8
16;5
88;7
92;3
49;1
97;5
26;8
106;2
79;8
106;6
38;4
74;5
72;2
54;8
69;2
18;4
22;1
5;3
4;4
49;8
93;4
96;9
21;7
40;6
30;6
41;9
29;4
95;5
50;3
9;6
85;1
53;5
17;1
22;5
48;5
92;9
6;6
41;3
55;9
46;3
93;3
17;9
68;4
61;2
37;1
40;4
84;9
101;2
15;2
48;3
62;9
101;9
56;7
33;8
102;8
30;8
69;2
68;8
57;6
70;7
83;2
59;1
22;4
25;8
101;2
106;6
100;7
64;7
10;8
64;5
11;5
96;8
1;1
12;2
52;6
66;2
44;1
51;7
25;3
27;6
40;4
86;8
82;4
20;1
73;7
7;1
4;1
34;2
66;7
28;7
65;1
64;4
7;4
112;7
51;1
70;9
58;1
101;2
13;3
108;3
30;6
112;4
97;7
104;6
92;4
96;2
11;7
43;3
85;3
56;6
50;1
12;2
75;8
74;3
20;2
26;5
42;4
12;9
28;3
58;7
12;7
76;5
40;1
75;7
22;8
54;7
70;5
78;7
72;1
62;1
16;8
69;8
90;7
104;9
2;1
34;4
37;3
33;2
56;4
105;1
111;6
48;3
98;7
52;4
27;3
74;7
37;9
58;5
60;8
43;1
80;3
74;4
102;7
2;6
30;6
56;1
56;1
62;1
10;4
97;7
62;7
48;7
112;2
32;6
39;1
64;8
69;2
52;5
41;8
55;3
48;9
46;8
13;8
38;1
42;1
11;5
66;3
102;9
18;2
67;1
100;5
11;5
103;8
30;7
59;1
44;5
69;9
17;3
103;1
58;7
57;6
81;7
7;8
47;9
4;7
76;5
71;2
78;8
8;4
78;4
70;5
34;1
58;4
36;8
73;6
59;8
66;9
6;6
101;9
104;6
75;8
68;9
65;2
17;9
31;4
54;3
9;9
50;8
85;2
47;4
99;8
91;6
74;5
32;8
62;9
92;3
72;2
89;5
73;6
96;4
75;4
45;3
92;4
72;7
19;6
31;3
72;1
76;2
80;3
50;3
114;1
91;8
71;7
1;9
112;9
74;7
7;9
51;3
20;4
85;4
21;7
102;7
100;1
41;3
82;7
106;4
69;2
48;9
81;8
109;9
9;4
108;7
112;7
82;2
83;1
85;9
36;9
40;7
60;8
56;7
107;4
30;1
59;4
36;6
15;9
74;2
61;9
91;4
40;5
82;6
112;9
7;4
57;7
21;7
7;6
19;4
52;6
10;4
73;1
16;5
50;6
37;1
96;8
84;2
65;7
6;2
90;7
76;1
49;9
103;8
18;3
70;3
33;4
100;1
101;8
24;4
17;3
63;1
34;7
7;4
73;9
98;4
105;5
18;9
41;5
79;7
36;6
8;8
45;6
74;9
13;2
15;1
92;5
41;3
33;8
31;2
85;5
6;8
72;7
51;2
61;1
43;6
76;1
110;2
78;7
2;4
103;9
72;9
56;5
18;1
104;4
37;8
39;2
10;3
87;2
20;2
106;4
90;4
108;3
46;4
40;8
11;2
107;1
63;4
90;5
45;4
97;2
87;9
112;5
22;7
80;7
80;8
100;4
109;4
65;8
65;9
101;8
103;4
48;7
109;7
89;7
7;7
88;9
54;8
58;2
56;6
81;2
109;2
3;5
34;4
70;2
101;4
58;2
71;8
55;8
33;8
103;2
7;5
48;4
26;7
54;3
104;2
113;2
4;9
95;6
98;6
64;5
101;2
44;9
112;9
73;3
3;8
74;3
92;3
101;1
7;2
106;8
28;3
51;7
114;9
95;3
113;9
21;1
59;8
95;3
81;3
11;5
103;5
100;9
45;9
114;5
108;8
42;8
42;8
78;9
11;3
32;4
18;5
72;8
97;1
101;1
67;3
29;5
4;1
99;6
101;8
84;3
5;1
33;5
112;8
90;5
103;5
108;5
111;9
42;2
40;7
53;3
59;8
101;6
72;4
15;8
26;1
90;8
55;2
6;6
91;8
40;7
100;9
42;3
33;4
99;7
41;9
59;4
88;4
9;8
38;5
27;5
105;7
102;8
106;2
20;5
76;9
110;6
96;8
26;1
91;8
69;3
13;9
52;8
99;4
56;1
5;9
48;9
38;7
77;7
111;7
92;2
33;1
108;3
20;9
49;3
78;2
62;4
91;5
102;9
65;8
86;6
62;6
65;1
7;6
73;7
31;3
45;5
69;8
93;7
101;2
62;6
55;9
53;2
6;1
65;6
77;6
89;4
50;6
110;5
96;7
17;8
13;8
114;6
48;5
31;5
62;1
65;8
40;2
68;1
103;7
60;3
1;2
50;3
102;1
74;9
1;7
97;2
25;3
34;1
51;3
50;5
103;8
60;1
3;6
43;3
40;7
108;3
56;6
82;8
50;5
15;3
102;1
29;3
90;3
114;2
11;8
19;3
69;1
89;7
28;1
92;9
79;9
16;6
89;5
69;3
68;4
33;2
22;5
99;5
16;4
50;9
99;9
2;2
110;4
89;4
18;8
91;5
83;6
10;3
107;3
56;2
88;9
67;6
55;4
94;7
106;1
16;5
67;7
84;3
48;1
92;2
17;3
54;4
109;5
42;2
80;7
47;6
4;3
50;7
33;1
64;1
104;8
31;4
106;2
37;4
39;5
98;3
88;2
66;9
83;8
91;5
96;9
114;2
23;8
45;3
71;2
8;6
112;3
4;7
29;4
106;3
53;3
62;1
32;1
25;2
108;1
108;7
114;1
39;9
74;9
39;2
98;5
101;4
51;9
24;1
47;2
100;7
53;3
97;1
7;2
66;8
69;1
109;9
2;8
63;1
35;3
3;1
114;7
23;7
105;5
93;2
75;9
56;6
24;8
27;3
62;2
41;2
84;6
34;1
57;5
61;6
30;4
103;4
89;4
22;1
51;4
35;5
80;9
7;9
70;7
64;4
97;2
52;8
64;9
114;6
109;9
23;1
84;1
29;6
18;9
1;1
92;9
49;7
114;9
46;8
51;5
47;8
97;1
15;6
23;5
103;7
91;8
35;9
50;4
24;2
47;9
48;2
67;7
41;5
21;8
13;8
60;2
64;3
76;8
62;6
44;6
32;3
94;5
76;9
84;5
5;6
16;1
88;3
109;9
42;7
37;3
30;8
5;9
41;9
24;5
69;9
29;4
15;8
22;5
37;1
4;5
96;1
106;1
96;5
103;4
59;3
14;2
21;1
67;9
69;4
97;8
28;4
98;4
1;4
38;3
96;6
50;5
23;2
42;5
108;4
2;2
84;8
63;7
31;9
8;3
18;9
96;2
104;9
81;5
15;2
58;9
38;9
46;3
102;2
32;4
109;4
47;4
25;1
88;5
29;9
23;1
38;1
30;1
5;8
86;2
39;3
59;2
89;1
69;9
69;8
42;8
80;9
41;6
16;5
88;6
104;5
91;7
48;6
89;7
32;7
100;2
58;5
44;6
44;9
68;2
102;1
111;3
78;3
62;9
110;3
6;6
3;9
113;6
47;7
79;5
112;5
24;5
103;6
27;8
95;9
109;8
92;6
68;4
53;6
55;8
74;7
57;8
89;6
54;8
101;5
30;6
51;4
82;1
75;3
48;1
23;8
16;7
46;3
61;3
3;2
23;3
17;5
68;5
29;1
33;5
91;4
114;7
114;6
37;6
32;2
8;7
48;9
84;6
102;3
108;4
57;5
19;8
10;2
30;6
26;9
9;1
48;5
12;9
69;3
20;9
87;2
75;8
72;8
6;1
9;7
41;9
64;6
10;1
16;6
89;1
103;4
22;8
26;9
32;5
35;7
62;7
25;2
7;1
13;2
99;4
53;4
59;4
44;9
4;1
27;5
6;1
32;8
63;1
39;2
18;2
51;2
81;4
35;4
56;4
111;7
104;7
59;9
55;9
23;2
29;1
47;3
86;5
109;8
18;1
50;4
62;9
4;9
34;1
4;4
97;7
111;4
9;4
11;8
35;3
4;3
47;5
101;3
63;6
19;5
21;3
97;5
72;8
30;9
26;3
105;8
53;9
15;8
49;3
88;8
101;3
92;2
65;3
70;5
17;6
48;7
92;8
84;1
34;6
88;1
14;6
67;8
110;2
85;2
75;3
105;5
105;4
80;1
110;9
46;6
14;2
13;2
58;4
88;1
82;3
31;7
5;5
113;9
36;5
99;8
36;3
11;5
62;6
17;9
86;2
32;8
32;5
110;3
12;3
29;4
79;3
100;4
54;5
99;9
26;1
30;6
35;8
31;8
21;6
96;4
65;4
16;4
2;6
67;8
92;9
102;5
104;3
3;4
86;6
103;7
31;8
59;9
98;2
19;4
10;6
3;3
21;7
109;2
8;6
107;9
71;2
45;3
99;4
19;8
101;5
58;1
5;9
72;3
82;3
44;6
108;3
29;4
97;4
87;7
2;8
59;7
106;6
7;5
52;2
106;1
49;2
102;7
39;2
94;4
50;2
46;3
12;1
69;8
100;3
22;9
49;5
1;5
41;7
102;7
14;2
111;4
74;9
81;7
60;1
106;8
74;1
1;5
52;6
7;1
104;6
112;7
57;9
108;5
111;5
86;8
51;8
63;1
9;8
100;5
103;2
22;3
111;2
92;3
